frame,track_id,class_name,confidence,x1,y1,x2,y2,pixel_speed_px_per_frame
1,1,bus,0.7431,1465,188,1766,671,0.0
1,2,car,0.6958,462,169,532,261,0.0
1,3,car,0.6746,492,133,552,178,0.0
1,4,bus,0.6253,1074,23,1168,142,0.0
1,5,bus,0.6022,1,537,378,1064,0.0
1,6,car,0.5855,634,127,715,193,0.0
1,7,bus,0.4362,386,97,479,178,0.0
1,8,truck,0.4185,325,120,419,223,0.0
1,9,bus,0.293,323,119,420,231,0.0
1,10,truck,0.2812,388,99,478,179,0.0
2,1,bus,0.7868,1465,191,1764,671,2.236
2,2,car,0.7459,466,175,531,260,2.236
2,3,car,0.6838,490,133,551,179,2.236
2,4,bus,0.7458,1074,26,1167,143,2.236
2,5,bus,0.6052,3,532,384,1064,4.472
2,6,car,0.6009,634,127,714,192,1.0
2,7,bus,0.4844,387,97,477,176,1.0
2,9,bus,0.4833,324,119,419,229,1.0
3,1,bus,0.7155,1465,192,1765,673,1.5
3,2,car,0.6938,460,163,533,259,2.062
3,3,car,0.6694,491,133,551,178,0.5
3,4,bus,0.5856,1072,25,1166,144,1.414
3,5,bus,0.4953,1,521,390,1064,5.0
3,6,car,0.5578,634,126,715,192,0.5
3,7,bus,0.6167,386,97,480,179,0.707
3,9,bus,0.5666,324,119,418,228,1.0
4,1,bus,0.793,1464,193,1767,680,2.333
4,2,car,0.6494,457,160,532,259,2.236
4,3,car,0.6515,491,133,551,178,0.333
4,4,bus,0.6441,1072,24,1167,144,0.943
4,5,bus,0.5614,2,517,394,1065,4.243
4,6,car,0.5603,634,126,715,192,0.333
4,7,bus,0.5195,387,97,480,179,0.471
4,9,bus,0.4624,323,119,418,228,0.745
5,1,bus,0.7887,1464,193,1770,684,2.305
5,2,car,0.6485,458,161,533,259,1.346
5,3,car,0.694,491,133,552,178,0.25
5,4,bus,0.4767,1073,25,1166,143,0.707
5,5,bus,0.4649,3,513,398,1064,4.07
5,6,car,0.581,634,126,714,192,0.25
5,7,bus,0.5006,386,97,479,179,0.25
5,9,bus,0.3491,322,119,417,229,0.559
6,1,bus,0.7708,1465,195,1772,686,2.462
6,2,car,0.6488,462,170,530,259,0.901
6,3,car,0.6979,490,133,551,179,0.0
6,5,bus,0.4749,4,509,402,1064,3.905
6,6,car,0.553,634,126,714,191,0.25
6,7,bus,0.5272,386,96,479,177,0.0
6,9,bus,0.3513,313,118,411,230,2.25
7,1,bus,0.778,1467,195,1775,688,2.704
7,2,car,0.6564,465,181,526,259,2.264
7,3,car,0.6854,491,133,551,178,0.0
7,6,car,0.5697,634,127,714,192,0.0
7,7,bus,0.4963,386,96,480,179,0.25
7,9,bus,0.5138,314,119,412,230,2.016
8,1,bus,0.8217,1468,196,1777,690,2.475
8,2,car,0.6624,469,189,525,259,3.824
8,3,car,0.6671,491,132,552,177,0.25
8,6,car,0.526,634,126,713,190,0.354
8,7,bus,0.6178,385,97,481,181,0.25
8,9,bus,0.5354,314,119,412,230,1.768
8,5,bus,0.3502,4,500,409,1064,2.973
9,1,bus,0.8278,1468,196,1778,691,1.953
9,2,car,0.6833,470,192,524,259,3.783
9,3,car,0.6874,490,132,551,178,0.25
9,6,car,0.5287,634,126,714,191,0.25
9,7,bus,0.6439,385,97,482,183,0.559
9,9,bus,0.5316,299,119,401,230,4.75
9,5,bus,0.3301,4,495,413,1063,3.124
10,1,bus,0.7636,1468,196,1780,694,1.953
10,2,car,0.6752,470,193,523,258,2.75
10,3,car,0.6883,490,132,551,178,0.25
10,6,car,0.5144,634,126,714,191,0.0
10,7,bus,0.5903,386,97,481,182,0.791
10,9,bus,0.4838,297,118,402,231,3.25
10,5,bus,0.3209,5,489,417,1061,3.406
10,4,bus,0.2776,1078,26,1168,140,0.395
11,1,bus,0.7691,1467,196,1780,696,1.346
11,2,car,0.6232,471,194,524,256,1.346
11,3,car,0.6512,491,133,551,178,0.0
11,6,car,0.5112,634,126,713,190,0.354
11,7,bus,0.4592,388,99,479,180,0.5
11,9,bus,0.6119,305,115,410,228,1.677
11,5,bus,0.3467,4,483,421,1061,3.329
11,4,bus,0.3759,1077,26,1168,141,0.395
12,1,bus,0.6806,1467,197,1782,699,1.346
12,2,car,0.6211,470,192,525,256,0.0
12,3,car,0.6461,491,133,551,178,0.25
12,6,car,0.5133,633,126,711,189,0.354
12,7,bus,0.5676,389,99,477,177,0.25
12,9,bus,0.6287,306,115,412,228,1.25
12,5,bus,0.4601,3,478,424,1061,3.691
12,4,bus,0.4011,1077,26,1169,142,0.5
13,1,bus,0.7865,1466,197,1782,701,1.521
13,2,car,0.6203,461,172,532,255,3.01
13,3,car,0.6297,491,133,551,178,0.25
13,6,car,0.4813,632,126,712,191,0.5
13,7,bus,0.6184,389,98,479,178,0.559
13,9,bus,0.606,305,115,410,227,1.904
13,5,bus,0.5176,2,472,428,1061,3.691
13,4,truck,0.2867,1077,26,1169,141,0.515
14,1,bus,0.8647,1465,197,1783,704,1.25
14,2,car,0.6144,458,165,534,255,3.75
14,3,car,0.6744,491,133,551,178,0.25
14,6,car,0.4685,632,125,712,191,0.5
14,7,bus,0.6444,387,97,481,180,0.354
14,9,bus,0.7359,308,113,413,224,3.132
14,5,bus,0.3024,2,467,433,1063,2.915
14,4,truck,0.2764,1077,27,1168,141,0.354
15,1,bus,0.8684,1465,197,1783,706,1.275
15,2,car,0.6335,456,162,534,255,4.279
15,3,car,0.6852,491,133,551,178,0.0
15,6,car,0.4459,631,125,711,191,0.5
15,7,bus,0.6376,387,98,482,183,0.354
15,9,bus,0.7092,309,114,411,223,1.061
15,4,truck,0.2622,1078,27,1168,140,0.25
16,1,bus,0.8759,1465,197,1784,707,1.0
16,2,car,0.6385,455,160,534,254,4.316
16,3,car,0.6882,491,133,552,178,0.0
16,6,car,0.455,632,125,712,191,0.25
16,7,bus,0.664,387,98,482,184,0.791
16,9,bus,0.7086,309,114,411,221,1.031
16,5,bus,0.3588,3,458,441,1063,3.124
17,1,bus,0.8922,1465,198,1786,711,1.275
17,2,car,0.6265,456,160,534,254,1.521
17,3,car,0.6842,490,133,551,178,0.25
17,6,car,0.414,631,125,710,191,0.5
17,7,bus,0.5668,387,98,479,181,0.354
17,9,bus,0.6302,308,113,409,219,1.275
17,5,bus,0.4446,3,454,444,1063,2.973
18,1,bus,0.8863,1465,199,1788,716,1.82
18,2,car,0.6131,456,160,533,254,0.901
18,3,car,0.6679,490,133,551,178,0.25
18,6,car,0.4204,632,126,710,191,0.25
18,7,bus,0.592,387,98,480,182,0.559
18,9,bus,0.5777,308,113,409,219,0.707
18,5,bus,0.2775,3,449,449,1065,2.843
19,1,bus,0.834,1464,199,1789,720,2.062
19,2,car,0.6031,456,161,533,254,0.354
19,3,car,0.6864,490,133,551,178,0.25
19,6,car,0.4177,632,125,710,190,0.25
19,7,bus,0.645,387,98,480,182,0.25
19,9,bus,0.6999,308,113,408,218,0.901
19,5,bus,0.5318,4,445,453,1063,3.111
20,1,bus,0.8876,1464,199,1791,723,2.372
20,2,car,0.6181,456,161,532,254,0.0
20,3,car,0.6751,490,133,551,178,0.25
20,6,car,0.3949,631,125,709,190,0.559
20,7,bus,0.6596,388,98,481,183,0.25
20,9,bus,0.7165,305,110,407,216,1.414
20,5,bus,0.3393,3,441,456,1065,2.475
21,1,bus,0.9005,1464,200,1793,727,2.372
21,2,car,0.6162,456,161,531,254,0.5
21,3,car,0.6871,490,133,551,178,0.0
21,6,car,0.3999,631,125,709,189,0.25
21,7,bus,0.6498,389,98,481,183,0.559
21,9,bus,0.6933,304,109,407,216,1.25
21,5,bus,0.2609,4,438,461,1066,2.704
22,1,bus,0.9035,1464,201,1794,731,2.372
22,2,car,0.6278,457,162,532,254,0.25
22,3,car,0.696,490,133,551,178,0.0
22,6,car,0.4252,631,124,709,188,0.559
22,7,bus,0.6493,389,98,480,182,0.25
22,9,bus,0.6974,303,108,406,216,1.414
22,5,bus,0.4964,3,433,465,1067,2.658
23,1,bus,0.9013,1465,202,1796,734,2.462
23,2,car,0.6247,458,162,532,253,0.25
23,3,car,0.7098,490,132,551,177,0.25
23,6,car,0.4146,631,125,709,189,0.25
23,7,bus,0.6411,389,97,480,181,0.354
23,9,bus,0.6409,298,107,403,216,2.236
23,5,bus,0.4288,4,430,470,1068,2.574
24,1,bus,0.9107,1465,203,1796,736,2.136
24,2,car,0.625,458,162,531,252,0.0
24,3,car,0.6945,490,132,551,177,0.25
24,6,car,0.4207,630,125,708,189,0.25
24,7,bus,0.6933,389,97,479,181,0.25
24,9,bus,0.6889,296,106,402,217,1.82
24,5,bus,0.6335,3,426,471,1066,2.658
25,1,bus,0.92,1465,203,1798,740,2.136
25,2,car,0.6427,458,161,531,251,0.354
25,3,car,0.6826,490,133,551,178,0.0
25,6,car,0.4158,630,125,708,189,0.25
25,7,bus,0.7385,389,97,479,180,0.559
25,9,bus,0.7217,294,105,401,216,2.062
25,5,bus,0.6544,3,423,472,1064,2.574
26,1,bus,0.9198,1466,203,1801,744,2.016
26,2,car,0.6173,457,160,530,251,0.791
26,3,car,0.7305,490,133,551,178,0.0
26,6,car,0.4722,631,124,708,188,0.25
26,7,bus,0.7136,389,98,479,181,0.25
26,9,bus,0.7313,292,105,399,215,2.305
26,5,bus,0.6751,3,421,474,1064,2.236
26,4,truck,0.2801,1080,27,1170,141,0.143
27,1,bus,0.9192,1466,204,1802,748,2.236
27,2,car,0.6348,456,159,530,250,0.901
27,3,car,0.7299,490,133,551,177,0.25
27,6,car,0.4614,631,123,709,187,0.5
27,7,bus,0.7629,389,98,478,181,0.25
27,9,bus,0.7165,290,105,397,216,1.768
27,5,bus,0.8198,2,418,476,1065,2.062
27,4,truck,0.2612,1080,28,1169,142,0.16
28,1,bus,0.9284,1466,204,1803,751,2.236
28,2,car,0.6254,457,159,531,250,0.75
28,3,car,0.7108,490,133,551,178,0.25
28,6,car,0.449,630,123,708,187,0.5
28,7,bus,0.7323,390,98,477,178,0.354
28,9,bus,0.7445,289,105,396,215,1.768
28,5,bus,0.7821,1,413,478,1063,2.062
28,4,bus,0.2747,1081,27,1171,141,0.286
29,1,bus,0.9234,1467,205,1804,753,2.236
29,2,car,0.653,456,160,530,251,0.354
29,3,car,0.7276,490,133,551,177,0.0
29,6,car,0.4351,630,123,708,187,0.5
29,7,bus,0.7521,389,98,476,179,0.5
29,9,bus,0.6453,287,105,394,214,1.768
29,5,bus,0.8517,1,410,480,1063,1.904
29,4,bus,0.2753,1081,27,1171,141,0.226
29,21,person,0.361,1462,193,1492,268,0.0
30,1,bus,0.916,1467,206,1805,756,2.136
30,2,car,0.6515,457,160,531,251,0.25
30,3,car,0.7294,490,133,551,177,0.0
30,6,car,0.4266,630,123,709,187,0.25
30,7,bus,0.7771,389,98,477,179,0.354
30,9,bus,0.6092,285,105,393,215,1.5
30,5,bus,0.8509,0,406,481,1063,2.062
30,4,bus,0.3777,1081,27,1171,141,0.25
30,21,person,0.3414,1462,193,1492,268,0.0
31,1,bus,0.9255,1468,207,1806,759,1.904
31,2,car,0.6474,456,160,530,251,0.25
31,3,car,0.7301,490,133,551,178,0.0
31,6,car,0.4399,630,123,708,187,0.25
31,7,bus,0.7531,388,98,477,180,0.25
31,9,bus,0.6469,283,103,392,213,1.581
31,5,bus,0.5295,0,403,486,1066,2.016
31,4,bus,0.3382,1081,27,1170,141,0.354
31,21,person,0.3417,1461,193,1491,269,0.707
32,1,bus,0.9226,1470,208,1808,761,2.151
32,2,car,0.6424,457,160,531,250,0.25
32,3,car,0.7376,490,133,552,178,0.25
32,6,car,0.4274,629,123,707,187,0.25
32,7,bus,0.7101,388,98,477,181,0.354
32,9,bus,0.6048,282,104,390,213,1.581
32,5,bus,0.7125,0,400,486,1063,2.016
32,21,person,0.3804,1461,193,1492,270,0.471
33,1,bus,0.9148,1471,209,1810,766,2.358
33,2,car,0.6602,458,161,531,250,0.25
33,3,car,0.7462,490,133,552,178,0.25
33,6,car,0.3932,629,123,707,187,0.25
33,7,bus,0.6614,388,97,477,179,0.0
33,9,bus,0.602,281,103,390,213,1.275
33,5,bus,0.6997,0,397,487,1062,1.904
33,21,person,0.4265,1461,192,1492,270,0.354
34,1,bus,0.9121,1471,208,1812,769,2.151
34,2,car,0.6719,459,162,531,250,0.354
34,3,car,0.752,490,133,552,178,0.25
34,6,car,0.3588,627,124,705,188,0.791
34,7,bus,0.6719,388,97,476,179,0.25
34,9,bus,0.5468,279,103,389,212,1.458
34,5,bus,0.4224,0,396,489,1063,1.601
34,21,person,0.3896,1460,192,1491,270,0.559
35,1,bus,0.9043,1470,206,1813,773,1.803
35,2,car,0.6706,459,162,531,250,0.559
35,3,car,0.7286,490,133,552,178,0.25
35,6,car,0.4036,626,124,704,188,1.031
35,7,bus,0.6191,387,98,476,180,0.25
35,9,bus,0.4759,277,102,388,213,1.275
35,5,bus,0.3547,0,391,494,1067,1.601
35,21,person,0.3661,1460,192,1491,271,0.25
36,1,bus,0.9099,1470,207,1815,779,2.372
36,2,car,0.6791,459,162,531,250,0.354
36,3,car,0.7334,489,133,551,178,0.25
36,6,car,0.4221,626,124,704,188,0.791
36,7,bus,0.6701,386,97,476,180,0.354
36,9,bus,0.3543,278,101,389,211,0.901
36,5,bus,0.5328,0,387,496,1066,1.768
36,21,person,0.4055,1459,191,1490,270,0.559
37,1,bus,0.8859,1468,206,1814,782,1.768
37,2,car,0.6904,460,162,531,249,0.25
37,3,car,0.7371,489,133,551,178,0.25
37,6,car,0.5106,626,124,705,188,0.791
37,7,bus,0.6698,386,97,476,180,0.25
37,9,bus,0.3104,280,101,384,204,1.677
37,5,bus,0.5333,1,384,499,1063,2.305
37,21,person,0.4338,1459,190,1491,270,0.354
38,1,bus,0.8988,1469,207,1816,786,2.016
38,2,car,0.6909,460,162,531,249,0.25
38,3,car,0.7403,489,133,551,178,0.25
38,6,car,0.5602,626,124,705,189,0.25
38,7,bus,0.7022,386,97,475,179,0.5
38,9,bus,0.4432,277,100,384,206,1.414
38,5,bus,0.5746,1,379,502,1063,2.658
38,21,person,0.3958,1458,190,1489,270,0.559
39,1,bus,0.8911,1473,210,1819,789,2.795
39,2,car,0.6982,460,162,531,249,0.25
39,3,car,0.7264,489,133,552,178,0.25
39,6,car,0.5762,626,125,705,189,0.25
39,7,bus,0.7365,386,97,475,179,0.354
39,9,bus,0.5621,276,100,385,207,1.118
39,5,bus,0.6448,1,376,505,1063,2.915
39,21,person,0.4481,1458,189,1489,269,0.707
40,1,bus,0.9029,1475,212,1821,793,2.704
40,2,car,0.6837,460,162,531,248,0.25
40,3,car,0.7328,489,133,552,178,0.0
40,6,car,0.5769,626,125,705,189,0.25
40,7,bus,0.6901,386,97,475,179,0.25
40,9,bus,0.5368,272,100,383,208,1.581
40,5,bus,0.7474,1,373,506,1062,2.574
40,21,person,0.457,1457,189,1488,268,0.707
41,1,bus,0.9043,1476,211,1823,795,3.01
41,2,car,0.6864,460,162,530,248,0.0
41,3,car,0.7477,489,133,552,178,0.0
41,6,car,0.565,626,125,705,189,0.25
41,7,bus,0.7425,386,97,476,180,0.0
41,9,bus,0.6189,267,100,380,209,2.305
41,5,bus,0.6527,1,370,508,1061,2.236
41,21,person,0.3652,1457,190,1487,268,0.791
42,1,bus,0.9039,1475,210,1823,799,2.658
42,2,car,0.6941,460,162,530,247,0.25
42,3,car,0.7494,488,133,551,178,0.25
42,6,car,0.5611,626,125,705,189,0.25
42,7,bus,0.7584,386,97,477,180,0.25
42,9,bus,0.6298,265,100,379,209,2.016
42,5,bus,0.6159,0,364,511,1064,2.016
42,21,person,0.3586,1457,190,1487,267,0.559
43,1,bus,0.912,1477,213,1824,802,2.236
43,2,car,0.6777,460,162,530,247,0.25
43,3,car,0.7468,489,133,552,178,0.0
43,6,car,0.5464,626,125,705,189,0.0
43,7,bus,0.7088,386,97,477,180,0.25
43,9,bus,0.5493,261,100,375,208,3.01
43,5,bus,0.7286,0,362,512,1063,1.904
43,21,person,0.3633,1456,189,1487,267,0.559
44,1,bus,0.9021,1480,219,1826,807,3.021
44,2,car,0.6355,460,162,530,247,0.25
44,3,car,0.7367,488,133,551,178,0.25
44,6,car,0.4917,626,125,705,188,0.25
44,7,bus,0.7622,385,97,476,180,0.0
44,9,bus,0.6018,263,100,376,206,2.016
44,5,bus,0.7901,0,360,513,1064,1.458
44,21,person,0.4345,1455,189,1486,266,0.559
45,1,bus,0.905,1480,222,1826,812,3.64
45,2,car,0.6248,459,162,529,247,0.354
45,3,car,0.739,488,133,551,178,0.25
45,6,car,0.4677,626,125,705,188,0.25
45,7,bus,0.698,385,97,476,180,0.25
45,9,bus,0.5582,262,101,375,207,1.25
45,5,bus,0.7265,0,358,514,1063,1.458
45,21,person,0.4417,1455,189,1486,267,0.559
46,1,bus,0.9155,1481,224,1828,816,4.191
46,2,car,0.6071,459,161,529,246,0.354
46,3,car,0.7209,488,133,551,178,0.0
46,6,car,0.4605,627,126,705,189,0.25
46,7,bus,0.7097,385,97,475,179,0.25
46,9,bus,0.6189,260,101,373,206,1.521
46,5,bus,0.823,0,356,515,1063,1.346
46,21,person,0.4613,1455,189,1485,267,0.5
47,1,bus,0.9189,1483,227,1831,822,4.596
47,2,car,0.6392,458,161,529,247,0.5
47,3,car,0.7122,488,132,552,178,0.0
47,6,car,0.4538,627,126,705,188,0.25
47,7,bus,0.6726,385,97,475,179,0.25
47,9,bus,0.5658,259,102,370,203,1.118
47,5,bus,0.8468,0,353,517,1063,1.118
47,21,person,0.4555,1455,189,1485,266,0.354
47,4,truck,0.2523,1080,28,1169,141,0.105
48,1,bus,0.9168,1483,228,1832,825,3.4
48,2,car,0.6383,458,160,529,247,0.559
48,3,car,0.7065,488,132,552,178,0.25
48,6,car,0.4486,626,126,704,188,0.25
48,7,bus,0.7176,385,98,475,179,0.0
48,9,bus,0.721,255,102,369,205,1.75
48,5,bus,0.7634,0,352,519,1064,1.25
48,21,person,0.4861,1454,189,1485,268,0.354
49,1,bus,0.9226,1486,230,1837,829,3.606
49,2,car,0.627,457,160,529,247,0.354
49,3,car,0.7564,488,133,552,178,0.25
49,6,car,0.5257,626,126,705,188,0.25
49,7,bus,0.6927,385,97,475,178,0.25
49,9,bus,0.6732,253,101,368,204,2.062
49,5,bus,0.8296,0,350,520,1064,1.061
49,21,person,0.444,1454,189,1484,267,0.25
50,1,bus,0.9361,1486,230,1838,834,3.606
50,2,car,0.627,457,160,529,247,0.25
50,3,car,0.7215,488,133,552,179,0.354
50,6,car,0.5499,626,126,705,188,0.25
50,7,bus,0.6714,385,97,475,178,0.25
50,9,bus,0.7001,250,102,365,204,2.25
50,5,bus,0.7172,0,347,522,1064,1.414
50,21,person,0.4464,1452,188,1482,267,0.791
51,1,bus,0.9397,1485,232,1839,840,3.25
51,2,car,0.6192,457,160,529,247,0.25
51,3,car,0.724,488,133,552,179,0.25
51,6,car,0.5601,625,127,704,189,0.559
51,7,bus,0.6245,385,97,476,178,0.25
51,9,bus,0.6261,248,103,363,203,2.264
51,5,truck,0.4997,0,345,524,1067,1.118
51,21,person,0.3972,1453,188,1483,264,0.559
52,1,bus,0.9314,1485,232,1841,844,3.354
52,2,car,0.5991,457,160,529,247,0.0
52,3,car,0.7321,488,133,552,179,0.25
52,6,car,0.5705,625,126,705,188,0.0
52,7,bus,0.5614,385,97,476,178,0.25
52,9,bus,0.5195,246,103,363,204,2.0
52,5,bus,0.5598,0,341,524,1065,1.458
52,21,person,0.4255,1453,188,1482,263,0.901
52,28,truck,0.4669,0,341,522,1064,0.0
53,1,bus,0.9194,1487,234,1844,848,3.162
53,2,car,0.6207,457,160,529,247,0.0
53,3,car,0.7276,488,132,552,178,0.0
53,6,car,0.5451,625,126,705,188,0.0
53,7,bus,0.602,385,97,476,178,0.0
53,9,bus,0.4591,245,104,361,202,1.768
53,5,bus,0.6124,0,338,527,1067,1.458
53,21,person,0.4228,1453,188,1483,267,0.354
53,28,truck,0.5212,0,339,525,1066,1.0
54,1,bus,0.9235,1488,233,1847,851,2.795
54,2,car,0.6071,457,160,529,246,0.0
54,3,car,0.6972,488,132,552,178,0.25
54,6,car,0.5516,625,126,705,188,0.0
54,7,bus,0.6148,385,97,476,178,0.0
54,9,bus,0.4415,241,103,359,201,1.768
54,21,person,0.4296,1453,188,1483,266,0.25
55,1,bus,0.92,1488,236,1848,857,2.915
55,2,car,0.6331,457,160,529,246,0.0
55,3,car,0.697,488,132,552,178,0.25
55,6,car,0.5438,625,126,705,189,0.354
55,7,bus,0.612,385,97,477,178,0.25
55,9,bus,0.5143,239,106,357,203,1.768
55,21,person,0.3749,1453,188,1483,266,0.25
55,5,truck,0.6246,0,333,529,1066,1.342
56,1,bus,0.9382,1487,237,1850,863,3.25
56,2,car,0.6182,457,160,529,246,0.0
56,3,car,0.706,488,133,552,179,0.0
56,6,car,0.5354,625,126,705,189,0.0
56,7,bus,0.6283,385,97,476,178,0.0
56,9,bus,0.5097,237,104,358,202,1.75
56,21,person,0.4285,1453,188,1483,268,0.791
56,5,bus,0.6753,0,330,532,1067,1.789
56,4,truck,0.2818,1079,30,1166,142,0.166
57,1,bus,0.9311,1488,238,1853,869,3.25
57,2,car,0.6168,457,160,529,246,0.0
57,3,car,0.6959,488,133,552,179,0.25
57,6,car,0.5336,624,126,704,188,0.25
57,7,bus,0.6249,385,97,476,178,0.0
57,9,bus,0.3897,233,104,356,202,2.25
57,21,person,0.3498,1453,188,1483,268,0.25
57,5,bus,0.7465,0,327,534,1066,1.72
58,1,bus,0.9254,1487,240,1855,877,4.123
58,2,car,0.626,457,160,529,245,0.25
58,3,car,0.6665,488,133,552,179,0.25
58,6,car,0.4914,624,126,704,189,0.25
58,7,bus,0.6096,385,97,476,177,0.0
58,9,bus,0.4181,232,103,356,200,1.521
58,21,person,0.3186,1454,189,1483,266,0.0
58,5,bus,0.7872,0,325,536,1067,1.562
58,4,truck,0.2809,1079,30,1166,143,0.16
59,1,bus,0.9218,1487,241,1858,884,4.123
59,2,car,0.6544,457,159,529,245,0.25
59,3,car,0.6712,488,133,552,179,0.25
59,6,car,0.5065,624,125,705,188,0.354
59,7,bus,0.6512,385,97,477,178,0.0
59,9,bus,0.411,232,105,354,199,1.346
59,21,person,0.4356,1454,188,1484,267,0.25
59,5,bus,0.7758,0,323,536,1065,1.601
59,4,truck,0.3079,1079,29,1166,142,0.113
60,1,bus,0.9167,1486,240,1859,889,3.64
60,2,car,0.6468,458,159,530,245,0.354
60,3,car,0.6603,489,133,553,179,0.25
60,6,car,0.5196,624,126,704,188,0.25
60,7,bus,0.6567,385,97,477,178,0.25
60,9,bus,0.4393,226,104,351,199,2.305
60,21,person,0.3714,1454,188,1484,267,0.354
60,5,bus,0.8834,0,321,537,1066,1.346
60,4,truck,0.2943,1079,29,1166,142,0.172
61,1,bus,0.9338,1486,242,1860,892,3.579
61,2,car,0.6527,458,159,530,244,0.559
61,3,car,0.6726,489,133,553,179,0.25
61,6,car,0.52,625,126,705,188,0.25
61,7,bus,0.643,386,97,478,178,0.5
61,9,bus,0.5539,222,104,349,199,2.305
61,21,person,0.38,1454,188,1484,268,0.25
61,5,bus,0.7016,0,317,539,1067,1.118
61,4,truck,0.2978,1079,30,1165,143,0.0
62,1,bus,0.9319,1488,244,1863,896,3.162
62,2,car,0.657,458,159,530,245,0.25
62,3,car,0.6538,490,133,553,179,0.25
62,6,car,0.4402,625,127,704,189,0.25
62,7,bus,0.689,385,97,477,178,0.25
62,9,bus,0.5447,218,103,346,198,3.01
62,21,person,0.374,1453,189,1483,268,0.25
62,5,bus,0.8755,0,315,541,1066,1.581
62,4,truck,0.2971,1079,30,1165,143,0.0
63,1,bus,0.9187,1490,244,1867,900,2.915
63,2,car,0.6336,458,159,530,244,0.354
63,3,car,0.6752,489,132,553,178,0.354
63,6,car,0.4327,625,127,704,189,0.5
63,7,bus,0.6493,385,97,477,178,0.0
63,9,bus,0.3555,215,102,343,196,3.579
63,21,person,0.3329,1453,189,1483,268,0.354
63,5,bus,0.7583,0,313,541,1067,1.118
63,4,truck,0.3021,1080,29,1167,143,0.354
64,1,bus,0.9152,1489,246,1867,905,3.132
64,2,car,0.6385,458,159,530,244,0.25
64,3,car,0.6491,489,132,552,178,0.354
64,6,car,0.4174,624,127,703,188,0.25
64,7,bus,0.6956,385,97,477,178,0.0
64,9,bus,0.3701,211,102,341,197,3.041
64,21,person,0.2838,1453,190,1482,267,0.559
64,5,bus,0.8514,0,310,544,1068,1.414
64,4,truck,0.292,1080,29,1166,143,0.354
65,1,bus,0.9134,1491,247,1871,909,3.4
65,2,car,0.6414,458,159,530,244,0.0
65,3,car,0.647,488,133,551,179,0.5
65,6,car,0.4281,624,127,703,189,0.559
65,7,bus,0.6553,386,96,478,177,0.25
65,9,bus,0.3272,209,103,341,198,2.512
65,21,person,0.3226,1453,190,1482,267,0.5
65,5,bus,0.8105,0,307,544,1068,1.458
65,4,truck,0.329,1080,29,1166,143,0.25
66,1,bus,0.929,1491,248,1873,915,3.26
66,2,car,0.6487,458,159,530,244,0.25
66,3,car,0.6389,488,133,551,179,0.5
66,6,car,0.4257,624,126,703,187,0.559
66,7,bus,0.7384,385,96,477,177,0.25
66,9,bus,0.3892,207,104,341,200,2.062
66,21,person,0.2779,1453,190,1482,265,0.354
66,5,bus,0.9197,0,306,545,1068,0.901
66,4,truck,0.3155,1080,29,1165,142,0.25
66,36,bus,0.4288,271,105,348,191,0.0
67,1,bus,0.931,1492,249,1876,920,3.354
67,2,car,0.6373,458,159,530,244,0.0
67,3,car,0.64,488,133,551,179,0.559
67,6,car,0.4204,624,126,703,187,0.559
67,7,bus,0.7166,386,96,478,177,0.354
67,21,person,0.2759,1454,190,1482,264,0.25
67,5,bus,0.8646,0,303,546,1066,1.677
67,4,truck,0.2927,1080,29,1166,143,0.0
67,36,bus,0.4955,272,106,347,189,1.0
68,1,bus,0.9135,1492,251,1878,926,3.691
68,2,car,0.6378,458,160,530,245,0.25
68,3,car,0.6408,488,132,551,178,0.25
68,6,car,0.4338,623,125,703,187,0.25
68,7,bus,0.7294,386,96,478,178,0.25
68,21,person,0.3463,1453,189,1482,265,0.25
68,5,bus,0.9359,0,301,547,1067,1.275
68,4,truck,0.2853,1080,29,1166,143,0.0
68,36,bus,0.5203,269,104,343,187,2.121
69,1,bus,0.909,1494,252,1881,931,3.579
69,2,car,0.6358,458,160,530,244,0.25
69,3,car,0.6485,488,132,551,178,0.25
69,6,car,0.4365,623,125,703,187,0.5
69,7,bus,0.7197,385,96,477,178,0.354
69,21,person,0.3869,1453,189,1482,267,0.0
69,5,bus,0.9155,0,300,546,1062,1.521
69,4,truck,0.2906,1080,30,1165,144,0.354
69,36,bus,0.4113,269,105,343,188,1.202
69,9,bus,0.4876,204,103,335,196,1.667
70,1,bus,0.9158,1495,253,1884,937,3.913
70,2,car,0.625,458,160,530,245,0.25
70,3,car,0.6508,488,132,551,178,0.25
70,6,car,0.4423,623,125,703,187,0.0
70,7,bus,0.726,386,96,478,178,0.354
70,21,person,0.394,1453,188,1483,266,0.25
70,5,bus,0.8854,2,298,543,1052,3.0
70,4,truck,0.3108,1080,29,1165,143,0.25
70,36,bus,0.347,274,104,341,179,1.82
70,9,bus,0.423,182,101,311,196,5.003
71,1,bus,0.9281,1496,254,1887,943,3.913
71,2,car,0.6181,458,160,530,244,0.25
71,3,car,0.6127,488,132,552,178,0.354
71,6,car,0.4462,623,125,703,187,0.0
71,7,bus,0.7187,386,96,478,178,0.25
71,21,person,0.3394,1453,187,1483,267,0.0
71,5,bus,0.9268,5,296,542,1043,3.75
71,4,truck,0.2858,1080,30,1165,143,0.25
71,9,bus,0.29,174,100,300,196,6.342
72,1,bus,0.9222,1496,255,1889,949,3.913
72,2,car,0.6333,458,160,530,244,0.0
72,3,car,0.6377,488,132,552,179,0.25
72,6,car,0.4702,622,125,702,187,0.25
72,7,bus,0.7016,386,96,478,178,0.0
72,21,person,0.3214,1452,187,1482,267,0.0
72,5,bus,0.9226,9,295,542,1034,5.025
72,4,truck,0.2697,1081,30,1167,144,0.354
72,9,bus,0.3324,171,100,294,196,7.032
73,1,bus,0.9239,1497,255,1892,955,3.913
73,2,car,0.6205,458,160,530,244,0.0
73,3,car,0.6248,488,132,552,179,0.25
73,6,car,0.4661,623,125,703,187,0.0
73,7,bus,0.7314,386,96,478,178,0.25
73,21,person,0.4334,1452,185,1483,268,0.5
73,5,bus,0.9335,16,293,546,1026,5.852
73,4,truck,0.2765,1081,30,1167,144,0.5
73,9,bus,0.3943,170,100,288,195,10.012
74,1,bus,0.9196,1498,259,1894,962,4.138
74,2,car,0.5748,458,160,530,243,0.25
74,3,car,0.6008,487,131,552,178,0.25
74,6,car,0.5098,623,125,703,187,0.0
74,7,bus,0.732,386,96,478,178,0.0
74,21,person,0.3199,1452,184,1483,267,0.559
74,5,bus,0.9423,22,291,547,1017,6.047
74,4,truck,0.2779,1079,30,1164,143,0.25
74,9,bus,0.5686,171,100,284,193,4.776
75,1,bus,0.8942,1501,261,1899,969,4.809
75,2,car,0.5749,458,160,529,242,0.354
75,3,car,0.605,488,132,552,179,0.0
75,6,car,0.5343,623,125,702,186,0.354
75,7,bus,0.7637,386,96,478,178,0.0
75,21,person,0.3496,1452,184,1483,268,0.354
75,5,bus,0.9298,28,290,548,1009,6.25
75,4,truck,0.2948,1079,30,1164,143,0.25
75,9,bus,0.5726,171,100,284,194,2.512
76,1,bus,0.8871,1501,265,1901,976,5.031
76,2,car,0.598,458,160,529,242,0.354
76,3,car,0.5972,489,132,553,179,0.25
76,6,car,0.5215,623,125,702,186,0.25
76,7,bus,0.725,386,96,478,178,0.0
76,21,person,0.3243,1452,185,1482,268,0.25
76,5,bus,0.9089,34,288,550,1001,6.562
76,4,truck,0.305,1079,30,1164,143,0.791
76,9,bus,0.3265,173,100,287,196,0.5
77,1,bus,0.8914,1502,267,1906,982,5.368
77,2,car,0.6006,458,160,530,243,0.25
77,3,car,0.6025,489,132,552,179,0.0
77,6,car,0.4992,623,126,703,188,0.25
77,7,bus,0.7436,386,96,478,177,0.25
77,21,person,0.298,1453,185,1483,268,0.25
77,5,bus,0.9194,41,287,552,993,6.052
77,4,truck,0.2906,1080,30,1166,144,0.25
77,9,bus,0.373,172,100,284,196,0.354
78,1,bus,0.9137,1502,267,1909,988,4.809
78,2,car,0.5768,457,160,529,243,0.25
78,3,car,0.5951,488,132,552,179,0.354
78,6,car,0.5139,623,126,703,188,0.25
78,7,bus,0.7586,386,97,478,178,0.0
78,21,person,0.3246,1453,184,1483,268,0.354
78,5,bus,0.9433,47,285,554,985,6.21
78,4,truck,0.3289,1081,30,1167,144,0.791
78,9,bus,0.307,171,100,278,194,0.791
79,1,bus,0.9267,1502,269,1912,994,4.366
79,2,car,0.5794,457,160,529,243,0.0
79,3,car,0.6002,489,132,552,179,0.0
79,6,car,0.5279,623,126,703,188,0.559
79,7,bus,0.7539,386,96,478,178,0.0
79,21,person,0.2712,1453,184,1483,269,0.25
79,5,bus,0.9273,52,284,555,980,5.668
79,4,truck,0.3415,1080,30,1167,144,0.559
79,9,bus,0.5098,171,101,276,194,1.0
80,1,bus,0.9289,1501,271,1914,1000,4.039
80,2,car,0.5521,457,160,529,243,0.0
80,3,car,0.6263,490,132,553,178,0.0
80,6,car,0.5009,622,125,703,187,0.25
80,7,bus,0.7517,386,96,478,178,0.0
80,21,person,0.3343,1453,183,1483,268,0.354
80,5,bus,0.9318,58,282,556,971,5.858
80,4,truck,0.3579,1080,30,1167,145,0.559
80,9,bus,0.5536,171,101,275,195,1.75
80,40,bus,0.3384,1080,30,1163,143,0.0
81,1,bus,0.9267,1500,273,1916,1007,4.123
81,2,car,0.5693,457,160,530,243,0.25
81,3,car,0.6259,490,132,553,178,0.25
81,6,car,0.5062,622,125,703,188,0.354
81,7,bus,0.7702,386,96,478,178,0.25
81,21,person,0.3752,1453,182,1484,269,0.25
81,5,bus,0.9205,64,280,557,963,5.9
81,4,truck,0.3367,1080,29,1167,144,0.25
81,40,bus,0.3344,1080,30,1164,143,1.0
82,1,bus,0.914,1499,274,1919,1014,4.366
82,2,car,0.5976,457,161,529,244,0.25
82,3,car,0.6286,490,132,553,178,0.25
82,6,car,0.5091,622,124,703,187,0.559
82,7,bus,0.7795,386,97,478,178,0.0
82,21,person,0.3009,1453,183,1483,269,0.0
82,5,bus,0.9082,68,279,558,957,5.35
82,4,truck,0.3409,1080,29,1167,144,0.354
82,40,bus,0.3435,1080,30,1164,143,0.5
83,1,bus,0.9146,1497,276,1919,1027,5.006
83,2,car,0.583,458,161,530,243,0.354
83,3,car,0.6417,490,133,552,179,0.354
83,6,car,0.4848,621,124,702,187,0.707
83,7,bus,0.7624,386,97,478,178,0.0
83,21,person,0.3677,1452,184,1482,269,0.25
83,5,bus,0.8901,73,277,560,952,5.551
83,4,truck,0.3581,1080,30,1167,145,0.0
83,40,bus,0.3288,1080,31,1163,144,0.333
84,1,bus,0.9145,1496,277,1919,1035,5.25
84,2,car,0.5879,458,161,530,243,0.354
84,3,car,0.6334,490,133,552,179,0.25
84,6,car,0.4799,621,125,701,187,0.25
84,7,bus,0.7575,387,97,479,178,0.25
84,21,person,0.3394,1452,184,1482,269,0.354
84,5,bus,0.9279,80,277,562,946,5.13
84,4,truck,0.3418,1079,30,1166,145,0.25
84,40,bus,0.3346,1080,31,1163,144,0.25
85,1,bus,0.9212,1495,278,1919,1042,5.006
85,2,car,0.5665,458,162,530,244,0.559
85,3,car,0.6398,490,133,552,179,0.25
85,6,car,0.4721,621,125,701,187,0.25
85,7,bus,0.7935,387,97,479,178,0.25
85,21,person,0.3826,1452,184,1482,269,0.354
85,5,bus,0.9366,85,274,562,938,4.962
85,4,truck,0.3318,1079,30,1166,144,0.354
85,40,bus,0.3803,1080,31,1163,143,0.354
85,9,bus,0.3259,182,101,284,191,0.673
86,1,bus,0.9242,1491,280,1919,1052,5.59
86,2,car,0.5428,458,162,529,243,0.0
86,3,car,0.6297,490,132,552,178,0.0
86,6,car,0.4706,622,126,700,186,0.354
86,7,bus,0.774,387,97,478,178,0.0
86,21,person,0.3453,1452,185,1482,269,0.354
86,5,bus,0.9262,91,272,563,929,5.701
86,4,truck,0.3743,1079,30,1166,145,0.354
86,40,bus,0.3956,1080,30,1164,143,0.0
87,1,bus,0.9218,1494,281,1919,1055,4.279
87,2,car,0.5552,459,163,530,243,0.25
87,3,car,0.6263,490,133,552,179,0.0
87,6,car,0.4793,623,126,701,186,0.354
87,7,bus,0.7742,387,97,478,178,0.0
87,21,person,0.307,1452,184,1482,268,0.0
87,5,bus,0.9283,97,270,565,922,5.858
87,4,truck,0.3404,1078,30,1165,145,0.5
87,40,bus,0.3757,1080,30,1164,143,0.354
88,1,bus,0.891,1495,282,1919,1062,4.0
88,2,car,0.5441,459,163,530,244,0.25
88,3,car,0.6325,490,132,553,178,0.25
88,6,car,0.4757,623,126,700,185,0.25
88,7,bus,0.7366,387,97,478,177,0.25
88,21,person,0.3416,1451,184,1481,269,0.25
88,5,bus,0.9361,102,269,564,914,5.831
88,4,truck,0.3242,1079,30,1165,144,0.0
88,40,bus,0.3462,1079,31,1162,144,0.25
89,1,bus,0.9219,1494,284,1919,1069,4.008
89,2,car,0.5598,459,162,530,243,0.25
89,3,car,0.6255,490,133,552,179,0.0
89,6,car,0.4682,622,126,700,186,0.0
89,7,bus,0.8068,386,97,478,178,0.25
89,21,person,0.3375,1452,186,1482,269,0.25
89,5,bus,0.9386,104,268,562,908,5.148
89,4,truck,0.3227,1078,30,1165,145,0.25
89,40,bus,0.4025,1079,30,1163,143,0.25
90,1,bus,0.9061,1494,285,1919,1073,3.26
90,2,car,0.5452,458,162,529,243,0.0
90,3,car,0.606,490,133,552,179,0.25
90,6,car,0.4648,621,126,699,186,0.25
90,7,bus,0.7939,386,97,478,178,0.0
90,21,person,0.3154,1451,186,1481,270,0.354
90,5,bus,0.9405,108,268,561,901,4.366
90,4,truck,0.295,1079,29,1166,144,0.25
90,40,bus,0.3776,1079,30,1163,144,0.354
90,9,bus,0.4307,187,100,282,181,1.017
91,1,bus,0.9319,1495,287,1919,1073,3.01
91,2,car,0.5518,458,163,529,244,0.25
91,3,car,0.6025,490,133,551,179,0.25
91,6,car,0.4554,621,125,699,185,0.559
91,7,bus,0.82,386,97,478,179,0.25
91,21,person,0.3468,1451,187,1481,270,0.559
91,5,bus,0.9305,112,266,562,894,4.272
91,4,truck,0.2889,1079,29,1166,144,0.354
91,40,bus,0.3833,1079,30,1163,143,0.25
91,9,bus,0.2938,186,99,283,180,1.133
92,1,bus,0.9406,1495,288,1919,1072,2.0
92,2,car,0.5256,458,162,530,244,0.0
92,3,car,0.6043,490,133,552,179,0.25
92,6,car,0.4794,620,125,699,185,0.5
92,7,bus,0.806,386,97,478,179,0.25
92,21,person,0.4106,1452,187,1482,270,0.559
92,5,bus,0.9264,116,263,563,889,4.039
92,4,truck,0.32,1079,29,1167,145,0.25
92,40,bus,0.4932,1080,30,1165,144,0.5
92,9,bus,0.3104,182,99,280,179,1.003
93,1,bus,0.9163,1496,289,1919,1070,0.791
93,2,car,0.5538,458,163,529,244,0.354
93,3,car,0.5988,490,133,552,179,0.0
93,6,car,0.4792,620,125,699,185,0.559
93,7,bus,0.7887,386,97,479,179,0.25
93,21,person,0.3505,1453,187,1483,270,0.354
93,5,bus,0.9199,122,262,566,885,4.65
93,4,truck,0.3347,1079,29,1167,145,0.5
93,40,bus,0.526,1080,29,1165,144,0.25
94,1,bus,0.9191,1495,289,1919,1070,0.25
94,2,car,0.5468,458,163,530,245,0.559
94,3,car,0.6055,490,133,552,179,0.0
94,6,car,0.4771,619,125,698,185,0.559
94,7,bus,0.8041,386,97,478,179,0.25
94,21,person,0.3536,1452,187,1482,270,0.25
94,5,bus,0.92,125,261,565,880,4.451
94,4,truck,0.3082,1079,29,1167,145,0.354
94,40,bus,0.4778,1080,29,1165,143,0.354
94,9,bus,0.4754,177,99,279,182,0.868
95,1,bus,0.9447,1496,290,1919,1071,0.0
95,2,car,0.5362,458,163,529,244,0.0
95,3,car,0.5869,490,133,553,180,0.25
95,6,car,0.4818,619,126,698,185,0.5
95,7,bus,0.7876,386,97,478,179,0.0
95,21,person,0.3776,1452,187,1482,270,0.25
95,5,bus,0.9233,133,258,570,875,4.95
95,4,bus,0.6294,1079,29,1166,144,0.0
95,56,car,0.3283,1022,71,1072,102,0.0
95,9,bus,0.4454,175,101,277,184,1.649
96,1,bus,0.9246,1497,291,1919,1071,0.354
96,2,car,0.5155,458,162,530,244,0.0
96,3,car,0.5808,490,133,553,180,0.0
96,6,car,0.4908,619,126,698,185,0.25
96,7,bus,0.8119,386,96,478,178,0.25
96,21,person,0.3881,1452,187,1482,270,0.0
96,5,bus,0.9402,138,256,571,867,5.303
96,4,bus,0.6127,1079,29,1166,144,0.354
96,56,car,0.3098,1022,71,1071,102,1.0
97,1,bus,0.9419,1497,292,1919,1071,0.559
97,2,car,0.5357,458,163,529,244,0.0
97,3,car,0.5725,490,133,552,179,0.0
97,6,car,0.4452,619,126,699,185,0.0
97,7,bus,0.793,386,97,478,179,0.0
97,21,person,0.3782,1451,186,1481,270,0.5
97,5,bus,0.9346,141,252,571,862,5.0
97,4,bus,0.6236,1079,29,1166,143,0.354
97,56,car,0.3294,1022,72,1071,103,0.707
97,58,truck,0.429,1079,30,1167,146,0.0
97,9,bus,0.6062,176,102,279,186,1.434
98,1,bus,0.9325,1498,295,1919,1073,1.275
98,2,car,0.5314,458,163,529,244,0.354
98,3,car,0.5811,490,133,552,179,0.0
98,6,car,0.4721,618,126,698,186,0.25
98,7,bus,0.7624,386,97,478,179,0.0
98,21,person,0.4139,1451,185,1482,271,0.25
98,5,bus,0.9259,146,250,574,857,5.668
98,4,bus,0.6237,1079,30,1166,144,0.25
98,56,car,0.3315,1021,72,1070,103,0.745
98,58,truck,0.4339,1079,30,1167,146,0.0
98,9,bus,0.5909,174,102,276,186,1.302
99,1,bus,0.9197,1499,296,1919,1069,0.707
99,2,car,0.519,458,163,530,244,0.25
99,3,car,0.5919,490,133,551,179,0.25
99,6,car,0.5008,617,125,699,186,0.0
99,7,bus,0.74,386,97,478,179,0.0
99,21,person,0.4075,1451,185,1482,271,0.25
99,5,bus,0.9292,151,248,574,850,5.062
99,4,bus,0.5598,1079,30,1165,144,0.25
99,56,car,0.3374,1022,72,1071,103,0.354
99,58,truck,0.4525,1078,30,1166,146,0.5
99,9,bus,0.5665,175,102,273,182,0.894
100,1,bus,0.9034,1501,297,1919,1067,0.559
100,2,car,0.5082,458,163,530,245,0.25
100,3,car,0.5947,490,133,552,179,0.0
100,6,car,0.4999,617,125,700,187,0.25
100,7,bus,0.7642,386,97,478,179,0.25
100,21,person,0.4353,1450,185,1481,271,0.5
100,5,bus,0.9296,156,247,575,845,4.65
100,4,bus,0.5469,1079,30,1165,144,0.25
100,56,car,0.3497,1022,73,1071,103,0.5
100,58,truck,0.4517,1078,30,1166,146,0.333
100,9,bus,0.5988,173,102,272,183,0.8
100,62,person,0.3324,1507,198,1536,265,0.0
101,1,bus,0.9046,1503,298,1919,1064,0.75
101,2,car,0.5378,458,163,530,245,0.354
101,3,car,0.584,489,132,552,178,0.354
101,6,car,0.5181,616,124,699,186,0.5
101,7,bus,0.7498,386,97,478,179,0.0
101,21,person,0.4204,1451,186,1482,270,0.0
101,5,bus,0.9233,160,244,576,838,5.0
101,4,bus,0.508,1079,30,1165,143,0.0
101,56,car,0.3365,1022,73,1071,103,0.25
101,58,truck,0.3963,1078,30,1166,146,0.25
101,9,bus,0.5185,173,102,271,183,1.346
101,62,person,0.3588,1508,198,1536,264,1.0
102,1,bus,0.7982,1504,299,1919,1068,0.791
102,2,car,0.5411,458,163,530,245,0.354
102,3,car,0.5964,490,132,552,178,0.25
102,6,car,0.5288,616,124,699,186,0.354
102,7,bus,0.7594,386,97,478,179,0.0
102,21,person,0.4195,1451,187,1481,271,0.25
102,5,bus,0.9216,162,242,575,835,4.25
102,4,bus,0.4944,1079,31,1165,144,0.0
102,56,car,0.3503,1022,73,1071,103,0.354
102,58,truck,0.3891,1078,30,1165,146,0.5
102,9,bus,0.4013,175,101,267,177,1.601
102,62,person,0.3462,1508,198,1536,262,0.707
103,1,bus,0.7998,1507,300,1919,1066,1.031
103,2,car,0.5584,458,163,530,245,0.25
103,3,car,0.5664,490,133,551,178,0.25
103,6,car,0.5338,616,124,699,186,0.25
103,7,bus,0.7566,386,97,478,179,0.0
103,21,person,0.49,1451,187,1481,270,0.0
103,5,bus,0.9064,165,238,575,828,4.472
103,4,bus,0.4862,1079,31,1164,144,0.25
103,56,car,0.3222,1022,73,1071,103,0.25
103,58,truck,0.4009,1078,30,1165,146,0.25
103,9,bus,0.3716,178,101,265,173,1.458
103,62,person,0.3744,1509,198,1536,260,0.745
104,1,bus,0.7168,1508,301,1919,1067,0.901
104,2,car,0.5916,458,163,529,245,0.25
104,3,car,0.5891,489,132,552,178,0.354
104,6,car,0.5601,617,125,699,186,0.25
104,7,bus,0.7445,386,97,478,179,0.0
104,21,person,0.5154,1452,188,1483,270,0.559
104,5,bus,0.92,169,237,576,823,4.366
104,4,bus,0.5055,1079,30,1164,143,0.354
104,56,car,0.318,1021,73,1070,103,0.25
104,58,truck,0.3785,1078,30,1165,145,0.354
104,9,bus,0.2779,173,102,267,180,0.559
104,62,person,0.3568,1509,198,1536,260,0.559
105,1,bus,0.635,1508,303,1919,1064,0.707
105,2,car,0.5962,459,163,530,244,0.25
105,3,car,0.6044,488,132,551,179,0.25
105,6,car,0.5706,617,125,698,186,0.0
105,7,bus,0.7515,386,97,478,179,0.0
105,21,person,0.445,1452,189,1483,271,0.559
105,5,bus,0.9134,173,238,576,821,3.354
105,4,bus,0.4748,1079,30,1164,143,0.25
105,56,car,0.3189,1021,73,1070,103,0.25
105,58,truck,0.3671,1078,30,1165,145,0.354
105,9,bus,0.3509,172,101,267,181,0.791
105,62,person,0.3035,1510,199,1537,260,0.559
106,1,bus,0.8359,1508,308,1919,1068,1.346
106,2,car,0.6065,459,163,529,244,0.25
106,3,car,0.6058,488,131,552,178,0.354
106,6,car,0.5667,617,125,698,186,0.0
106,7,bus,0.7592,386,97,478,179,0.0
106,21,person,0.4919,1452,189,1483,271,0.354
106,5,bus,0.9152,178,237,576,815,3.75
106,4,bus,0.4511,1079,31,1164,144,0.25
106,56,car,0.3342,1020,73,1069,103,0.5
106,58,truck,0.3423,1078,30,1165,145,0.25
106,9,bus,0.45,170,101,266,183,1.061
106,62,person,0.3405,1510,199,1537,259,0.354
107,1,bus,0.7545,1509,309,1919,1067,1.275
107,2,car,0.6478,459,163,529,243,0.25
107,3,car,0.6012,487,131,552,178,0.354
107,6,car,0.5933,617,125,698,186,0.0
107,7,bus,0.7505,386,97,478,179,0.0
107,21,person,0.4291,1452,189,1483,272,0.559
107,5,bus,0.9206,183,235,577,808,3.905
107,4,bus,0.4465,1079,31,1164,144,0.0
107,56,car,0.3478,1021,73,1069,102,0.354
107,58,truck,0.3222,1078,30,1164,145,0.25
107,9,bus,0.5019,169,101,264,184,1.768
108,1,bus,0.7543,1509,312,1917,1066,1.25
108,2,car,0.6653,460,163,529,242,0.559
108,3,car,0.6012,487,131,551,178,0.354
108,6,car,0.6002,617,125,698,186,0.25
108,7,bus,0.7444,386,97,478,179,0.0
108,21,person,0.4464,1452,189,1484,272,0.354
108,5,bus,0.9243,187,236,576,802,3.553
108,4,bus,0.4487,1079,31,1164,144,0.25
108,56,car,0.3715,1021,73,1069,102,0.25
108,58,truck,0.3214,1078,30,1164,144,0.0
108,9,bus,0.3142,168,101,262,184,1.275
109,1,bus,0.7007,1510,315,1916,1064,1.5
109,2,car,0.6925,461,164,529,242,0.25
109,3,car,0.5693,487,131,552,178,0.25
109,6,car,0.6014,617,125,698,186,0.0
109,7,bus,0.7804,386,97,478,179,0.0
109,21,person,0.4899,1452,189,1484,272,0.25
109,5,bus,0.9124,190,234,576,797,4.161
109,4,bus,0.4475,1079,31,1164,144,0.25
109,56,car,0.3664,1022,74,1070,103,0.25
109,58,truck,0.297,1078,30,1164,145,0.0
109,9,bus,0.3393,167,100,261,184,1.275
109,62,person,0.3057,1509,198,1537,259,0.236
110,1,bus,0.4855,1509,316,1916,1067,0.791
110,2,car,0.7189,461,163,529,240,0.559
110,3,car,0.5696,487,131,551,178,0.25
110,6,car,0.5763,617,125,699,186,0.25
110,7,bus,0.7517,386,97,478,179,0.0
110,21,person,0.454,1452,189,1484,272,0.25
110,5,bus,0.9185,193,230,579,794,4.161
110,4,bus,0.4531,1078,31,1163,144,0.25
110,56,car,0.3648,1022,73,1071,102,0.559
110,58,truck,0.3493,1078,31,1164,145,0.25
110,9,bus,0.4051,167,100,258,183,1.521
110,73,person,0.3328,102,430,153,523,0.0
110,62,person,0.334,1508,197,1539,262,0.167
111,1,bus,0.689,1510,318,1915,1064,0.901
111,2,car,0.706,460,163,528,240,0.5
111,3,car,0.5514,487,132,551,179,0.25
111,6,car,0.5621,617,125,698,186,0.0
111,7,bus,0.7873,386,97,478,179,0.0
111,21,person,0.4445,1452,189,1484,272,0.25
111,5,bus,0.9181,196,230,579,790,3.26
111,4,bus,0.4698,1079,31,1163,144,0.0
111,56,car,0.3784,1022,73,1071,102,0.25
111,58,truck,0.3486,1079,31,1165,145,0.354
111,73,person,0.2762,102,430,153,523,0.0
111,62,person,0.3663,1508,197,1540,266,0.373
112,1,train,0.6099,1512,320,1917,1066,1.031
112,2,car,0.7529,460,162,528,239,0.5
112,3,car,0.5578,487,132,551,179,0.25
112,6,car,0.5747,617,125,699,187,0.354
112,7,bus,0.7817,386,97,478,179,0.0
112,21,person,0.4447,1452,189,1484,273,0.25
112,5,bus,0.9166,198,229,579,789,3.052
112,4,bus,0.5094,1079,31,1164,144,0.0
112,56,car,0.3721,1022,73,1071,102,0.25
112,58,truck,0.3413,1078,31,1164,146,0.25
112,73,person,0.2846,102,430,153,523,0.0
112,62,person,0.3827,1507,197,1540,267,0.5
113,1,train,0.6574,1513,323,1916,1065,1.275
113,2,car,0.7034,459,161,528,239,0.901
113,3,car,0.5676,487,131,551,178,0.0
113,6,car,0.5673,617,125,698,187,0.25
113,7,bus,0.7711,386,96,478,178,0.25
113,21,person,0.3904,1452,189,1484,273,0.25
113,5,bus,0.9085,203,230,578,783,2.85
113,4,bus,0.4386,1079,30,1164,143,0.25
113,56,car,0.3797,1022,73,1072,103,0.25
113,58,truck,0.3382,1078,30,1165,145,0.0
113,73,person,0.3302,102,430,153,523,0.0
113,62,person,0.3758,1506,197,1539,268,1.031
114,1,train,0.6018,1514,325,1918,1067,1.601
114,2,car,0.7259,459,161,528,239,0.559
114,3,car,0.5644,487,131,551,178,0.0
114,6,car,0.5646,617,124,698,186,0.25
114,7,bus,0.7717,386,96,478,178,0.25
114,21,person,0.3893,1451,188,1484,274,0.354
114,5,bus,0.8938,206,229,578,778,2.704
114,4,bus,0.3857,1079,31,1164,144,0.25
114,56,car,0.3756,1022,73,1072,103,0.354
114,58,truck,0.3433,1078,30,1164,145,0.25
114,73,person,0.324,102,429,153,522,0.25
114,62,person,0.3578,1505,197,1539,268,0.791
115,1,bus,0.6534,1516,329,1917,1066,1.803
115,2,car,0.7303,460,161,527,237,0.559
115,3,car,0.5801,487,131,551,178,0.25
115,6,car,0.5736,617,124,698,186,0.0
115,7,bus,0.7582,386,97,478,179,0.0
115,21,person,0.3374,1451,188,1484,274,0.354
115,5,bus,0.9081,209,227,578,772,3.132
115,4,bus,0.4204,1079,31,1164,144,0.0
115,56,car,0.3871,1022,73,1072,102,0.25
115,58,truck,0.3345,1078,30,1164,145,0.354
115,73,person,0.3078,102,429,153,522,0.25
115,62,person,0.3317,1504,196,1538,268,0.791
116,1,train,0.5823,1516,329,1917,1066,1.118
116,2,car,0.6884,460,161,527,236,0.559
116,3,car,0.5568,487,131,552,178,0.25
116,6,car,0.6035,617,124,698,186,0.354
116,7,bus,0.7529,386,97,478,180,0.0
116,21,person,0.4186,1449,187,1483,276,0.5
116,5,bus,0.926,213,226,579,767,3.816
116,4,bus,0.345,1079,31,1164,144,0.0
116,56,car,0.3734,1022,73,1071,102,0.0
116,58,truck,0.3387,1079,30,1165,144,0.354
116,73,person,0.3507,102,429,153,522,0.25
116,62,person,0.3522,1503,195,1536,266,1.118
117,1,bus,0.6952,1517,334,1917,1068,1.904
117,2,car,0.7247,460,161,527,236,0.5
117,3,car,0.5476,487,131,552,178,0.0
117,6,car,0.6187,616,125,697,187,0.25
117,7,bus,0.7273,385,97,477,180,0.354
117,21,person,0.4015,1450,187,1484,276,0.25
117,5,bus,0.8998,216,225,581,766,3.4
117,4,bus,0.27,1079,31,1164,145,0.5
117,56,car,0.3698,1022,73,1071,102,0.354
117,58,truck,0.3629,1079,31,1164,145,0.25
117,73,person,0.3668,102,429,153,522,0.25
117,62,person,0.3536,1502,194,1536,266,0.901
118,1,bus,0.7477,1518,337,1917,1068,1.521
118,2,car,0.7017,461,161,526,233,0.75
118,3,car,0.5593,487,131,552,179,0.25
118,6,car,0.6341,617,125,698,187,0.25
118,7,bus,0.719,385,97,477,180,0.354
118,21,person,0.4147,1450,187,1483,275,0.25
118,5,bus,0.9064,219,222,582,762,3.4
118,4,bus,0.2519,1080,31,1164,145,0.354
118,56,car,0.3861,1022,73,1071,102,0.354
118,58,truck,0.3799,1080,31,1165,144,0.25
118,73,person,0.3679,102,429,153,522,0.0
118,62,person,0.3434,1502,194,1535,265,1.25
119,1,bus,0.565,1518,339,1916,1068,1.521
119,2,car,0.7325,462,161,526,231,0.791
119,3,car,0.5486,486,131,552,179,0.25
119,6,car,0.6448,616,125,697,186,0.25
119,7,bus,0.7236,385,97,477,180,0.25
119,21,person,0.4058,1450,186,1483,274,0.354
119,5,bus,0.915,221,222,582,760,2.828
119,56,car,0.3881,1022,73,1071,102,0.25
119,73,person,0.3252,102,429,153,522,0.0
119,62,person,0.2887,1502,193,1534,262,1.458
120,1,bus,0.6613,1519,343,1915,1068,2.016
120,2,car,0.7137,462,161,525,230,0.75
120,3,car,0.5515,486,131,552,179,0.25
120,6,car,0.6549,616,125,697,186,0.25
120,7,bus,0.7126,386,97,478,180,0.0
120,21,person,0.3703,1451,186,1483,272,0.559
120,5,bus,0.9048,225,220,583,754,3.01
120,56,car,0.3916,1022,73,1072,102,0.25
120,73,person,0.3516,102,429,153,523,0.25
120,62,person,0.2627,1503,193,1534,259,1.031
120,4,truck,0.3799,1080,31,1164,144,0.2
121,1,bus,0.7912,1520,346,1915,1066,1.25
121,2,car,0.7407,461,161,524,229,0.791
121,3,car,0.5666,487,131,553,179,0.354
121,6,car,0.643,617,125,697,186,0.354
121,7,bus,0.6615,386,97,478,179,0.25
121,21,person,0.3675,1451,187,1483,272,0.5
121,5,bus,0.9057,228,219,584,752,3.202
121,56,car,0.3856,1021,73,1071,102,0.0
121,73,person,0.3213,102,429,153,523,0.25
121,4,truck,0.3834,1080,31,1164,144,0.2
122,1,bus,0.7974,1521,349,1914,1065,1.25
122,2,car,0.7426,462,162,523,227,0.791
122,3,car,0.5603,487,131,552,179,0.0
122,6,car,0.6156,617,125,696,185,0.354
122,7,bus,0.6916,386,97,477,179,0.0
122,21,person,0.2632,1452,188,1483,271,0.559
122,5,bus,0.8872,231,218,585,751,2.828
122,56,car,0.3737,1021,74,1071,103,0.25
122,73,person,0.3056,102,429,153,522,0.0
122,4,truck,0.3686,1080,31,1164,144,0.283
123,1,bus,0.7931,1521,351,1914,1066,1.25
123,2,car,0.7273,462,162,524,227,0.559
123,3,car,0.5616,487,131,551,178,0.25
123,6,car,0.6054,617,125,697,186,0.25
123,7,bus,0.6994,386,97,477,179,0.0
123,21,person,0.2729,1452,188,1483,270,0.354
123,5,bus,0.9127,233,216,585,747,3.202
123,56,car,0.3744,1021,74,1072,103,0.25
123,73,person,0.2655,102,429,153,522,0.0
123,4,truck,0.3567,1080,30,1164,144,0.2
124,1,bus,0.8033,1521,354,1914,1067,1.25
124,2,car,0.7446,461,162,523,226,0.354
124,3,car,0.5329,487,131,552,179,0.0
124,6,car,0.5855,617,125,696,185,0.0
124,7,bus,0.7253,386,97,477,179,0.25
124,21,person,0.2599,1452,188,1484,271,0.25
124,5,bus,0.8917,235,215,586,746,2.305
124,56,car,0.3727,1021,74,1072,104,0.559
124,73,person,0.3165,102,429,152,522,0.25
124,4,truck,0.3244,1080,30,1164,144,0.0
125,1,bus,0.6565,1522,355,1914,1066,1.031
125,2,car,0.7243,461,163,523,226,0.25
125,3,car,0.5406,487,132,551,180,0.354
125,6,car,0.6031,617,125,696,185,0.25
125,7,bus,0.6758,386,97,478,179,0.0
125,21,person,0.2505,1453,188,1485,271,0.5
125,5,bus,0.9001,236,215,585,746,1.601
125,56,car,0.3828,1021,74,1072,103,0.25
125,73,person,0.3114,103,429,153,522,0.354
125,4,truck,0.3349,1080,30,1164,143,0.25
126,1,train,0.5623,1523,359,1914,1066,1.275
126,2,car,0.7069,461,163,523,225,0.0
126,3,car,0.5217,487,132,551,179,0.0
126,6,car,0.5829,616,125,696,185,0.0
126,7,bus,0.6957,386,97,478,179,0.25
126,5,bus,0.8913,239,214,585,742,1.803
126,56,car,0.3929,1021,74,1072,103,0.0
126,73,person,0.326,103,429,153,522,0.25
126,4,truck,0.3385,1081,30,1165,143,0.354
127,1,bus,0.7061,1523,362,1914,1067,1.521
127,2,car,0.7196,461,163,523,224,0.354
127,3,car,0.5007,487,131,552,179,0.25
127,6,car,0.5612,616,125,696,185,0.25
127,7,bus,0.744,385,97,477,180,0.0
127,5,bus,0.859,242,212,585,738,1.803
127,56,car,0.405,1021,74,1071,103,0.0
127,73,person,0.3149,103,429,153,522,0.25
127,4,truck,0.3388,1081,30,1165,143,0.354
128,1,train,0.5361,1524,363,1914,1066,1.118
128,2,car,0.6374,461,163,523,222,0.5
128,3,car,0.4624,487,131,552,179,0.0
128,6,car,0.6022,615,126,694,186,0.559
128,7,bus,0.7193,385,97,477,180,0.0
128,5,bus,0.8701,245,211,584,732,2.462
128,56,car,0.3844,1021,74,1071,103,0.25
128,73,person,0.3347,102,429,152,522,0.0
128,4,truck,0.3669,1080,31,1163,144,0.25
129,1,train,0.4085,1525,365,1915,1066,1.346
129,2,car,0.6592,460,162,522,221,0.791
129,3,car,0.4806,487,131,552,179,0.25
129,6,car,0.594,615,125,695,185,0.25
129,7,bus,0.7018,385,97,477,180,0.25
129,5,bus,0.8753,250,210,583,725,3.579
129,56,car,0.3775,1022,74,1072,103,0.25
129,73,person,0.3892,102,429,152,522,0.25
129,4,truck,0.3706,1080,31,1163,144,0.354
129,103,bus,0.328,1082,31,1163,145,0.0
130,1,bus,0.2641,1526,372,1913,1066,1.768
130,2,car,0.6461,459,162,522,220,0.901
130,3,car,0.4949,487,130,552,178,0.25
130,6,car,0.591,615,125,695,185,0.25
130,7,bus,0.7296,385,97,477,180,0.25
130,5,bus,0.83,253,211,582,719,3.482
130,56,car,0.3732,1021,73,1071,102,0.25
130,73,person,0.3673,102,429,152,522,0.25
130,4,truck,0.3837,1081,31,1165,144,0.25
130,103,bus,0.3545,1082,30,1163,145,1.0
131,1,train,0.3761,1528,374,1915,1066,1.677
131,2,car,0.5846,459,162,521,219,0.901
131,3,car,0.4877,487,131,551,179,0.0
131,6,car,0.6265,615,125,696,185,0.25
131,7,bus,0.7377,385,97,477,180,0.0
131,5,bus,0.8688,257,210,582,713,3.808
131,56,car,0.3805,1021,74,1071,103,0.0
131,73,person,0.2955,103,429,153,522,0.0
131,4,truck,0.3875,1080,31,1163,144,0.559
131,103,bus,0.3303,1082,31,1163,145,0.0
132,1,train,0.3864,1528,377,1913,1066,1.768
132,2,car,0.5981,460,162,522,218,0.559
132,3,car,0.4684,488,131,552,179,0.25
132,6,car,0.6274,615,125,696,185,0.354
132,7,bus,0.7284,386,97,478,179,0.25
132,5,bus,0.86,258,208,580,708,3.482
132,56,car,0.3929,1021,74,1070,102,0.25
132,73,person,0.3567,103,429,153,522,0.25
132,4,truck,0.3686,1080,31,1164,144,0.25
132,103,bus,0.3478,1081,32,1160,144,0.667
132,109,train,0.3203,1222,66,1918,458,0.0
133,1,train,0.3403,1529,380,1914,1066,2.016
133,2,car,0.5541,459,162,521,218,0.354
133,3,car,0.4943,490,133,551,178,0.25
133,6,car,0.6155,615,125,696,186,0.0
133,7,bus,0.7492,385,97,477,180,0.0
133,5,bus,0.7564,260,208,579,704,2.85
133,56,car,0.3807,1022,74,1072,103,0.0
133,73,person,0.3369,103,429,153,523,0.354
133,4,truck,0.3999,1080,30,1164,143,0.354
133,103,bus,0.359,1081,32,1160,144,0.5
134,1,train,0.4081,1531,384,1914,1065,1.458
134,2,car,0.5412,458,162,521,218,0.354
134,3,car,0.4786,491,133,551,177,0.559
134,6,car,0.6339,615,125,696,185,0.0
134,7,bus,0.7443,385,97,477,180,0.0
134,5,bus,0.8104,263,208,579,699,3.162
134,56,car,0.3708,1021,74,1072,103,0.25
134,73,person,0.2761,103,429,153,523,0.354
134,4,truck,0.3991,1080,30,1164,144,0.25
134,103,bus,0.3319,1081,30,1162,144,0.25
135,1,train,0.3899,1531,386,1913,1065,1.275
135,2,car,0.5105,459,162,522,217,0.25
135,3,car,0.4901,491,133,551,177,0.5
135,6,car,0.6424,615,125,696,185,0.0
135,7,bus,0.7361,385,97,477,180,0.0
135,5,bus,0.8354,265,207,579,696,2.61
135,56,car,0.3795,1021,74,1071,103,0.0
135,73,person,0.3446,102,429,152,523,0.354
135,4,truck,0.3971,1080,31,1164,144,0.25
135,103,bus,0.2655,1081,31,1162,145,0.25
136,1,train,0.5363,1532,389,1914,1065,1.677
136,2,car,0.4716,456,160,521,216,0.901
136,3,car,0.4858,491,133,551,177,0.25
136,6,car,0.626,614,125,696,186,0.0
136,7,bus,0.7598,385,97,477,180,0.25
136,5,bus,0.8179,266,207,578,692,2.372
136,56,car,0.3687,1021,74,1071,103,0.25
136,73,person,0.3274,103,429,153,523,0.25
136,4,truck,0.3694,1080,31,1163,143,0.25
136,103,bus,0.2673,1081,31,1162,145,0.25
137,1,train,0.2522,1533,391,1914,1066,1.346
137,2,car,0.47,455,158,520,215,1.25
137,3,car,0.5056,492,134,552,178,0.559
137,6,car,0.6316,614,125,696,186,0.0
137,7,bus,0.7443,385,97,477,180,0.0
137,5,bus,0.8198,269,206,578,689,2.462
137,56,car,0.393,1021,74,1071,103,0.25
137,73,person,0.4052,103,428,153,522,0.25
137,4,truck,0.3934,1080,30,1164,143,0.0
137,103,bus,0.3217,1081,30,1162,144,0.354
138,2,car,0.4402,456,158,521,214,1.031
138,3,car,0.5036,492,134,551,177,0.0
138,6,car,0.637,614,125,697,186,0.0
138,7,bus,0.7321,386,97,477,180,0.0
138,5,bus,0.7954,272,204,579,684,2.462
138,56,car,0.3859,1022,73,1073,102,0.354
138,73,person,0.3941,103,429,153,523,0.0
138,4,truck,0.3918,1080,30,1164,143,0.25
138,103,bus,0.2915,1082,30,1163,144,0.25
139,2,car,0.4342,458,158,522,213,1.0
139,3,car,0.5079,493,134,552,177,0.25
139,6,car,0.641,614,125,697,186,0.0
139,7,bus,0.7483,386,97,477,179,0.0
139,5,bus,0.828,275,204,579,681,2.574
139,56,car,0.3958,1021,73,1072,103,0.0
139,73,person,0.4328,102,429,152,523,0.0
139,4,truck,0.3775,1080,30,1164,143,0.25
140,2,car,0.4223,457,158,521,212,0.791
140,3,car,0.5076,493,135,551,177,0.354
140,6,car,0.6555,614,125,696,186,0.0
140,7,bus,0.7701,386,96,477,179,0.25
140,5,bus,0.7974,277,203,580,678,2.704
140,56,car,0.3633,1021,73,1072,102,0.25
140,73,person,0.4391,102,429,152,523,0.25
140,4,truck,0.3885,1079,31,1163,143,0.0
141,2,car,0.4329,456,157,519,210,0.75
141,3,car,0.5026,494,135,551,177,0.0
141,6,car,0.6379,614,125,696,186,0.0
141,7,bus,0.766,386,96,477,178,0.25
141,5,bus,0.8161,279,203,579,676,2.5
141,56,car,0.3098,1021,74,1071,103,0.0
141,73,person,0.4661,103,429,153,523,0.25
141,4,truck,0.3622,1079,30,1163,143,0.25
142,2,car,0.4652,455,156,519,209,1.031
142,3,car,0.4951,494,135,552,177,0.559
142,6,car,0.6276,614,125,696,186,0.0
142,7,bus,0.7748,386,97,477,179,0.0
142,5,bus,0.8682,281,202,579,671,2.358
142,56,car,0.3109,1021,74,1071,103,0.354
142,73,person,0.4323,103,429,153,523,0.0
142,4,truck,0.3332,1080,31,1163,143,0.354
143,2,car,0.4712,455,156,519,209,1.061
143,3,car,0.5038,493,135,551,178,0.25
143,6,car,0.6296,614,125,696,186,0.0
143,7,bus,0.8212,386,97,477,180,0.0
143,5,bus,0.8826,283,202,578,668,1.904
143,56,car,0.3208,1021,74,1071,103,0.0
143,73,person,0.3906,103,429,152,522,0.25
143,4,truck,0.3487,1080,31,1163,143,0.354
144,2,car,0.4726,454,155,518,208,1.25
144,3,car,0.4942,492,134,551,177,0.354
144,6,car,0.6221,614,125,696,186,0.0
144,7,bus,0.7964,386,97,477,180,0.25
144,5,bus,0.9106,285,202,577,664,1.904
144,56,car,0.3235,1021,74,1070,103,0.354
144,73,person,0.4335,103,429,152,522,0.25
144,4,truck,0.3816,1080,31,1163,143,0.0
145,2,car,0.4748,456,156,518,207,0.5
145,3,car,0.5227,492,134,551,177,0.354
145,6,car,0.6278,614,125,696,186,0.0
145,7,bus,0.8144,386,97,477,179,0.25
145,5,bus,0.9042,287,202,576,659,2.305
145,56,car,0.311,1021,75,1070,104,0.354
145,73,person,0.4446,103,429,152,522,0.354
145,4,truck,0.3818,1080,31,1164,144,0.354
146,2,car,0.4939,456,156,518,207,0.25
146,3,car,0.529,492,134,551,177,0.559
146,6,car,0.6257,613,125,696,186,0.25
146,7,bus,0.822,386,97,477,179,0.0
146,5,bus,0.8469,288,202,574,656,1.768
146,56,car,0.3543,1022,75,1071,104,0.25
146,73,person,0.4299,103,429,152,522,0.354
146,4,truck,0.3585,1080,31,1163,144,0.0
147,2,car,0.4871,456,156,517,205,0.559
147,3,car,0.5244,492,134,551,177,0.354
147,6,car,0.617,613,125,696,186,0.25
147,7,bus,0.8093,386,97,477,179,0.0
147,5,bus,0.8782,290,201,574,652,2.305
147,56,car,0.3644,1022,75,1071,104,0.25
147,73,person,0.4265,103,429,152,522,0.0
147,4,truck,0.3538,1080,31,1163,143,0.0
148,2,car,0.4979,456,156,516,204,0.25
148,3,car,0.5673,492,134,550,176,0.0
148,6,car,0.6251,613,125,696,186,0.25
148,7,bus,0.78,386,97,477,179,0.0
148,5,bus,0.7906,290,196,577,652,2.305
148,56,car,0.3174,1023,75,1072,103,0.559
148,73,person,0.4116,103,429,152,522,0.0
148,4,truck,0.3764,1080,31,1163,143,0.0
149,2,car,0.5312,454,156,514,203,0.901
149,3,car,0.5774,492,134,551,176,0.0
149,6,car,0.6232,614,125,697,186,0.0
149,7,bus,0.7881,386,97,477,179,0.0
149,5,bus,0.8338,294,198,577,648,2.016
149,56,car,0.3134,1022,75,1071,103,0.25
149,73,person,0.4415,103,429,152,522,0.0
149,4,truck,0.3347,1081,31,1164,143,0.0
150,2,car,0.5262,454,156,515,203,0.901
150,3,car,0.559,492,134,551,177,0.0
150,6,car,0.6246,613,125,696,186,0.0
150,7,bus,0.7719,386,97,477,179,0.0
150,5,bus,0.8022,295,194,578,646,2.574
150,56,car,0.3289,1022,75,1071,103,0.0
150,73,person,0.4489,103,429,152,523,0.25
150,4,truck,0.3065,1081,31,1164,143,0.25
151,2,car,0.5388,453,156,514,202,0.791
151,3,car,0.5724,492,134,551,176,0.0
151,6,car,0.6242,613,125,696,186,0.0
151,7,bus,0.7775,386,97,477,179,0.0
151,5,bus,0.812,296,193,578,645,2.151
151,56,car,0.3403,1023,75,1072,103,0.25
151,73,person,0.4246,103,429,152,523,0.25
151,4,truck,0.3242,1081,31,1164,143,0.25
151,146,person,0.3246,1590,280,1620,370,0.0
152,2,car,0.5772,452,156,514,202,0.791
152,3,car,0.5366,492,134,551,176,0.0
152,6,car,0.6285,613,125,696,186,0.0
152,7,bus,0.7878,385,97,476,180,0.25
152,5,bus,0.8356,299,196,576,641,1.803
152,56,car,0.3792,1025,75,1074,103,0.5
152,73,person,0.4711,103,428,152,522,0.0
152,4,truck,0.3174,1081,31,1164,144,0.25
152,146,person,0.3199,1590,280,1620,371,0.0
153,2,car,0.5473,452,155,514,201,0.354
153,3,car,0.5423,492,134,551,176,0.0
153,6,car,0.6171,614,125,697,186,0.0
153,7,bus,0.8165,385,97,477,181,0.25
153,5,bus,0.794,300,193,577,640,1.904
153,56,car,0.3985,1026,76,1076,104,1.275
153,73,person,0.4784,103,428,152,523,0.0
153,4,truck,0.2983,1082,31,1165,143,0.25
153,146,person,0.3012,1590,280,1620,371,0.0
154,2,car,0.5441,453,155,514,199,0.559
154,3,car,0.5269,492,134,551,176,0.0
154,6,car,0.6397,613,125,696,186,0.0
154,7,bus,0.7953,385,97,477,181,0.25
154,5,bus,0.8537,303,195,577,637,1.414
154,56,car,0.3514,1026,75,1076,103,1.25
154,73,person,0.4693,103,428,152,522,0.25
154,4,truck,0.3423,1082,31,1165,143,0.25
154,146,person,0.3226,1590,280,1620,371,0.0
154,154,bus,0.3534,1081,32,1162,144,0.0
155,2,car,0.5171,454,156,514,198,0.559
155,3,car,0.5262,493,135,551,176,0.25
155,6,car,0.6455,613,125,696,186,0.0
155,7,bus,0.7953,385,97,477,181,0.25
155,5,bus,0.8305,303,191,577,635,1.677
155,56,car,0.2893,1030,74,1081,102,2.016
155,73,person,0.462,103,428,152,522,0.25
155,4,truck,0.2582,1081,31,1164,144,0.0
155,146,person,0.2988,1590,280,1620,371,0.0
156,2,car,0.5267,454,155,514,197,0.791
156,3,car,0.4981,493,135,551,177,0.354
156,6,car,0.6475,613,125,696,186,0.0
156,7,bus,0.8043,385,97,478,181,0.354
156,5,bus,0.8529,306,190,578,632,2.151
156,56,car,0.294,1030,74,1082,102,1.768
156,73,person,0.4598,103,428,152,522,0.0
156,4,truck,0.2922,1081,30,1164,143,0.25
156,146,person,0.285,1590,280,1620,371,0.0
157,2,car,0.4867,454,155,514,196,0.791
157,3,car,0.508,492,135,552,177,0.354
157,6,car,0.6552,613,125,696,186,0.25
157,7,bus,0.8127,385,97,478,182,0.0
157,5,bus,0.8616,307,189,579,631,1.953
157,56,car,0.3511,1030,73,1084,102,1.677
157,73,person,0.4289,103,429,152,523,0.25
157,4,truck,0.2875,1080,30,1163,143,0.559
157,146,person,0.3141,1590,280,1620,371,0.0
158,2,car,0.4721,454,155,514,195,0.559
158,3,car,0.5115,491,134,552,177,0.0
158,6,car,0.6517,613,125,696,186,0.0
158,7,bus,0.7926,385,97,477,182,0.0
158,5,bus,0.8719,308,191,576,628,1.82
158,56,car,0.3309,1027,74,1081,103,0.791
158,73,person,0.4648,103,428,152,522,0.0
158,4,truck,0.3116,1080,31,1163,143,0.5
158,146,person,0.3294,1590,280,1620,371,0.0
158,160,person,0.3284,1438,184,1468,251,0.0
159,2,car,0.4325,455,155,514,195,0.5
159,3,car,0.4983,493,135,553,178,0.354
159,6,car,0.6234,613,125,695,185,0.0
159,7,bus,0.7936,384,97,477,182,0.25
159,5,bus,0.8644,310,191,576,625,1.458
159,56,car,0.3437,1026,74,1080,103,0.5
159,73,person,0.476,103,428,152,522,0.0
159,4,truck,0.3094,1080,31,1164,144,0.0
159,146,person,0.291,1590,280,1620,371,0.0
159,160,person,0.3765,1438,184,1468,252,1.0
160,2,car,0.3545,456,155,515,194,0.559
160,3,car,0.4518,493,136,552,179,0.25
160,6,car,0.6228,613,124,695,184,0.25
160,7,bus,0.8465,384,97,477,183,0.354
160,5,bus,0.8945,312,189,576,621,1.581
160,56,car,0.3327,1025,75,1078,103,1.275
160,73,person,0.5005,103,428,152,522,0.0
160,4,bus,0.3177,1080,31,1163,144,0.354
160,146,person,0.2908,1590,280,1620,371,0.0
160,160,person,0.3734,1437,184,1467,252,0.707
161,2,car,0.361,456,155,516,194,0.559
161,3,car,0.4743,491,135,552,179,0.354
161,6,car,0.6496,613,125,695,185,0.0
161,7,bus,0.8297,385,97,478,183,0.25
161,5,bus,0.8892,312,189,575,621,1.25
161,56,car,0.3156,1025,76,1078,104,1.677
161,73,person,0.4812,103,429,151,523,0.0
161,4,truck,0.3233,1080,31,1163,143,0.25
161,146,person,0.2999,1590,280,1620,371,0.0
161,160,person,0.4618,1436,185,1467,254,0.943
162,2,car,0.352,455,154,515,193,0.559
162,3,car,0.5251,491,135,553,180,0.559
162,6,car,0.6539,613,125,695,185,0.0
162,7,bus,0.8363,384,97,477,183,0.354
162,5,bus,0.8626,315,188,577,619,1.803
162,56,car,0.3005,1025,76,1079,104,0.707
162,73,person,0.4767,103,429,151,523,0.25
162,4,truck,0.3477,1079,31,1162,143,0.25
162,146,person,0.2966,1590,280,1620,371,0.0
162,160,person,0.3915,1436,184,1467,254,0.707
162,170,bus,0.3144,1080,32,1162,144,0.0
163,2,car,0.3778,455,153,515,191,0.791
163,3,car,0.559,491,135,552,180,0.559
163,6,car,0.6466,613,125,695,185,0.0
163,7,bus,0.8178,384,97,477,183,0.25
163,5,bus,0.8424,317,187,577,615,2.016
163,56,car,0.333,1028,75,1083,104,0.559
163,73,person,0.4631,103,428,151,522,0.0
163,4,truck,0.333,1079,31,1162,143,0.5
163,146,person,0.2709,1590,280,1620,371,0.0
163,160,person,0.4506,1436,185,1467,255,0.707
163,170,bus,0.2822,1080,32,1162,143,1.0
164,2,car,0.3279,455,152,515,190,0.75
164,3,car,0.515,492,135,553,180,0.0
164,6,car,0.6303,613,124,696,185,0.0
164,7,bus,0.8182,385,97,478,183,0.25
164,5,bus,0.7896,318,186,577,615,1.458
164,56,car,0.3644,1030,75,1085,104,1.5
164,73,person,0.4722,103,429,151,523,0.25
164,4,truck,0.3232,1079,31,1162,143,0.25
164,160,person,0.4756,1435,185,1466,257,0.901
164,170,bus,0.317,1080,32,1162,144,0.0
165,3,car,0.4856,492,135,554,181,0.559
165,6,car,0.6407,613,124,696,185,0.25
165,7,bus,0.8368,385,97,478,183,0.0
165,5,bus,0.851,319,185,578,615,1.768
165,56,car,0.3472,1030,74,1086,104,1.768
165,73,person,0.4761,103,428,151,522,0.25
165,4,truck,0.3125,1079,31,1162,143,0.25
165,160,person,0.4892,1435,185,1466,257,0.559
165,170,bus,0.301,1080,32,1162,144,0.0
165,146,person,0.3309,1590,280,1620,371,0.0
166,3,car,0.5401,491,134,553,180,0.0
166,6,car,0.6614,613,125,696,186,0.0
166,7,bus,0.7797,385,97,478,183,0.25
166,5,bus,0.7278,321,184,578,612,1.458
166,56,car,0.3251,1031,75,1086,104,1.521
166,73,person,0.4641,103,428,151,522,0.25
166,4,truck,0.3189,1079,31,1162,143,0.0
166,160,person,0.4813,1435,185,1467,259,0.75
166,170,bus,0.2945,1080,32,1162,144,0.0
166,146,person,0.3298,1590,279,1620,370,0.2
167,3,car,0.5604,491,134,553,180,0.25
167,6,car,0.6591,613,124,696,185,0.25
167,7,bus,0.8011,385,97,477,183,0.25
167,5,bus,0.7863,323,183,577,609,1.458
167,56,car,0.3663,1027,76,1081,105,0.354
167,73,person,0.5109,103,428,151,522,0.0
167,4,truck,0.3414,1079,31,1162,143,0.0
167,160,person,0.5084,1435,186,1466,258,0.559
167,170,bus,0.3543,1080,31,1162,143,0.0
167,146,person,0.2667,1590,279,1621,371,0.0
168,3,car,0.5631,491,134,552,181,0.25
168,6,car,0.6611,613,125,696,186,0.25
168,7,bus,0.7847,385,97,477,182,0.25
168,5,bus,0.7163,323,181,576,607,1.581
168,56,car,0.4116,1026,77,1081,106,1.118
168,73,person,0.4948,103,428,151,522,0.25
168,4,truck,0.33,1079,31,1163,143,0.25
168,160,person,0.4935,1435,187,1465,257,0.25
168,170,bus,0.3765,1080,31,1163,143,0.25
168,146,person,0.2965,1590,279,1621,371,0.0
169,3,car,0.5586,492,134,553,180,0.354
169,6,car,0.6532,613,125,696,186,0.25
169,7,bus,0.7823,385,97,477,182,0.25
169,5,bus,0.7009,323,179,577,608,1.82
169,56,car,0.3691,1024,77,1079,106,1.82
169,73,person,0.5028,103,428,151,522,0.0
169,4,truck,0.3223,1079,31,1163,143,0.25
169,160,person,0.441,1435,188,1464,256,0.354
169,170,bus,0.3546,1080,31,1162,143,0.25
169,146,person,0.3029,1590,279,1621,371,0.0
170,3,car,0.5514,491,134,552,181,0.25
170,6,car,0.6554,613,124,696,185,0.25
170,7,bus,0.8125,385,97,477,183,0.0
170,5,bus,0.7852,325,178,577,606,1.581
170,56,car,0.3679,1027,76,1082,105,1.031
170,73,person,0.5146,103,428,151,522,0.0
170,4,truck,0.3894,1079,30,1164,143,0.354
170,160,person,0.2583,1435,188,1464,257,0.5
170,170,bus,0.3459,1079,31,1162,144,0.354
170,146,person,0.2996,1590,279,1621,371,0.25
171,3,car,0.5522,491,134,552,181,0.25
171,6,car,0.6709,613,124,696,185,0.0
171,7,bus,0.8192,385,97,477,183,0.0
171,5,bus,0.7898,327,176,577,602,1.82
171,56,car,0.4182,1028,75,1084,105,0.5
171,73,person,0.5177,103,428,151,522,0.0
171,4,truck,0.3654,1079,30,1164,143,0.354
171,160,person,0.2988,1435,187,1464,257,0.25
171,146,person,0.2813,1590,279,1621,371,0.0
172,3,car,0.5727,490,133,551,180,0.354
172,6,car,0.6748,613,124,696,185,0.25
172,7,bus,0.8074,385,96,477,182,0.0
172,5,bus,0.7411,329,176,577,599,2.016
172,56,car,0.4461,1030,74,1086,104,1.346
172,73,person,0.4988,103,428,151,522,0.0
172,4,truck,0.3334,1079,30,1164,143,0.25
172,160,person,0.277,1435,187,1464,256,0.354
172,146,person,0.3287,1590,278,1621,371,0.25
173,3,car,0.5687,491,134,551,180,0.25
173,6,car,0.6791,614,124,696,184,0.354
173,7,bus,0.8254,385,97,477,183,0.25
173,5,bus,0.8308,331,175,576,595,2.136
173,56,car,0.406,1031,74,1087,104,2.062
173,73,person,0.5183,103,428,151,523,0.0
173,4,truck,0.3405,1079,31,1165,145,0.354
173,146,person,0.3583,1590,278,1621,371,0.25
174,3,car,0.6126,490,133,550,179,0.354
174,6,car,0.6993,613,124,695,184,0.0
174,7,bus,0.796,385,96,477,182,0.25
174,5,bus,0.7697,332,174,576,592,2.372
174,56,car,0.4329,1030,74,1085,104,0.791
174,73,person,0.5354,103,428,151,523,0.0
174,4,bus,0.3932,1079,31,1164,144,0.25
174,146,person,0.3296,1590,278,1621,371,0.25
174,197,truck,0.3845,1081,30,1164,145,0.0
174,160,person,0.2653,1434,183,1465,257,0.4
175,3,car,0.6022,490,133,550,179,0.354
175,6,car,0.6755,614,124,696,184,0.25
175,7,bus,0.7995,385,96,477,182,0.25
175,5,bus,0.7632,332,171,574,588,2.512
175,56,car,0.4127,1031,75,1085,105,0.5
175,73,person,0.554,103,428,151,523,0.0
175,4,truck,0.3264,1079,30,1164,143,0.0
175,146,person,0.272,1590,278,1621,370,0.25
175,197,bus,0.3594,1081,31,1163,145,1.0
176,3,car,0.6401,490,133,550,179,0.0
176,6,car,0.6917,613,124,695,184,0.0
176,7,bus,0.7623,385,97,476,183,0.354
176,5,bus,0.7018,334,169,575,585,2.512
176,56,car,0.4041,1031,76,1085,106,0.5
176,73,person,0.5012,103,428,151,522,0.0
176,4,truck,0.3623,1080,30,1165,143,0.25
176,146,person,0.3783,1590,278,1621,370,0.0
176,197,bus,0.3287,1081,31,1162,144,0.5
176,160,person,0.2933,1433,184,1463,257,0.373
177,3,car,0.6449,490,133,550,180,0.354
177,6,car,0.6935,614,124,696,185,0.0
177,7,bus,0.7344,385,97,476,183,0.25
177,5,bus,0.4927,335,169,574,582,2.512
177,56,car,0.3876,1028,76,1083,107,1.118
177,73,person,0.4794,103,428,151,522,0.0
177,4,truck,0.3231,1080,31,1165,144,0.25
177,146,person,0.3218,1590,278,1621,371,0.0
177,197,bus,0.2931,1080,32,1160,144,0.745
177,160,person,0.2844,1433,184,1463,256,0.373
178,3,car,0.6506,490,133,550,180,0.0
178,6,car,0.7035,614,124,696,185,0.25
178,7,bus,0.7328,385,97,476,182,0.25
178,5,bus,0.5993,336,168,573,580,2.25
178,56,car,0.4007,1030,75,1084,105,0.25
178,73,person,0.5076,103,428,151,522,0.0
178,4,truck,0.3359,1081,30,1166,144,0.5
178,146,person,0.2856,1590,278,1621,371,0.0
178,197,bus,0.3291,1081,31,1162,143,0.25
178,160,person,0.3173,1433,184,1462,256,0.373
179,3,car,0.6212,490,132,551,179,0.25
179,6,car,0.6826,613,124,695,185,0.25
179,7,bus,0.7403,385,97,476,182,0.25
179,5,bus,0.6912,336,166,572,577,2.016
179,56,car,0.458,1032,75,1086,105,0.25
179,73,person,0.5253,103,428,151,522,0.0
179,4,truck,0.3574,1081,30,1166,143,0.5
179,146,person,0.3225,1590,278,1621,371,0.0
179,160,person,0.3059,1432,184,1461,255,0.632
180,3,car,0.5763,489,132,550,180,0.25
180,6,car,0.6726,613,124,696,185,0.0
180,7,bus,0.761,386,97,477,182,0.354
180,5,bus,0.7001,336,165,570,574,2.016
180,56,car,0.4574,1032,75,1086,106,0.354
180,73,person,0.5153,103,428,151,522,0.0
180,4,truck,0.3394,1081,31,1166,144,0.354
180,146,person,0.3247,1590,277,1621,370,0.25
180,160,person,0.2835,1432,185,1461,255,0.5
181,3,car,0.6018,489,132,550,180,0.25
181,6,car,0.6712,613,124,695,185,0.25
181,7,bus,0.7819,386,97,477,182,0.354
181,5,bus,0.7082,338,165,571,573,1.5
181,56,car,0.4083,1031,75,1085,106,0.791
181,73,person,0.5474,103,428,151,522,0.0
181,4,bus,0.3606,1080,31,1164,143,0.0
181,146,person,0.3569,1590,277,1621,370,0.25
181,160,person,0.2552,1432,185,1460,255,0.5
181,209,truck,0.3511,1080,31,1162,143,0.0
182,3,car,0.6338,489,132,550,180,0.25
182,6,car,0.681,613,124,695,184,0.25
182,7,bus,0.7616,386,97,476,181,0.25
182,5,bus,0.7502,339,162,572,572,1.768
182,56,car,0.3423,1030,75,1085,107,0.25
182,73,person,0.5525,103,428,151,522,0.0
182,4,truck,0.3025,1081,31,1166,144,0.0
182,146,person,0.3317,1590,277,1621,370,0.25
182,160,person,0.3596,1432,185,1460,255,0.25
183,3,car,0.6253,490,133,550,180,0.25
183,6,car,0.6668,613,124,695,184,0.0
183,7,bus,0.73,386,97,475,181,0.0
183,5,bus,0.7008,341,161,572,569,1.581
183,56,car,0.3481,1029,74,1086,107,0.5
183,73,person,0.5116,103,428,151,522,0.0
183,4,truck,0.3731,1081,30,1166,143,0.0
183,146,person,0.3977,1590,277,1621,370,0.25
183,160,person,0.3747,1431,185,1459,255,0.354
184,3,car,0.5888,490,133,550,180,0.25
184,6,car,0.6593,614,124,696,184,0.25
184,7,bus,0.7145,386,97,475,181,0.25
184,5,bus,0.705,342,160,572,568,1.601
184,56,car,0.369,1029,74,1086,107,0.5
184,73,person,0.5138,103,428,151,522,0.0
184,4,truck,0.3321,1081,31,1165,144,0.0
184,146,person,0.4015,1590,277,1621,371,0.25
184,160,person,0.2667,1431,185,1459,254,0.354
184,214,car,0.3265,987,86,1021,117,0.0
185,3,car,0.5867,490,133,550,180,0.25
185,6,car,0.6757,614,124,696,184,0.25
185,7,bus,0.7211,386,97,476,182,0.0
185,5,bus,0.5935,343,156,573,566,2.236
185,56,car,0.3759,1027,73,1085,107,0.5
185,73,person,0.5311,103,428,151,522,0.0
185,4,truck,0.3351,1081,31,1165,143,0.25
185,146,person,0.3096,1589,277,1620,371,0.354
185,214,car,0.2836,988,86,1022,117,1.0
186,3,car,0.5953,490,132,550,179,0.354
186,6,car,0.6656,613,124,695,184,0.0
186,7,bus,0.6338,386,96,476,181,0.25
186,5,bus,0.4848,344,153,573,563,2.372
186,56,car,0.3523,1027,74,1084,108,0.5
186,73,person,0.4946,103,428,151,522,0.0
186,4,truck,0.3397,1081,30,1166,143,0.25
186,146,person,0.365,1589,277,1620,371,0.354
186,214,car,0.2669,988,86,1022,116,0.5
187,3,car,0.5463,489,132,549,179,0.354
187,6,car,0.6935,613,124,695,184,0.0
187,7,bus,0.6472,386,97,476,182,0.25
187,5,bus,0.5369,347,154,573,560,2.236
187,56,car,0.3527,1028,74,1085,108,0.354
187,73,person,0.4769,103,428,151,522,0.0
187,4,truck,0.3617,1081,30,1166,143,0.0
187,146,person,0.3704,1589,277,1620,371,0.354
187,214,car,0.2775,988,86,1022,117,0.333
188,3,car,0.57,488,131,549,179,0.559
188,6,car,0.7047,613,124,695,184,0.25
188,7,bus,0.706,386,97,476,181,0.25
188,5,bus,0.5984,349,157,572,559,1.677
188,56,car,0.3298,1029,74,1084,107,0.25
188,73,person,0.5048,103,428,151,522,0.0
188,4,truck,0.3107,1081,30,1166,143,0.25
188,146,person,0.3741,1589,278,1620,371,0.25
188,214,car,0.2903,988,86,1023,117,0.25
189,3,car,0.5128,488,131,548,178,0.707
189,6,car,0.701,613,124,695,184,0.25
189,7,bus,0.7165,386,96,476,180,0.25
189,5,bus,0.6819,351,157,572,557,1.25
189,56,car,0.3231,1030,75,1083,107,0.25
189,73,person,0.5056,103,428,151,522,0.0
189,4,truck,0.3054,1081,30,1166,144,0.0
189,146,person,0.3562,1589,278,1619,370,0.0
189,214,car,0.2637,989,86,1023,116,0.25
190,3,car,0.4543,488,131,549,178,0.559
190,6,car,0.6857,613,124,695,184,0.0
190,7,bus,0.7448,386,96,476,180,0.0
190,5,bus,0.7936,353,159,571,554,1.118
190,56,car,0.3113,1030,75,1084,107,0.5
190,73,person,0.5436,103,428,151,522,0.0
190,4,truck,0.3182,1081,30,1166,143,0.0
190,146,person,0.3597,1589,277,1620,370,0.25
190,214,car,0.2715,989,86,1023,117,0.25
191,3,car,0.4357,487,130,547,176,0.707
191,6,car,0.7094,613,124,695,184,0.0
191,7,bus,0.7395,386,96,475,180,0.354
191,5,bus,0.799,354,158,571,552,0.707
191,56,car,0.3212,1027,76,1083,110,0.559
191,73,person,0.4967,103,428,151,522,0.0
191,4,truck,0.2604,1081,30,1166,143,0.0
191,146,person,0.3059,1589,278,1619,371,0.0
191,214,car,0.2591,989,86,1023,116,0.25
192,3,car,0.4576,487,130,546,175,0.901
192,6,car,0.7094,613,124,695,184,0.0
192,7,bus,0.7554,386,96,475,180,0.354
192,5,bus,0.7578,355,158,570,549,1.346
192,56,car,0.3708,1026,76,1082,110,0.901
192,73,person,0.5131,103,428,151,522,0.0
192,4,truck,0.296,1081,30,1166,143,0.0
192,146,person,0.2588,1589,277,1619,370,0.25
192,214,car,0.2628,989,87,1023,117,0.354
192,226,person,0.3098,1652,314,1692,420,0.0
193,3,car,0.4461,488,131,545,174,0.707
193,6,car,0.6137,614,124,696,184,0.25
193,7,bus,0.6926,386,96,475,180,0.25
193,5,bus,0.7414,356,158,570,548,1.118
193,56,car,0.3542,1026,76,1083,111,0.707
193,73,person,0.5299,103,428,152,523,0.0
193,4,bus,0.355,1080,30,1165,143,0.354
193,146,person,0.2935,1589,278,1619,370,0.0
193,214,car,0.2901,989,87,1022,116,0.25
193,226,person,0.2837,1651,313,1691,420,1.414
194,3,car,0.4612,488,131,545,173,0.707
194,6,car,0.5886,613,124,695,184,0.0
194,7,bus,0.6945,386,96,475,180,0.25
194,5,bus,0.6964,356,155,571,548,1.275
194,56,car,0.372,1026,76,1082,110,0.901
194,73,person,0.5375,103,428,152,523,0.0
194,4,truck,0.3909,1080,30,1165,143,0.25
194,146,person,0.2985,1588,278,1618,370,0.354
194,214,car,0.2926,989,87,1022,116,0.25
194,226,person,0.2887,1650,314,1690,419,1.118
194,229,bus,0.3147,1079,30,1165,143,0.0
195,3,car,0.4594,488,131,546,173,0.25
195,6,car,0.6206,613,123,695,183,0.25
195,7,bus,0.6647,387,97,475,180,0.25
195,5,bus,0.7096,357,157,569,546,1.031
195,56,car,0.402,1025,77,1079,110,0.75
195,73,person,0.5661,102,427,151,523,0.25
195,4,truck,0.4161,1080,29,1166,143,0.0
195,146,person,0.2779,1588,279,1617,370,0.5
195,214,car,0.2782,989,88,1022,116,0.354
195,226,person,0.2722,1649,314,1689,419,1.054
195,229,bus,0.385,1079,30,1165,143,0.0
196,3,car,0.4489,487,131,545,174,0.0
196,6,car,0.5927,613,124,695,184,0.0
196,7,bus,0.6711,386,97,475,180,0.0
196,5,bus,0.7507,357,158,568,546,0.25
196,56,car,0.4151,1025,77,1079,110,0.5
196,73,person,0.5557,102,427,151,523,0.25
196,4,truck,0.3819,1079,29,1165,143,0.25
196,146,person,0.2701,1588,279,1617,370,0.559
196,214,car,0.2695,989,87,1022,116,0.354
196,226,person,0.2513,1649,315,1688,419,1.0
196,229,bus,0.4209,1079,30,1165,143,0.0
197,3,car,0.4531,487,131,545,173,0.0
197,6,car,0.5915,613,124,695,184,0.25
197,7,bus,0.7089,386,96,475,179,0.25
197,5,bus,0.7074,359,158,568,542,0.75
197,56,car,0.4269,1024,76,1080,110,0.5
197,73,person,0.5585,103,427,152,523,0.0
197,4,bus,0.4032,1080,29,1166,143,0.25
197,146,person,0.2676,1589,281,1618,370,0.354
197,214,car,0.2675,989,87,1022,116,0.0
197,226,person,0.2683,1646,317,1686,419,1.346
197,229,truck,0.3771,1079,29,1166,143,0.0
198,3,car,0.4474,488,131,546,172,0.354
198,6,car,0.6286,613,124,695,184,0.0
198,7,bus,0.7269,386,96,475,179,0.25
198,5,bus,0.823,359,156,566,538,1.031
198,56,car,0.4357,1024,77,1080,111,0.559
198,73,person,0.5783,103,427,152,523,0.0
198,4,bus,0.4136,1079,29,1165,143,0.0
198,146,person,0.3214,1589,280,1618,370,0.25
198,214,car,0.2558,989,87,1022,116,0.0
198,226,person,0.2522,1646,318,1686,419,1.118
198,229,truck,0.3955,1079,28,1166,143,0.25
199,3,car,0.4715,488,131,545,171,0.354
199,6,car,0.6475,613,124,695,184,0.25
199,7,bus,0.758,386,96,475,179,0.354
199,5,bus,0.8474,360,156,567,537,1.25
199,56,car,0.4347,1024,77,1080,111,0.25
199,73,person,0.5633,103,427,152,523,0.25
199,4,bus,0.4028,1079,29,1165,143,0.25
199,146,person,0.283,1588,280,1617,370,0.25
199,214,car,0.2618,988,87,1021,116,0.354
199,229,truck,0.3816,1079,28,1166,143,0.25
200,3,car,0.4361,487,131,545,172,0.25
200,6,car,0.6203,613,124,695,184,0.0
200,7,bus,0.733,387,97,476,179,0.25
200,5,bus,0.8434,362,157,567,535,1.581
200,56,car,0.4475,1024,78,1079,112,0.559
200,73,person,0.5755,103,427,151,522,0.354
200,4,bus,0.4254,1080,29,1166,143,0.25
200,214,car,0.2583,988,87,1021,116,0.25
200,229,truck,0.3681,1079,28,1167,143,0.354
200,226,person,0.2637,1647,318,1687,419,0.566
201,3,car,0.4595,488,131,546,171,0.354
201,6,car,0.5978,613,124,695,184,0.0
201,7,bus,0.6494,386,96,476,179,0.25
201,5,bus,0.8324,362,156,566,534,1.275
201,56,car,0.443,1024,78,1079,111,0.354
201,73,person,0.5845,103,427,152,523,0.0
201,4,bus,0.3883,1079,29,1165,143,0.25
201,229,truck,0.3443,1079,28,1167,143,0.354
202,3,car,0.4732,488,131,546,170,0.25
202,6,car,0.6112,613,124,695,184,0.0
202,7,bus,0.6062,386,96,476,179,0.25
202,5,bus,0.7987,363,155,567,532,1.25
202,56,car,0.4198,1023,79,1079,112,0.354
202,73,person,0.5219,103,427,151,522,0.25
202,4,bus,0.4283,1079,29,1165,143,0.0
202,229,truck,0.3205,1079,28,1167,143,0.25
202,146,person,0.2603,1588,281,1617,370,0.167
202,214,car,0.2674,988,86,1022,116,0.0
203,3,car,0.5079,488,131,546,171,0.25
203,6,car,0.6769,613,124,695,184,0.0
203,7,bus,0.5736,387,96,476,179,0.25
203,5,bus,0.7308,364,154,568,531,1.25
203,56,car,0.33,1024,79,1077,110,0.5
203,73,person,0.5284,103,427,151,522,0.25
203,4,bus,0.4679,1079,29,1165,143,0.0
203,229,truck,0.2965,1080,29,1167,144,0.354
203,146,person,0.2518,1589,281,1618,370,0.0
203,214,car,0.3199,987,86,1022,116,0.2
203,226,person,0.317,1649,312,1692,419,0.404
204,3,car,0.498,489,131,547,170,0.559
204,6,car,0.6594,613,124,695,184,0.0
204,7,bus,0.569,387,96,476,178,0.25
204,5,bus,0.8021,364,150,569,529,1.82
204,56,car,0.3759,1023,79,1078,111,0.25
204,73,person,0.5718,103,427,152,522,0.0
204,4,bus,0.4241,1079,29,1166,144,0.25
204,229,truck,0.3459,1079,28,1167,144,0.25
204,214,car,0.2634,988,86,1022,116,0.2
204,226,person,0.2862,1653,308,1698,417,1.545
205,3,car,0.5161,489,131,546,170,0.25
205,6,car,0.6193,613,124,695,184,0.0
205,7,bus,0.5049,387,96,476,178,0.0
205,5,bus,0.6977,365,147,569,525,2.372
205,56,car,0.3847,1022,79,1079,112,0.354
205,73,person,0.5666,102,427,151,523,0.25
205,4,bus,0.4631,1079,29,1166,143,0.0
205,229,truck,0.2902,1079,29,1167,144,0.25
205,214,car,0.2637,988,87,1021,116,0.0
205,226,person,0.2864,1654,306,1700,417,1.863
206,3,car,0.551,489,131,547,169,0.25
206,6,car,0.6588,613,124,695,184,0.0
206,7,bus,0.475,387,96,476,178,0.0
206,5,bus,0.7274,365,148,570,528,1.346
206,56,car,0.3694,1020,78,1078,112,0.5
206,73,person,0.491,102,428,150,523,0.354
206,4,bus,0.4749,1079,29,1165,143,0.0
206,214,car,0.2855,988,87,1022,117,0.25
206,226,person,0.2973,1651,308,1697,418,1.434
207,3,car,0.5182,489,131,547,169,0.354
207,6,car,0.6469,613,124,696,184,0.0
207,7,bus,0.4888,387,96,476,178,0.0
207,5,bus,0.707,366,149,568,525,1.275
207,56,car,0.4107,1020,78,1079,112,0.354
207,73,person,0.484,102,427,151,523,0.354
207,4,bus,0.4332,1079,29,1165,143,0.0
207,214,car,0.298,988,86,1022,116,0.25
207,226,person,0.2532,1649,309,1694,419,0.354
207,146,person,0.2768,1588,280,1617,371,0.111
208,3,car,0.5146,488,131,546,169,0.25
208,6,car,0.6849,613,124,695,184,0.0
208,7,bus,0.5364,387,96,476,178,0.0
208,5,bus,0.726,368,149,569,524,0.901
208,56,car,0.4152,1019,78,1078,112,0.5
208,73,person,0.4921,102,427,151,523,0.354
208,4,bus,0.4751,1079,29,1165,143,0.0
208,214,car,0.293,988,87,1022,117,0.25
208,146,person,0.2928,1588,280,1617,371,0.0
209,3,car,0.5207,489,131,547,169,0.25
209,6,car,0.6754,613,124,695,184,0.0
209,7,bus,0.5453,387,97,476,178,0.0
209,5,bus,0.7261,369,149,569,522,0.559
209,56,car,0.344,1019,79,1076,112,0.75
209,73,person,0.5421,102,427,151,523,0.0
209,4,bus,0.4279,1079,29,1165,143,0.0
209,214,car,0.283,988,87,1022,117,0.354
209,146,person,0.2556,1588,279,1618,370,0.202
209,234,truck,0.3991,1078,29,1165,144,0.0
209,226,person,0.2508,1646,307,1693,419,1.217
210,3,car,0.4729,488,131,547,169,0.25
210,6,car,0.6626,613,124,695,184,0.0
210,7,bus,0.6113,387,97,476,179,0.25
210,5,bus,0.8104,370,151,568,521,0.707
210,56,car,0.352,1017,79,1073,112,1.0
210,73,person,0.5181,103,427,152,522,0.354
210,4,truck,0.2935,1079,29,1166,143,0.0
210,214,car,0.2743,988,87,1022,117,0.0
210,146,person,0.2557,1588,279,1618,370,0.143
210,234,bus,0.4378,1079,29,1166,143,1.0
210,160,person,0.2804,1418,181,1449,260,0.448
211,3,car,0.4584,487,131,546,169,0.5
211,6,car,0.6673,613,124,695,184,0.0
211,7,bus,0.5539,387,97,476,179,0.25
211,5,bus,0.768,371,152,567,519,0.707
211,56,car,0.369,1019,80,1076,113,0.559
211,73,person,0.4873,103,428,151,523,0.25
211,4,bus,0.4008,1078,29,1165,143,0.25
211,214,car,0.2579,988,87,1021,116,0.25
211,146,person,0.2984,1588,279,1618,370,0.354
211,234,truck,0.3184,1078,29,1166,144,0.5
211,160,person,0.3136,1416,181,1447,260,0.517
211,226,person,0.2764,1646,305,1693,418,1.333
212,3,car,0.4915,487,131,546,168,0.354
212,6,car,0.6821,613,124,695,184,0.0
212,7,bus,0.5249,387,97,476,179,0.25
212,5,bus,0.7056,373,154,568,518,0.5
212,56,car,0.3562,1017,79,1076,114,0.559
212,73,person,0.5099,102,428,150,523,0.0
212,4,bus,0.438,1078,31,1164,144,0.354
212,214,car,0.2899,989,87,1022,116,0.25
212,146,person,0.3206,1588,279,1618,370,0.354
212,234,truck,0.3686,1077,30,1164,145,0.471
212,160,person,0.3336,1416,181,1448,261,0.45
212,226,person,0.2812,1645,305,1693,418,0.898
213,3,car,0.5009,487,131,546,168,0.559
213,6,car,0.6864,613,124,695,184,0.0
213,7,bus,0.5148,387,97,476,178,0.0
213,5,bus,0.787,373,152,568,517,0.354
213,56,car,0.3073,1016,78,1077,114,0.354
213,73,person,0.5268,103,428,151,523,0.25
213,4,bus,0.4416,1078,31,1164,144,0.354
213,214,car,0.2633,989,88,1022,117,0.0
213,146,person,0.3045,1588,278,1618,370,0.0
213,234,truck,0.3168,1077,30,1165,145,0.25
213,160,person,0.3789,1416,181,1448,261,0.454
213,226,person,0.2842,1643,305,1692,418,0.833
214,3,car,0.5019,487,131,546,168,0.354
214,6,car,0.6417,613,124,695,184,0.0
214,7,bus,0.495,387,97,476,178,0.25
214,5,bus,0.6424,374,151,569,516,0.901
214,56,car,0.3168,1016,79,1075,114,0.25
214,73,person,0.5217,103,428,151,523,0.25
214,4,bus,0.4272,1078,31,1164,144,0.354
214,146,person,0.32,1588,274,1619,370,0.5
214,234,truck,0.3564,1077,30,1165,145,0.354
214,160,person,0.4894,1415,180,1448,261,0.5
214,226,person,0.276,1643,307,1692,419,0.4
215,3,car,0.5086,487,131,545,167,0.25
215,6,car,0.6244,613,124,695,184,0.0
215,7,bus,0.4929,387,98,477,179,0.25
215,5,bus,0.6886,375,151,570,516,0.901
215,56,car,0.3351,1016,78,1076,113,0.354
215,73,person,0.5474,103,427,151,522,0.25
215,4,bus,0.4869,1078,30,1165,144,0.25
215,146,person,0.3231,1588,271,1620,370,1.031
215,234,truck,0.4223,1078,30,1166,145,0.25
215,160,person,0.4395,1415,181,1447,261,0.25
216,3,car,0.5054,486,130,544,165,0.559
216,6,car,0.6564,613,124,695,184,0.0
216,7,bus,0.5116,386,97,477,179,0.0
216,5,bus,0.6443,375,151,569,516,0.901
216,56,car,0.369,1016,79,1074,113,0.25
216,73,person,0.516,103,427,151,522,0.354
216,4,bus,0.4356,1078,30,1164,143,0.25
216,146,person,0.2867,1588,273,1620,371,0.559
216,234,truck,0.3446,1078,30,1166,145,0.5
216,160,person,0.4411,1415,181,1447,260,0.354
216,214,car,0.2732,988,88,1020,117,0.167
216,226,person,0.2502,1643,306,1693,418,0.283
217,3,car,0.5191,487,130,544,164,0.559
217,6,car,0.6518,613,124,695,184,0.0
217,7,bus,0.4376,387,97,477,178,0.25
217,5,bus,0.4652,375,150,569,514,0.707
217,56,car,0.3826,1016,79,1073,113,0.5
217,73,person,0.5022,102,427,150,522,0.354
217,4,truck,0.3973,1078,30,1164,143,0.25
217,146,person,0.262,1587,266,1620,370,1.5
217,234,bus,0.3824,1077,31,1163,145,0.354
217,160,person,0.406,1415,181,1447,260,0.354
217,214,car,0.2929,988,88,1020,116,0.167
218,3,car,0.5326,487,130,544,163,0.791
218,6,car,0.649,613,124,695,184,0.0
218,7,bus,0.5279,386,97,476,178,0.0
218,5,bus,0.6733,375,150,567,512,0.5
218,56,car,0.4318,1016,78,1074,112,0.25
218,73,person,0.4822,103,427,151,522,0.25
218,4,truck,0.3586,1079,30,1166,144,0.25
218,234,bus,0.4276,1077,30,1163,143,0.354
218,160,person,0.4465,1414,181,1446,259,0.25
219,3,car,0.5229,486,130,544,163,0.791
219,6,car,0.6687,613,124,695,184,0.0
219,7,bus,0.4739,386,97,477,179,0.25
219,5,bus,0.633,376,151,567,512,0.559
219,56,car,0.424,1016,77,1075,112,0.354
219,73,person,0.4944,103,427,151,522,0.0
219,4,bus,0.4375,1078,30,1165,144,0.0
219,234,truck,0.3494,1077,29,1164,143,0.559
219,160,person,0.4902,1413,182,1445,260,0.5
220,3,car,0.509,484,129,544,163,0.354
220,6,car,0.6672,614,124,696,184,0.25
220,7,bus,0.4119,386,96,477,178,0.25
220,5,bus,0.6173,377,150,569,512,0.559
220,56,car,0.4089,1015,76,1077,113,0.559
220,73,person,0.5089,103,427,151,522,0.0
220,4,truck,0.4148,1078,30,1165,144,0.25
220,234,bus,0.4287,1077,30,1164,144,0.5
220,160,person,0.4293,1413,182,1445,260,0.559
221,3,car,0.481,484,129,544,163,0.354
221,6,car,0.6645,614,124,697,184,0.25
221,7,bus,0.4093,386,97,477,179,0.354
221,5,bus,0.633,377,150,569,514,0.25
221,56,car,0.399,1012,76,1074,113,0.559
221,73,person,0.4814,103,427,151,522,0.25
221,4,truck,0.3508,1079,30,1166,144,0.354
221,234,bus,0.3918,1077,30,1164,144,0.25
221,160,person,0.4298,1414,183,1445,260,0.559
222,3,car,0.4695,485,128,545,162,0.25
222,6,car,0.6474,613,124,696,184,0.0
222,7,bus,0.4346,387,97,478,179,0.354
222,5,bus,0.6447,378,150,569,513,0.5
222,56,car,0.4336,1013,76,1074,113,0.559
222,73,person,0.4461,103,427,151,521,0.0
222,4,truck,0.3171,1077,30,1165,146,0.354
222,234,bus,0.4772,1077,30,1164,144,0.25
222,160,person,0.4315,1414,184,1445,261,0.559
222,214,car,0.2513,987,88,1020,118,0.283
223,3,car,0.4645,485,128,546,162,0.25
223,6,car,0.6659,613,124,696,184,0.0
223,7,bus,0.4826,386,97,477,180,0.0
223,5,bus,0.6885,379,149,570,512,0.791
223,56,car,0.4025,1013,77,1074,114,0.559
223,73,person,0.429,103,427,151,522,0.0
223,4,truck,0.3357,1077,29,1165,144,0.25
223,234,bus,0.4112,1076,30,1163,145,0.354
223,160,person,0.3912,1415,184,1446,261,0.354
224,3,car,0.434,485,128,545,161,0.559
224,6,car,0.6646,613,124,695,184,0.25
224,7,bus,0.3756,386,97,476,178,0.0
224,5,bus,0.7638,379,149,570,511,0.354
224,56,car,0.3859,1014,75,1076,114,0.25
224,73,person,0.4887,102,427,150,522,0.25
224,4,truck,0.3688,1078,30,1166,145,0.25
224,160,person,0.3714,1414,183,1445,260,0.0
224,146,person,0.3027,1587,261,1622,370,0.707
225,3,car,0.3935,485,128,544,160,0.5
225,6,car,0.657,613,124,696,184,0.25
225,7,bus,0.4227,386,97,476,178,0.25
225,5,bus,0.6898,382,149,569,504,1.581
225,56,car,0.3904,1014,74,1077,113,0.559
225,73,person,0.5569,102,427,150,522,0.25
225,4,bus,0.3194,1077,30,1165,144,0.25
225,160,person,0.4162,1414,182,1446,260,0.25
225,146,person,0.3378,1588,256,1624,370,0.728
226,3,car,0.4058,484,127,544,159,0.559
226,6,car,0.6858,613,124,696,184,0.0
226,7,bus,0.4508,386,96,477,178,0.354
226,5,bus,0.6742,382,148,569,502,1.581
226,56,car,0.408,1014,74,1077,113,0.559
226,73,person,0.5442,103,427,151,522,0.0
226,4,truck,0.323,1078,30,1166,144,0.354
226,160,person,0.3729,1414,182,1446,260,0.354
226,146,person,0.3927,1588,257,1624,370,0.922
227,3,car,0.3713,484,127,544,159,0.559
227,6,car,0.6841,613,124,696,184,0.0
227,7,bus,0.4188,386,96,477,178,0.25
227,5,bus,0.7152,383,148,567,497,2.016
227,56,car,0.3631,1015,74,1078,113,0.901
227,73,person,0.4622,103,427,151,522,0.0
227,4,truck,0.3293,1079,30,1167,144,0.559
227,160,person,0.3599,1414,181,1446,260,0.5
227,146,person,0.4418,1588,261,1623,371,0.283
228,3,car,0.3569,484,127,545,159,0.354
228,6,car,0.6954,613,123,696,183,0.25
228,7,bus,0.5129,386,97,477,178,0.0
228,5,bus,0.692,384,149,568,496,2.062
228,56,car,0.3774,1017,75,1078,113,0.5
228,73,person,0.543,103,427,151,522,0.25
228,4,truck,0.3251,1079,30,1167,145,0.25
228,160,person,0.4035,1413,181,1445,260,0.25
228,146,person,0.4188,1588,258,1624,371,0.559
229,3,car,0.3802,484,126,546,158,0.559
229,6,car,0.7017,613,123,696,183,0.25
229,7,bus,0.4702,386,97,476,178,0.0
229,5,bus,0.6366,385,149,567,492,1.521
229,56,car,0.388,1019,77,1079,114,1.118
229,73,person,0.5337,103,427,151,522,0.25
229,4,truck,0.3294,1079,30,1167,145,0.5
229,160,person,0.414,1412,181,1445,261,0.5
229,146,person,0.4802,1588,254,1625,371,0.25
230,3,car,0.339,484,126,545,158,0.25
230,6,car,0.6831,613,124,696,184,0.0
230,7,bus,0.3813,386,97,477,178,0.0
230,5,bus,0.7606,385,148,567,491,1.521
230,56,car,0.3804,1019,76,1079,114,1.118
230,73,person,0.4881,102,427,150,522,0.25
230,4,truck,0.3263,1079,30,1167,144,0.25
230,160,person,0.4137,1412,181,1445,261,0.5
230,146,person,0.5488,1588,250,1627,371,0.791
231,3,car,0.3185,484,127,544,158,0.25
231,6,car,0.682,613,124,696,184,0.0
231,7,bus,0.4148,386,97,477,178,0.0
231,5,bus,0.6561,385,148,567,490,0.791
231,56,car,0.3814,1018,76,1078,114,0.707
231,73,person,0.5069,102,427,150,523,0.354
231,4,truck,0.3275,1079,30,1166,144,0.25
231,160,person,0.4068,1412,181,1445,260,0.5
231,146,person,0.5298,1589,247,1629,371,2.016
232,3,car,0.3264,484,127,545,158,0.25
232,6,car,0.717,613,124,696,184,0.25
232,7,bus,0.477,386,97,477,178,0.0
232,5,bus,0.7515,385,148,567,489,1.0
232,56,car,0.3943,1014,76,1073,113,1.0
232,73,person,0.4458,102,427,150,523,0.354
232,4,truck,0.3135,1079,30,1166,144,0.25
232,160,person,0.3816,1412,181,1444,259,0.25
232,146,person,0.5164,1588,246,1628,371,1.581
233,3,car,0.3103,485,126,545,157,0.25
233,6,car,0.6976,613,124,696,184,0.25
233,7,bus,0.4237,386,96,477,177,0.25
233,5,bus,0.7623,385,147,567,487,0.75
233,56,car,0.406,1012,76,1071,114,2.0
233,73,person,0.2978,103,428,151,523,0.25
233,4,truck,0.2973,1079,30,1166,144,0.25
233,160,person,0.3233,1412,183,1443,259,0.25
233,146,person,0.5352,1588,245,1629,370,1.346
234,3,car,0.2781,485,126,545,156,0.354
234,6,car,0.6741,613,124,696,184,0.0
234,7,bus,0.4691,385,96,477,178,0.0
234,5,bus,0.7851,385,147,566,486,0.791
234,56,car,0.3638,1013,76,1072,114,1.75
234,73,person,0.4147,102,428,150,524,0.5
234,4,truck,0.3118,1080,30,1167,144,0.0
234,160,person,0.3708,1411,183,1443,260,0.25
234,146,person,0.4988,1588,246,1629,371,0.559
235,3,car,0.2647,485,126,546,156,0.354
235,6,car,0.6823,613,124,696,184,0.0
235,7,bus,0.5377,385,96,477,178,0.0
235,5,bus,0.8119,386,146,567,483,1.25
235,56,car,0.3153,1010,76,1070,114,2.0
235,73,person,0.4412,102,428,150,524,0.25
235,160,person,0.3855,1411,182,1443,260,0.354
235,146,person,0.4839,1588,245,1629,370,0.559
236,3,car,0.2886,485,126,546,156,0.354
236,6,car,0.6944,613,124,696,184,0.0
236,7,bus,0.5327,386,96,478,178,0.25
236,5,bus,0.7537,387,146,567,481,1.275
236,56,car,0.3329,1009,76,1067,113,1.25
236,73,person,0.3303,103,428,151,524,0.354
236,160,person,0.5266,1411,183,1443,261,0.559
236,146,person,0.5366,1588,246,1630,371,0.25
236,4,truck,0.269,1078,29,1166,144,0.2
237,3,car,0.2844,484,125,546,156,0.25
237,6,car,0.676,613,124,696,184,0.0
237,7,bus,0.5284,386,96,477,177,0.0
237,5,bus,0.7835,387,146,566,479,1.25
237,56,car,0.3032,1009,76,1067,114,0.75
237,73,person,0.3041,103,428,151,524,0.25
237,160,person,0.5121,1411,183,1443,261,0.25
237,146,person,0.5161,1588,245,1630,371,0.354
237,4,truck,0.3226,1079,29,1166,144,0.2
238,6,car,0.6877,613,124,696,184,0.0
238,7,bus,0.5169,386,96,478,178,0.25
238,5,bus,0.8001,387,145,567,479,1.118
238,56,car,0.3224,1010,76,1068,114,0.75
238,73,person,0.3232,103,428,151,523,0.354
238,160,person,0.5704,1412,184,1444,260,0.354
238,146,person,0.4623,1589,244,1632,370,0.559
238,4,truck,0.257,1080,30,1167,144,0.2
239,6,car,0.6773,613,124,696,184,0.0
239,7,bus,0.5435,386,96,478,178,0.25
239,5,bus,0.6815,387,144,567,479,0.791
239,56,car,0.3912,1010,76,1068,114,0.25
239,73,person,0.381,103,428,152,524,0.25
239,160,person,0.6587,1411,184,1443,262,0.5
239,146,person,0.4422,1589,244,1632,370,0.5
239,4,bus,0.2782,1079,30,1166,144,0.2
240,6,car,0.6706,613,124,696,184,0.0
240,7,bus,0.4938,386,96,478,178,0.0
240,5,bus,0.6668,387,144,567,478,0.5
240,56,car,0.3551,1009,76,1067,114,0.25
240,73,person,0.3774,102,427,151,523,0.354
240,160,person,0.652,1411,185,1443,264,0.5
240,146,person,0.4163,1589,245,1632,371,0.25
240,4,truck,0.2913,1080,30,1167,144,0.354
241,6,car,0.6615,613,124,695,184,0.0
241,7,bus,0.5375,386,96,479,179,0.354
241,5,bus,0.7032,387,143,567,476,0.791
241,56,car,0.3823,1008,76,1065,114,0.5
241,73,person,0.393,103,428,151,524,0.0
241,160,person,0.6878,1411,186,1443,265,0.75
241,146,person,0.5002,1590,244,1633,370,0.559
241,4,truck,0.3114,1080,30,1167,145,0.354
242,6,car,0.6667,614,124,697,184,0.25
242,7,bus,0.5647,386,96,479,179,0.0
242,5,bus,0.6866,387,142,566,474,1.031
242,56,car,0.372,1008,77,1065,115,0.791
242,73,person,0.4119,103,428,151,523,0.0
242,160,person,0.6469,1411,187,1443,266,1.031
242,146,person,0.5115,1589,245,1632,371,0.25
242,4,truck,0.2994,1080,30,1167,145,0.0
243,6,car,0.6814,614,124,696,184,0.25
243,7,bus,0.5348,386,96,478,179,0.0
243,5,bus,0.6424,388,142,567,473,1.0
243,56,car,0.3308,1008,77,1064,114,0.75
243,73,person,0.4067,103,428,151,523,0.25
243,160,person,0.6118,1411,187,1443,267,1.0
243,146,person,0.5132,1589,246,1632,370,0.25
243,4,truck,0.3275,1080,30,1167,145,0.25
244,6,car,0.6528,614,124,696,183,0.354
244,7,bus,0.4762,386,96,478,178,0.0
244,5,bus,0.6544,388,141,567,472,1.25
244,56,car,0.3253,1009,77,1065,114,0.25
244,73,person,0.4535,103,429,151,524,0.354
244,160,person,0.6325,1411,186,1443,267,0.5
244,146,person,0.5226,1588,246,1631,371,0.25
244,4,truck,0.3654,1080,30,1167,145,0.0
245,6,car,0.6823,614,124,696,183,0.354
245,7,bus,0.5368,386,96,478,178,0.0
245,5,bus,0.6062,388,141,566,470,1.0
245,56,car,0.33,1013,77,1068,114,1.0
245,73,person,0.4931,103,429,151,524,0.0
245,160,person,0.5643,1412,188,1443,267,0.5
245,146,person,0.4721,1589,245,1633,370,0.0
245,4,truck,0.2794,1080,30,1166,144,0.0
246,6,car,0.681,614,124,696,184,0.0
246,7,bus,0.4467,386,96,478,178,0.0
246,5,bus,0.5584,388,141,565,468,1.0
246,56,car,0.3341,1013,78,1067,114,1.0
246,73,person,0.4129,103,428,151,523,0.0
246,160,person,0.4861,1413,189,1443,266,0.354
246,146,person,0.5032,1588,244,1632,371,0.25
246,4,truck,0.2596,1080,30,1166,145,0.0
247,6,car,0.6961,614,124,696,184,0.0
247,7,bus,0.2844,386,96,478,178,0.0
247,5,bus,0.587,390,142,566,466,0.791
247,56,car,0.3139,1012,78,1067,115,0.791
247,73,person,0.3341,103,429,151,524,0.25
247,160,person,0.4593,1413,189,1442,265,0.0
247,146,person,0.4839,1588,242,1633,371,0.5
248,6,car,0.6864,613,124,695,183,0.25
248,7,bus,0.4417,386,95,478,177,0.25
248,5,bus,0.5896,391,140,567,463,1.346
248,56,car,0.2754,1012,77,1067,114,0.5
248,73,person,0.4061,103,429,151,524,0.0
248,160,person,0.5448,1412,186,1442,268,0.25
248,146,person,0.4642,1588,241,1633,371,0.559
249,6,car,0.6861,613,124,695,183,0.25
249,7,bus,0.5016,386,96,478,178,0.0
249,5,bus,0.6509,391,140,567,463,1.118
249,56,car,0.2941,1013,77,1068,114,0.0
249,73,person,0.4049,103,429,151,524,0.0
249,160,person,0.5937,1412,185,1443,268,0.25
249,146,person,0.4766,1588,241,1634,371,0.25
250,6,car,0.6784,613,124,695,183,0.354
250,7,bus,0.453,386,96,478,177,0.25
250,5,bus,0.7235,392,139,567,460,1.458
250,56,car,0.3251,1010,77,1064,114,0.791
250,73,person,0.3527,103,429,151,523,0.25
250,160,person,0.6319,1412,184,1443,268,0.354
250,146,person,0.4642,1588,242,1633,371,0.25
250,4,truck,0.2973,1081,30,1167,144,0.143
251,6,car,0.6818,614,124,696,183,0.25
251,7,bus,0.4462,386,95,478,177,0.25
251,5,bus,0.6589,391,139,566,460,1.25
251,56,car,0.3257,1009,77,1063,114,0.791
251,73,person,0.4182,103,429,151,524,0.0
251,160,person,0.6129,1412,183,1443,268,0.5
251,146,person,0.4655,1588,243,1633,371,0.25
251,4,truck,0.3046,1081,30,1167,144,0.143
252,6,car,0.6861,614,124,696,183,0.25
252,7,bus,0.4983,386,95,478,177,0.0
252,5,bus,0.6381,391,139,566,460,0.559
252,56,car,0.2884,1008,77,1061,114,1.25
252,73,person,0.3983,103,428,151,523,0.25
252,160,person,0.6481,1412,182,1442,267,0.75
252,146,person,0.4636,1588,243,1633,371,0.25
252,4,bus,0.3087,1080,30,1166,145,0.0
253,6,car,0.6933,614,124,696,183,0.25
253,7,bus,0.4672,386,96,478,178,0.0
253,5,bus,0.6698,392,139,566,458,0.75
253,56,car,0.2914,1008,77,1061,114,1.5
253,73,person,0.4354,103,428,151,523,0.25
253,160,person,0.657,1413,182,1443,266,0.559
253,146,person,0.4635,1588,244,1632,371,0.354
253,4,bus,0.2554,1079,30,1165,145,0.143
254,6,car,0.6745,614,124,696,183,0.25
254,7,bus,0.4709,386,95,478,177,0.0
254,5,bus,0.6874,392,138,566,457,0.5
254,56,car,0.3238,1008,77,1061,114,0.75
254,73,person,0.4721,103,428,151,523,0.25
254,160,person,0.6635,1414,181,1444,266,0.901
254,146,person,0.3875,1588,244,1632,372,0.5
254,4,bus,0.2858,1079,30,1165,145,0.5
255,6,car,0.6751,613,124,695,183,0.25
255,7,bus,0.448,386,95,478,177,0.0
255,5,bus,0.7005,392,138,566,457,0.559
255,56,car,0.3089,1009,77,1062,114,0.25
255,73,person,0.4219,103,429,151,524,0.0
255,160,person,0.705,1414,180,1444,266,0.707
255,146,person,0.393,1587,244,1631,371,0.25
255,4,bus,0.3072,1080,30,1165,144,0.5
256,6,car,0.6879,613,125,695,184,0.354
256,7,bus,0.3957,386,95,477,176,0.354
256,5,bus,0.6233,393,136,568,456,0.901
256,56,car,0.3027,1010,77,1063,114,0.5
256,73,person,0.3495,103,429,151,524,0.25
256,160,person,0.7099,1415,180,1445,265,0.901
256,146,person,0.3939,1587,244,1631,371,0.25
256,4,bus,0.3329,1080,29,1165,144,0.354
257,6,car,0.6645,613,124,695,183,0.25
257,7,bus,0.4392,386,95,477,176,0.559
257,5,bus,0.7147,393,135,567,455,0.791
257,56,car,0.2957,1011,78,1064,115,0.791
257,73,person,0.4352,103,428,151,523,0.0
257,160,person,0.6865,1415,181,1445,266,0.559
257,146,person,0.3725,1587,243,1631,371,0.25
257,4,bus,0.3377,1080,29,1165,144,0.25
258,6,car,0.6745,613,124,695,184,0.354
258,7,bus,0.4607,386,95,478,177,0.0
258,5,bus,0.7248,394,136,567,454,0.559
258,56,car,0.2803,1012,78,1065,115,1.031
258,73,person,0.4442,103,428,151,523,0.0
258,160,person,0.6856,1415,182,1444,266,0.25
258,146,person,0.3739,1587,243,1630,371,0.559
258,4,bus,0.2989,1080,30,1165,144,0.0
259,6,car,0.6772,613,124,695,184,0.25
259,7,bus,0.4214,386,95,478,178,0.0
259,5,bus,0.6956,394,137,567,454,0.559
259,56,car,0.2742,1013,78,1066,115,1.031
259,73,person,0.3861,103,428,151,523,0.25
259,160,person,0.703,1416,183,1444,265,0.354
259,146,person,0.3411,1588,242,1631,371,0.25
259,4,bus,0.3723,1080,29,1165,144,0.25
260,6,car,0.6756,613,124,695,183,0.25
260,7,bus,0.4221,386,95,478,177,0.354
260,5,bus,0.6907,394,135,568,454,0.559
260,73,person,0.4118,103,429,151,524,0.0
260,160,person,0.6933,1416,182,1445,265,0.25
260,146,person,0.2934,1588,242,1631,371,0.25
260,4,bus,0.3404,1080,30,1165,144,0.25
261,6,car,0.6817,613,124,695,184,0.25
261,7,bus,0.4466,386,95,478,178,0.354
261,5,bus,0.6479,394,136,567,454,0.0
261,73,person,0.3985,103,428,151,523,0.0
261,160,person,0.3968,1415,180,1444,264,0.354
261,146,person,0.3279,1588,241,1631,370,0.5
261,4,bus,0.2642,1080,30,1165,144,0.25
262,6,car,0.7048,613,124,696,184,0.0
262,7,bus,0.4565,386,95,479,178,0.0
262,5,bus,0.5802,395,136,568,454,0.25
262,73,person,0.3292,103,429,151,524,0.25
262,160,person,0.5568,1415,180,1444,264,0.5
262,146,person,0.3576,1588,241,1631,370,0.559
262,4,bus,0.2994,1080,29,1165,144,0.25
263,6,car,0.6973,613,124,695,184,0.0
263,7,bus,0.5022,386,95,478,177,0.0
263,5,bus,0.6072,394,135,568,454,0.354
263,73,person,0.42,103,428,151,523,0.0
263,160,person,0.6187,1415,182,1443,265,0.354
263,146,person,0.3664,1588,242,1631,371,0.0
263,4,bus,0.3089,1080,30,1165,144,0.25
263,56,car,0.2555,1016,78,1067,114,0.728
264,6,car,0.6677,613,124,695,183,0.0
264,7,bus,0.435,386,95,477,177,0.25
264,5,bus,0.5768,395,135,569,454,0.25
264,73,person,0.4016,103,428,151,523,0.25
264,160,person,0.6187,1415,182,1443,266,0.354
264,146,person,0.2966,1588,242,1630,371,0.0
264,4,truck,0.2882,1081,30,1165,144,0.25
265,6,car,0.6611,614,124,696,183,0.354
265,7,bus,0.4706,387,95,478,177,0.0
265,5,bus,0.591,395,135,568,453,0.354
265,73,person,0.3797,103,428,151,523,0.0
265,160,person,0.6514,1414,182,1442,265,0.354
265,146,person,0.3471,1589,244,1630,370,0.5
265,4,bus,0.3794,1081,30,1165,144,0.25
266,6,car,0.6772,614,124,696,183,0.354
266,7,bus,0.3236,386,95,478,177,0.0
266,5,bus,0.5524,396,135,568,452,0.559
266,73,person,0.3329,103,429,151,524,0.0
266,160,person,0.6773,1414,181,1442,266,0.354
266,146,person,0.2887,1588,242,1629,370,0.354
266,4,bus,0.4379,1081,30,1165,144,0.354
267,6,car,0.673,614,125,696,184,0.25
267,7,bus,0.356,386,94,478,177,0.25
267,5,bus,0.5916,396,135,567,451,0.25
267,73,person,0.3363,103,429,151,523,0.25
267,160,person,0.6702,1414,181,1442,266,0.25
267,146,person,0.2853,1588,241,1629,370,0.354
267,4,bus,0.4155,1081,30,1165,144,0.25
268,6,car,0.6719,614,124,696,183,0.25
268,7,bus,0.3583,386,95,479,179,0.354
268,5,bus,0.4882,397,135,567,449,0.5
268,73,person,0.2844,103,429,151,523,0.25
268,160,person,0.637,1414,180,1442,266,0.354
268,146,person,0.293,1588,242,1629,371,0.25
268,4,bus,0.3411,1081,30,1165,144,0.0
269,6,car,0.6934,613,124,695,183,0.25
269,7,bus,0.4096,386,94,480,180,0.354
269,5,bus,0.6596,397,136,566,449,0.5
269,73,person,0.3074,103,429,151,523,0.25
269,160,person,0.6392,1414,182,1441,265,0.25
269,146,person,0.2856,1588,242,1628,371,0.354
269,4,bus,0.3542,1081,30,1165,144,0.0
270,6,car,0.6612,613,124,695,183,0.25
270,7,bus,0.3017,385,94,479,180,0.25
270,5,bus,0.6499,398,136,566,447,0.5
270,73,person,0.3246,103,429,151,523,0.0
270,160,person,0.6445,1414,184,1441,264,0.354
270,4,bus,0.3792,1081,31,1164,144,0.25
271,6,car,0.6851,614,124,696,183,0.25
271,7,bus,0.3324,386,94,479,179,0.25
271,5,bus,0.6125,398,136,565,446,0.5
271,73,person,0.2648,103,429,152,524,0.0
271,160,person,0.6265,1414,184,1441,263,0.25
271,4,bus,0.3796,1081,30,1165,144,0.0
272,6,car,0.4881,612,123,694,182,0.559
272,7,bus,0.4159,386,96,474,176,0.559
272,5,bus,0.6833,397,136,564,445,0.707
272,160,person,0.6175,1414,184,1441,264,0.354
272,146,person,0.2809,1589,244,1628,367,0.167
273,6,car,0.6894,611,124,693,183,0.5
273,7,bus,0.3202,386,94,473,173,1.414
273,5,bus,0.5679,396,136,561,443,1.061
273,160,person,0.6583,1414,184,1442,266,0.559
273,146,person,0.4746,1585,242,1625,369,0.5
274,6,car,0.5356,612,123,693,182,0.559
274,7,bus,0.2736,388,96,473,173,0.901
274,5,bus,0.6583,397,135,563,442,0.901
274,160,person,0.6002,1414,181,1443,266,0.354
274,73,person,0.3238,101,428,150,524,0.333
275,6,car,0.59,610,122,692,182,1.031
275,7,bus,0.4444,386,97,472,174,0.791
275,5,bus,0.6275,397,133,565,445,0.5
275,160,person,0.6224,1413,180,1443,268,0.354
275,146,person,0.4335,1583,240,1623,369,0.769
276,6,car,0.7094,612,123,694,183,0.25
276,7,bus,0.3356,386,96,477,178,0.354
276,5,bus,0.6736,398,135,564,445,0.25
276,160,person,0.6306,1412,179,1442,267,0.25
276,4,bus,0.3609,1082,28,1167,143,0.28
277,6,car,0.7083,613,124,695,184,0.559
277,7,car,0.3146,386,97,477,179,1.346
277,5,bus,0.6825,399,135,564,444,0.75
277,160,person,0.5176,1413,180,1442,264,0.791
277,73,person,0.3379,103,429,151,522,0.125
277,146,person,0.4803,1589,245,1629,369,0.177
278,6,car,0.5454,613,124,694,183,0.354
278,7,car,0.2869,386,97,474,176,0.5
278,5,bus,0.5575,399,134,565,444,0.559
278,160,person,0.6046,1413,184,1440,263,0.5
278,146,person,0.4026,1587,241,1628,370,0.167
278,4,bus,0.3359,1080,31,1163,143,0.222
279,6,car,0.6656,613,124,695,183,0.791
279,7,bus,0.2906,387,95,477,176,0.75
279,5,bus,0.5937,400,135,565,443,0.25
279,160,person,0.6048,1412,179,1441,263,0.901
279,146,person,0.2859,1590,246,1629,367,0.687
279,4,bus,0.3182,1082,28,1167,143,0.314
280,6,car,0.7514,609,123,693,185,0.559
280,7,bus,0.3315,385,99,474,180,0.707
280,5,bus,0.5678,399,135,563,441,0.5
280,160,person,0.3,1412,181,1439,260,0.901
280,146,person,0.5084,1586,242,1626,369,0.632
281,6,car,0.6365,610,124,692,184,0.75
281,5,bus,0.7266,399,133,562,439,0.791
281,160,person,0.6185,1412,183,1439,261,0.5
281,146,person,0.5253,1585,242,1625,370,1.031
281,56,car,0.2849,1015,81,1067,115,0.186
282,6,car,0.6318,612,124,694,184,0.25
282,5,bus,0.76,401,133,564,439,0.75
282,160,person,0.3542,1412,182,1440,263,0.25
282,146,person,0.2915,1587,244,1626,366,0.25
282,4,bus,0.4406,1082,29,1167,144,0.129
282,7,bus,0.3646,387,97,477,178,0.283
283,6,car,0.6247,612,125,693,185,0.707
283,5,bus,0.7214,400,133,563,439,0.791
283,160,person,0.5735,1412,184,1439,261,0.354
283,146,person,0.5327,1587,242,1627,370,0.5
283,73,person,0.2591,101,427,150,523,0.172
283,56,car,0.3172,1014,83,1067,115,0.144
284,6,car,0.6806,613,125,695,185,0.791
284,5,bus,0.7778,402,132,564,437,1.118
284,160,person,0.4418,1411,181,1439,260,0.0
284,146,person,0.4868,1587,242,1627,368,0.25
284,73,person,0.2859,102,428,151,522,0.109
284,56,car,0.3505,1007,80,1065,116,0.144
284,4,bus,0.3543,1079,31,1163,144,0.451
284,7,bus,0.2944,387,96,479,179,0.527
285,6,car,0.6829,612,123,696,185,0.75
285,5,bus,0.7546,403,132,565,437,1.118
285,160,person,0.4147,1411,180,1439,260,0.5
285,146,person,0.5512,1588,241,1628,367,0.901
285,73,person,0.3748,103,431,151,524,0.203
285,56,car,0.3246,1008,80,1066,116,0.203
285,4,truck,0.2631,1081,30,1166,144,0.286
285,7,bus,0.2859,389,97,478,177,0.373
286,6,car,0.6448,612,124,695,186,0.25
286,5,bus,0.7962,404,132,565,435,0.901
286,160,person,0.409,1412,180,1441,260,0.5
286,146,person,0.473,1589,244,1629,368,0.791
286,73,person,0.4241,103,431,150,524,0.248
286,56,car,0.339,1010,80,1068,116,0.4
286,4,bus,0.3138,1083,31,1168,145,0.452
286,7,bus,0.3242,389,98,477,177,0.745
287,6,car,0.6163,614,126,696,186,0.791
287,5,bus,0.7533,404,134,565,437,0.791
287,160,person,0.5213,1412,180,1441,262,0.354
287,146,person,0.5504,1590,242,1632,370,1.0
287,4,bus,0.3247,1083,31,1168,144,0.283
288,6,car,0.5544,614,128,697,189,0.791
288,5,bus,0.7451,406,137,566,438,1.061
288,160,person,0.5701,1412,183,1440,261,0.559
288,146,person,0.5701,1590,243,1633,374,1.25
288,4,bus,0.4534,1083,31,1170,146,1.275
288,73,person,0.2538,105,437,152,528,1.523
288,56,car,0.2947,1002,79,1066,120,1.2
288,7,bus,0.2524,392,100,477,175,0.333
289,6,car,0.5398,616,136,699,197,3.092
289,5,bus,0.6633,408,142,566,440,1.904
289,160,person,0.305,1412,190,1440,268,2.264
289,4,truck,0.4037,1082,38,1169,154,2.305
289,73,person,0.2849,105,440,154,536,2.668
289,7,car,0.5141,391,109,479,186,2.04
290,6,car,0.7054,617,140,700,201,3.953
290,5,bus,0.7497,409,145,566,440,2.372
290,4,truck,0.3545,1083,42,1169,156,2.761
290,73,person,0.3192,107,444,154,539,2.864
290,7,car,0.3584,388,114,483,198,3.821
291,6,car,0.605,617,140,701,202,3.881
291,5,bus,0.6971,410,145,567,440,2.016
291,4,bus,0.3313,1084,43,1170,157,3.288
291,73,person,0.3101,108,446,154,538,3.162
291,7,car,0.5729,399,114,472,174,1.456
292,6,car,0.6258,616,140,701,203,3.335
292,5,bus,0.6604,410,149,566,441,2.062
292,4,truck,0.4226,1084,44,1170,157,3.01
292,73,person,0.3442,108,449,152,539,3.041
292,7,car,0.4367,393,117,478,186,3.509
292,146,person,0.2921,1590,254,1634,388,2.495
293,6,car,0.6596,615,140,701,203,1.275
293,5,bus,0.7375,409,145,566,439,0.25
293,4,truck,0.6279,1083,45,1169,158,1.275
293,73,person,0.4137,107,448,152,538,1.25
293,7,car,0.4818,386,116,483,196,2.264
293,160,person,0.3605,1413,195,1440,271,1.857
294,6,car,0.6463,615,140,700,203,0.354
294,5,bus,0.7718,409,145,566,438,0.25
294,4,truck,0.6307,1083,45,1170,159,0.75
294,73,person,0.5475,105,446,151,539,0.559
294,7,bus,0.3285,384,117,485,201,0.791
294,288,train,0.3427,1225,89,1915,472,0.0
294,160,person,0.3342,1413,195,1440,272,1.714
295,6,car,0.6654,615,140,699,202,0.5
295,5,bus,0.7912,408,145,565,439,0.5
295,4,truck,0.5719,1083,45,1169,158,0.354
295,73,person,0.4768,105,446,152,541,0.791
296,6,car,0.6842,614,141,697,203,0.791
296,5,bus,0.7644,408,145,565,439,0.901
296,4,truck,0.4894,1083,45,1169,158,0.354
296,73,person,0.4691,105,446,151,538,0.707
296,291,car,0.4199,392,115,478,156,0.0
296,146,person,0.3236,1590,256,1631,383,1.304
296,7,car,0.295,384,117,484,201,3.007
297,6,car,0.5476,615,140,699,202,0.25
297,5,bus,0.7738,408,143,566,439,0.25
297,4,truck,0.5919,1083,44,1170,158,0.0
297,73,person,0.5465,105,444,152,538,0.559
297,291,car,0.4061,390,114,481,157,0.0
297,146,person,0.389,1591,258,1634,388,1.703
297,7,car,0.2507,384,115,485,201,1.414
298,6,car,0.5872,616,140,700,202,0.25
298,5,bus,0.7888,409,142,567,439,0.354
298,4,truck,0.4357,1083,44,1170,158,0.25
298,73,person,0.4626,107,445,153,538,0.559
298,291,car,0.5502,388,114,482,159,0.5
298,146,person,0.4168,1591,258,1634,389,1.503
299,6,car,0.6321,617,140,701,202,0.5
299,5,bus,0.8314,409,142,568,439,0.707
299,4,truck,0.338,1083,44,1169,157,0.25
299,73,person,0.3945,107,445,152,538,0.559
299,291,car,0.4517,392,115,481,157,0.471
299,146,person,0.3935,1590,256,1634,388,0.143
299,7,car,0.3222,386,115,486,201,0.471
300,6,car,0.5398,617,137,700,199,1.25
300,5,bus,0.709,409,139,567,435,1.346
300,73,person,0.4411,106,442,152,536,0.791
300,291,car,0.3126,395,111,481,151,1.25
300,146,person,0.3796,1590,256,1633,386,0.559
300,160,person,0.3317,1412,196,1438,271,0.92
301,6,car,0.6934,618,140,700,201,0.559
301,5,bus,0.6945,410,140,566,431,1.521
301,73,person,0.3898,107,442,154,538,0.559
301,291,car,0.3032,391,112,484,156,0.559
301,146,person,0.3161,1591,257,1634,387,0.25
301,4,truck,0.3323,1085,45,1171,156,0.447
302,6,car,0.4016,619,136,702,198,1.118
302,5,bus,0.7527,412,139,569,432,1.346
302,73,person,0.4913,108,440,155,537,0.791
302,146,person,0.3169,1591,252,1634,384,1.25
302,160,person,0.3081,1413,193,1439,268,0.077
303,6,car,0.5758,620,139,703,201,0.559
303,5,bus,0.7238,415,141,570,430,1.601
303,73,person,0.4406,111,445,156,538,1.0
303,146,person,0.3122,1594,255,1638,387,1.031
303,291,car,0.4857,398,113,482,152,1.281
304,6,car,0.7011,628,143,710,204,3.021
304,5,bus,0.7199,422,144,577,433,2.761
305,6,car,0.5176,638,149,719,210,5.256
305,5,bus,0.5949,435,168,581,439,6.727
305,307,person,0.5042,133,459,178,550,0.0
306,6,car,0.326,645,153,728,215,7.766
306,5,bus,0.6738,441,163,592,444,7.906
306,308,person,0.6256,1438,212,1464,279,0.0
307,6,car,0.492,650,160,733,222,9.155
307,5,bus,0.7071,444,163,598,450,8.951
307,308,person,0.3815,1444,217,1469,282,6.403
308,6,car,0.4534,654,164,735,225,8.162
308,5,bus,0.6746,449,164,605,454,8.75
308,308,person,0.406,1446,219,1471,284,4.61
308,316,person,0.4775,1631,282,1668,408,0.0
308,4,bus,0.6408,1117,67,1204,180,3.682
309,6,car,0.5149,655,165,736,226,5.836
309,5,bus,0.6844,449,164,605,455,4.981
309,316,person,0.3001,1630,282,1667,408,1.0
309,324,truck,0.4155,1116,67,1211,181,0.0
309,4,bus,0.5785,1119,69,1206,182,3.933
310,6,car,0.4669,655,164,735,223,3.182
310,5,bus,0.7234,450,163,603,449,2.61
310,316,person,0.6114,1629,273,1668,405,3.041
310,324,truck,0.4441,1116,67,1212,183,1.414
310,4,bus,0.4067,1120,70,1207,183,4.111
311,5,bus,0.7012,447,139,599,424,6.27
312,5,bus,0.5852,444,142,595,425,6.801
312,333,car,0.5797,650,139,728,200,0.0
312,291,car,0.5395,426,114,506,151,2.328
312,316,person,0.3194,1623,257,1662,390,5.772
312,324,truck,0.5166,1112,47,1206,161,6.799
313,5,bus,0.7173,443,148,595,433,5.154
313,334,person,0.6926,1438,207,1470,277,0.0
313,316,person,0.4668,1624,261,1663,395,3.606
313,324,truck,0.2965,1112,52,1209,169,3.579
313,307,person,0.4261,144,460,179,531,1.352
314,5,bus,0.6367,441,144,593,427,5.712
314,324,truck,0.5166,1106,45,1201,160,4.833
314,333,car,0.6759,645,141,722,201,3.162
314,291,car,0.3348,418,114,510,157,1.879
315,5,bus,0.6108,437,147,588,429,3.26
315,324,bus,0.3576,1106,49,1202,165,4.118
315,333,car,0.6636,642,148,720,209,4.014
315,334,person,0.5281,1428,205,1460,277,5.025
315,316,person,0.4822,1616,268,1653,394,3.3
316,5,bus,0.6112,439,139,591,424,1.118
316,324,truck,0.4136,1107,44,1202,159,1.458
316,333,car,0.5764,646,142,726,204,1.25
316,291,car,0.3626,424,111,510,150,2.018
317,5,bus,0.7923,443,142,596,427,1.5
317,333,car,0.3936,649,144,730,207,1.2
317,347,person,0.4188,1439,201,1468,274,0.0
318,5,bus,0.643,445,146,597,429,1.118
318,333,car,0.553,651,148,732,211,2.828
318,347,person,0.4579,1439,206,1467,275,3.0
319,5,bus,0.6744,450,146,602,429,3.509
319,333,car,0.5108,655,152,734,213,3.4
319,347,person,0.4269,1443,206,1471,277,2.828
319,324,truck,0.3903,1117,53,1213,170,0.85
320,5,bus,0.725,451,155,603,439,5.0
320,333,car,0.4672,656,160,734,221,4.809
320,347,person,0.7035,1441,215,1472,291,5.426
320,361,person,0.5295,1632,289,1665,411,0.0
320,324,bus,0.6053,1116,63,1208,176,3.206
321,5,bus,0.6805,446,162,597,445,4.776
321,333,car,0.4206,652,168,730,228,5.772
321,347,person,0.69,1436,224,1466,299,6.021
321,361,person,0.5766,1623,281,1659,416,7.28
322,5,bus,0.6712,443,162,594,443,3.824
322,333,car,0.6496,646,167,725,228,4.743
322,347,person,0.5208,1432,222,1462,297,4.981
322,361,person,0.3554,1616,282,1652,414,7.071
323,5,bus,0.5338,438,164,591,450,5.831
323,333,car,0.7526,645,172,724,232,5.59
323,347,person,0.5833,1428,227,1458,301,6.731
323,361,person,0.5507,1614,289,1649,418,5.754
324,5,bus,0.6252,437,183,583,455,6.951
324,333,car,0.4673,639,176,719,237,5.657
324,347,person,0.4635,1424,233,1454,306,5.836
324,361,person,0.6884,1610,294,1645,425,5.712
324,308,person,0.4717,1477,248,1509,332,3.42
325,5,bus,0.6721,431,183,579,459,6.021
325,333,car,0.5167,633,179,715,242,5.202
325,347,person,0.3862,1419,237,1447,305,5.148
325,361,person,0.492,1606,295,1642,428,5.35
325,308,person,0.2874,1481,251,1512,335,3.463
326,5,bus,0.8436,427,186,576,465,7.15
326,333,car,0.4906,630,185,711,247,6.052
326,347,person,0.3508,1416,244,1445,314,6.562
326,361,person,0.4328,1602,297,1640,436,5.551
327,5,bus,0.8284,424,190,573,468,6.801
327,333,car,0.5472,626,192,708,255,6.755
327,347,person,0.3878,1414,251,1441,316,6.21
327,361,person,0.4303,1599,305,1637,442,5.963
328,5,bus,0.814,420,195,567,469,5.35
328,333,car,0.5416,624,198,704,259,6.657
328,347,person,0.6066,1408,255,1435,320,6.364
328,361,person,0.5299,1592,311,1629,443,6.19
329,5,bus,0.8086,419,192,567,468,3.75
329,333,car,0.6013,621,196,700,256,5.315
329,347,person,0.4704,1405,253,1433,321,5.315
329,361,person,0.4554,1591,314,1627,444,5.858
330,5,bus,0.8209,418,188,564,459,2.55
330,333,car,0.4575,621,189,701,250,2.372
330,347,person,0.6516,1406,245,1435,314,2.5
330,361,person,0.619,1591,302,1629,435,2.795
331,5,bus,0.8526,422,175,569,449,4.316
331,333,car,0.6231,623,177,705,240,3.824
331,7,car,0.3109,386,149,483,228,0.784
332,5,bus,0.8191,427,155,576,432,9.953
332,73,person,0.3307,128,457,173,554,0.825
332,146,person,0.5768,1604,262,1647,399,0.52
333,5,bus,0.8331,430,118,584,407,17.357
333,73,person,0.6319,131,435,175,532,0.751
334,5,bus,0.722,433,132,583,414,13.203
334,73,person,0.3361,131,447,174,541,0.683
334,160,person,0.5276,1422,202,1449,275,0.251
334,146,person,0.5552,1606,259,1648,398,0.49
335,5,bus,0.7784,432,139,579,415,9.1
335,408,car,0.6723,636,150,714,209,0.0
335,409,person,0.4488,1479,215,1507,307,0.0
335,160,person,0.445,1419,203,1448,277,0.241
335,146,person,0.3656,1605,261,1644,396,0.473
336,5,bus,0.7972,426,148,572,420,2.305
336,408,car,0.3575,627,152,707,213,8.544
336,409,person,0.5399,1467,209,1497,306,11.705
336,160,person,0.7748,1412,205,1441,279,0.252
336,146,person,0.5282,1597,266,1637,401,0.365
337,5,bus,0.8196,424,141,569,411,4.451
337,408,car,0.5144,624,140,704,201,7.106
337,409,person,0.5302,1465,203,1494,298,8.902
337,160,person,0.6618,1410,197,1438,268,0.081
337,146,person,0.5531,1593,250,1634,389,3.256
338,5,bus,0.8086,422,139,568,411,3.288
338,408,car,0.6219,622,140,702,201,5.27
338,409,person,0.517,1460,192,1494,301,7.311
338,160,person,0.4404,1407,201,1435,273,3.509
338,146,person,0.3348,1592,256,1631,392,4.123
339,5,bus,0.7286,431,147,577,419,1.521
339,73,person,0.3902,129,461,172,555,0.668
340,5,bus,0.5511,434,148,581,422,2.016
340,424,person,0.5035,1480,217,1513,313,0.0
340,425,car,0.4263,637,153,719,215,0.0
340,426,person,0.5457,1611,274,1643,401,0.0
340,428,person,0.5768,1417,208,1451,281,0.0
341,5,bus,0.6199,435,148,582,421,3.606
341,424,person,0.5717,1480,217,1515,320,3.162
341,425,car,0.3676,636,153,719,215,1.0
341,426,person,0.5478,1611,270,1644,400,2.0
341,428,person,0.5319,1417,209,1450,281,1.414
341,288,train,0.258,1252,107,1918,478,0.409
342,5,bus,0.7531,440,153,587,427,5.858
342,424,person,0.6468,1485,228,1520,331,7.616
342,425,car,0.6289,643,161,724,222,4.301
342,428,person,0.539,1420,216,1455,291,4.743
342,73,person,0.422,136,469,179,564,1.304
343,5,bus,0.6745,442,173,588,445,7.058
343,424,person,0.5816,1486,249,1519,347,11.18
343,425,car,0.6299,645,182,725,242,9.621
343,428,person,0.4716,1419,235,1453,310,9.357
343,437,person,0.4992,1616,315,1650,433,0.0
343,73,person,0.3314,136,484,179,580,4.916
344,5,bus,0.7296,440,183,586,455,8.631
344,424,person,0.6586,1482,254,1517,356,10.028
344,425,car,0.5543,643,191,723,251,9.334
344,428,person,0.5849,1416,247,1450,320,9.753
344,437,person,0.3419,1611,309,1648,439,4.0
345,5,bus,0.8581,438,190,584,462,10.527
345,424,person,0.5314,1480,263,1513,359,10.753
345,425,car,0.7286,640,199,721,260,11.275
345,428,person,0.6498,1415,254,1448,327,11.261
345,437,person,0.5879,1612,332,1645,447,7.906
346,5,bus,0.817,437,203,583,474,12.023
346,424,person,0.4384,1477,278,1509,372,11.718
346,425,car,0.5894,638,210,720,272,12.54
346,428,person,0.6672,1413,268,1447,342,13.117
346,437,person,0.497,1607,330,1645,463,7.696
346,73,person,0.526,131,513,175,610,5.584
347,5,bus,0.7175,437,215,583,487,10.574
347,424,person,0.3314,1479,294,1512,392,11.385
347,425,car,0.4757,637,223,719,285,10.645
347,428,person,0.5699,1413,284,1445,354,11.88
347,437,person,0.5113,1603,337,1642,473,8.223
347,73,person,0.3302,130,527,173,621,8.251
348,5,bus,0.7446,436,228,582,502,11.543
348,424,person,0.4395,1478,303,1512,405,12.291
348,425,car,0.4269,637,236,718,297,11.35
348,428,person,0.5519,1412,298,1444,368,12.562
348,73,person,0.4553,130,538,174,633,11.53
348,288,train,0.4029,1248,188,1918,562,1.776
349,5,bus,0.7889,439,238,584,510,12.0
349,424,person,0.4662,1478,314,1513,417,13.502
349,425,car,0.6963,639,246,721,307,11.75
349,428,person,0.4156,1414,308,1446,378,13.252
349,288,train,0.5093,1247,204,1919,581,2.05
349,437,person,0.4895,1605,358,1644,496,10.647
350,5,bus,0.7539,439,249,583,520,11.503
350,424,person,0.448,1481,326,1515,427,12.811
350,425,car,0.4698,641,259,723,320,12.023
350,428,person,0.6281,1413,318,1446,390,12.253
350,288,train,0.507,1241,216,1910,595,2.234
350,437,person,0.3632,1607,371,1646,509,10.208
350,73,person,0.35,133,559,176,653,10.58
351,5,bus,0.6917,440,261,585,534,11.511
351,424,person,0.512,1481,341,1513,435,11.261
351,425,car,0.63,640,272,720,332,12.01
351,428,person,0.6618,1412,332,1444,402,12.003
351,437,person,0.5134,1606,383,1645,521,11.202
352,5,bus,0.5544,441,274,584,544,11.026
352,424,person,0.4288,1483,350,1516,447,11.045
352,425,car,0.6499,640,283,723,345,12.042
352,428,person,0.3826,1412,346,1443,415,11.753
352,437,person,0.4198,1604,394,1644,534,11.807
352,288,train,0.3277,1246,238,1915,617,12.281
353,5,bus,0.8049,442,288,585,557,12.01
353,424,person,0.5152,1481,365,1514,462,12.01
353,425,car,0.536,640,295,722,356,12.253
353,428,person,0.5402,1412,359,1443,427,12.522
353,437,person,0.6174,1605,411,1643,547,13.0
353,288,train,0.3497,1253,254,1917,630,13.406
354,5,bus,0.7831,441,299,583,565,12.003
354,424,person,0.4094,1481,376,1512,467,11.261
354,425,car,0.5213,638,307,719,368,12.042
354,428,person,0.5895,1411,369,1443,441,12.76
354,437,person,0.4894,1604,425,1642,560,13.022
354,288,train,0.366,1242,256,1919,643,11.416
355,5,bus,0.75,439,309,580,575,11.275
355,424,person,0.5087,1479,390,1511,483,12.01
355,425,car,0.6272,638,319,718,379,11.761
355,428,person,0.7766,1409,377,1441,450,11.524
355,437,person,0.3015,1604,437,1641,570,12.772
356,5,bus,0.7144,440,324,580,586,11.511
356,424,person,0.5187,1478,401,1511,497,12.811
356,425,car,0.5671,638,330,719,391,11.524
356,428,person,0.4989,1407,392,1438,463,11.816
356,437,person,0.477,1602,450,1639,583,13.038
356,288,train,0.3006,1248,280,1916,662,11.062
357,5,bus,0.7272,439,332,580,597,10.548
357,424,person,0.6001,1480,414,1512,505,11.503
357,425,car,0.7167,637,340,719,402,11.524
357,428,person,0.6074,1408,400,1439,472,10.796
357,437,person,0.4034,1607,474,1641,595,13.75
357,288,train,0.5482,1252,295,1915,673,11.416
358,5,bus,0.7084,440,340,580,604,10.012
358,425,car,0.4402,638,347,719,408,10.0
358,428,person,0.4518,1408,409,1438,479,9.801
358,288,train,0.5779,1250,303,1918,685,10.402
359,5,bus,0.7039,439,349,580,613,9.75
359,425,car,0.5364,636,357,717,418,9.513
359,428,person,0.6237,1405,419,1435,490,10.326
359,288,train,0.2808,1252,313,1919,695,11.045
359,463,person,0.4775,121,653,169,751,0.0
359,424,person,0.3616,1479,432,1511,523,11.202
359,437,person,0.3829,1603,481,1640,611,10.807
360,5,bus,0.6983,437,358,578,623,8.782
360,425,car,0.6004,636,367,716,428,9.264
360,428,person,0.4204,1404,430,1434,499,9.28
360,424,person,0.3806,1476,442,1511,541,11.007
360,437,person,0.2891,1600,493,1636,623,11.029
361,5,bus,0.6241,435,367,576,632,8.807
361,425,car,0.5076,634,377,713,437,9.086
361,428,person,0.413,1398,440,1429,512,10.308
361,424,person,0.3404,1476,448,1510,546,9.602
361,288,train,0.3667,1243,328,1919,718,10.402
362,5,bus,0.6744,435,377,575,641,9.334
362,425,car,0.6907,634,386,713,446,9.83
362,424,person,0.4765,1474,459,1507,551,9.278
362,288,train,0.3713,1243,339,1919,730,10.008
363,5,bus,0.8331,436,386,576,649,9.031
363,425,car,0.402,635,394,714,454,9.264
363,424,person,0.3956,1473,468,1508,564,9.83
363,288,train,0.3664,1238,340,1919,737,8.881
363,437,person,0.2653,1598,514,1636,650,9.438
363,428,person,0.3771,1401,458,1431,528,9.899
364,5,bus,0.8603,438,394,578,657,8.754
364,425,car,0.6084,637,403,717,464,9.003
364,288,train,0.4296,1239,348,1919,745,8.485
364,428,person,0.2625,1400,467,1431,539,9.851
365,5,bus,0.8899,438,403,578,666,8.782
365,425,car,0.6953,639,415,717,474,9.334
365,288,train,0.3806,1228,362,1892,752,9.991
365,424,person,0.4591,1476,488,1511,583,8.8
366,5,bus,0.7438,438,410,579,675,8.284
366,425,car,0.5249,641,422,719,481,8.923
366,288,train,0.29,1249,376,1899,756,8.189
366,470,bus,0.3402,416,390,503,471,0.0
366,424,person,0.4185,1477,494,1512,591,9.002
366,428,person,0.5002,1403,483,1434,556,9.168
367,5,bus,0.7573,443,416,583,679,7.701
367,425,car,0.7067,643,429,723,489,9.035
367,288,train,0.6469,1260,386,1906,763,9.086
367,424,person,0.534,1480,501,1514,595,8.713
367,437,person,0.4026,1605,549,1643,684,8.2
368,5,bus,0.8374,446,423,585,684,7.215
368,425,car,0.6017,645,435,725,496,8.246
368,288,train,0.5724,1260,394,1906,769,8.807
368,424,person,0.5611,1482,506,1518,605,8.052
368,437,person,0.4436,1607,555,1644,690,8.456
369,5,bus,0.8436,447,429,587,694,7.115
369,425,car,0.5609,647,442,727,503,7.353
369,288,train,0.3127,1262,405,1907,779,10.61
369,424,person,0.5465,1484,513,1520,613,7.353
369,437,person,0.2656,1609,563,1647,701,8.297
369,428,person,0.6036,1409,506,1438,574,8.097
370,5,bus,0.8167,448,434,588,699,6.5
370,425,car,0.4221,647,446,728,507,6.49
370,288,train,0.5363,1251,399,1916,785,6.878
370,424,person,0.4935,1486,519,1522,619,7.198
370,428,person,0.3129,1410,510,1438,577,7.234
371,5,bus,0.7824,449,439,587,699,5.64
371,425,car,0.4466,648,452,727,512,5.836
371,288,train,0.4998,1226,394,1903,791,6.543
371,424,person,0.4428,1486,523,1522,624,6.49
371,437,person,0.4523,1609,572,1647,710,7.502
372,5,bus,0.7883,449,443,586,702,4.776
372,425,car,0.4952,646,455,725,515,5.0
372,288,train,0.5564,1246,407,1908,794,4.981
372,424,person,0.3871,1485,527,1520,623,5.025
372,437,person,0.4257,1609,576,1646,710,5.433
373,5,bus,0.8469,448,444,584,701,2.761
373,425,car,0.5691,645,457,724,517,3.824
373,288,train,0.3465,1239,399,1918,797,2.121
373,437,person,0.3583,1608,585,1643,710,5.0
373,486,person,0.5047,1405,515,1431,587,0.0
374,5,bus,0.7341,444,443,582,703,2.151
374,425,car,0.5772,642,456,720,515,2.704
374,288,train,0.6992,1246,404,1918,797,2.016
374,488,person,0.4083,126,751,170,844,0.0
375,5,bus,0.7643,443,443,580,701,1.904
375,425,car,0.4591,641,454,719,513,1.768
375,288,train,0.6223,1248,405,1918,797,5.256
375,488,person,0.3822,125,749,169,842,2.236
376,5,bus,0.7961,443,441,581,700,1.346
376,425,car,0.5868,643,453,721,512,1.061
376,288,train,0.6234,1256,412,1913,796,2.016
376,488,person,0.4116,126,748,168,838,2.062
377,5,bus,0.7956,444,434,582,695,2.136
377,425,car,0.5319,643,448,720,506,2.61
377,288,train,0.3347,1254,407,1908,788,0.791
377,486,person,0.4326,1404,504,1429,573,3.288
378,5,bus,0.7131,445,425,583,685,4.507
378,425,car,0.7421,644,441,722,499,3.783
378,288,train,0.5546,1265,407,1901,774,2.512
378,437,person,0.6017,1612,594,1641,694,1.352
378,488,person,0.451,128,733,172,827,4.279
379,5,bus,0.786,447,416,585,676,6.619
379,425,car,0.6602,647,432,725,490,5.701
379,288,train,0.5434,1257,389,1901,761,6.576
379,488,person,0.3675,131,724,174,816,5.459
380,5,bus,0.8656,450,405,588,666,8.923
380,425,car,0.5612,648,422,727,481,7.85
380,288,train,0.3633,1242,369,1909,755,10.738
380,488,person,0.3876,135,714,178,806,7.228
381,5,bus,0.8739,453,394,590,654,10.198
381,425,car,0.435,650,409,729,468,9.953
381,488,person,0.3606,138,702,180,792,9.508
382,5,bus,0.6432,458,381,593,635,12.068
382,425,car,0.5831,653,393,733,453,12.013
382,507,person,0.4834,1621,546,1652,643,0.0
382,288,train,0.4596,1263,349,1913,724,12.28
383,5,bus,0.8228,459,364,595,620,13.777
383,425,car,0.5732,656,377,736,436,13.975
383,507,person,0.3765,1623,530,1654,627,16.125
383,288,train,0.4811,1267,332,1917,707,14.314
384,5,bus,0.8096,459,344,596,602,15.628
384,425,car,0.4477,657,360,736,419,15.662
384,288,train,0.445,1268,318,1916,692,14.239
385,5,bus,0.861,457,325,595,585,17.295
385,425,car,0.485,653,339,733,399,17.279
385,288,train,0.6592,1263,294,1917,672,16.082
386,5,bus,0.8741,455,308,591,564,18.007
386,425,car,0.4159,650,322,732,383,17.757
386,288,train,0.4717,1263,276,1919,655,17.766
387,5,bus,0.7696,450,288,587,544,19.133
387,425,car,0.5796,647,304,727,363,18.388
387,288,train,0.4251,1268,260,1918,636,17.752
388,5,bus,0.7705,446,272,583,529,18.537
388,425,car,0.4926,645,288,725,347,18.209
388,288,train,0.5065,1261,242,1915,620,18.527
389,5,bus,0.7832,444,254,580,508,18.828
389,425,car,0.4727,640,268,720,327,18.291
389,288,train,0.5731,1250,216,1918,603,18.561
390,5,bus,0.744,442,234,578,488,19.03
390,425,car,0.4565,638,251,716,309,18.337
390,288,train,0.4134,1250,202,1919,590,17.339
390,534,person,0.4783,1611,399,1639,498,0.0
391,5,bus,0.7623,439,218,575,472,17.962
391,425,car,0.4619,634,230,717,292,18.248
391,534,person,0.3577,1610,388,1637,481,14.142
392,5,bus,0.83,437,202,573,457,17.892
392,425,car,0.5108,633,215,713,275,18.248
392,534,person,0.4817,1609,367,1637,464,16.53
393,5,bus,0.5208,437,189,574,444,16.344
393,425,car,0.6329,633,201,714,261,16.593
393,534,person,0.325,1610,356,1636,448,15.348
393,288,train,0.263,1250,152,1919,540,17.066
394,5,bus,0.6606,440,172,577,427,15.508
394,534,person,0.4431,1611,340,1638,432,15.502
394,288,train,0.2932,1259,141,1910,517,17.013
395,5,bus,0.7327,442,161,578,413,14.519
395,534,person,0.4246,1616,327,1644,421,15.102
395,288,train,0.5792,1261,132,1907,503,15.333
395,425,car,0.5538,636,177,716,236,14.801
396,5,bus,0.8367,445,152,580,403,13.117
396,534,person,0.5084,1619,316,1648,413,12.993
396,425,car,0.3127,638,164,719,224,13.413
397,5,bus,0.8865,445,124,582,378,16.373
397,425,car,0.4396,641,138,722,199,15.483
398,5,bus,0.6781,440,121,579,378,12.502
398,288,train,0.3102,1249,89,1917,473,14.376
399,5,bus,0.8696,437,105,576,362,13.537
399,425,car,0.362,634,115,716,177,14.171
400,5,bus,0.8095,435,121,573,377,7.28
401,5,bus,0.7274,427,132,564,385,4.828
402,5,bus,0.7707,432,130,568,381,2.704
402,574,car,0.5204,631,151,712,211,0.0
403,5,bus,0.687,434,138,572,392,8.035
403,574,car,0.4168,631,159,713,220,8.062
403,288,train,0.4097,1257,106,1906,477,5.508
404,5,bus,0.7268,434,141,571,394,4.528
404,574,car,0.4583,631,162,711,222,5.5
405,5,bus,0.7474,439,142,575,391,3.606
405,574,car,0.4226,634,156,716,218,2.404
405,288,train,0.5932,1254,107,1912,482,3.183
406,5,bus,0.6856,443,133,580,383,2.85
406,574,car,0.5996,638,151,719,212,1.75
407,5,bus,0.7255,442,131,579,382,2.85
407,574,car,0.6794,639,149,720,210,3.052
407,588,person,0.5013,1613,304,1646,396,0.0
407,288,train,0.374,1265,106,1906,469,2.501
408,5,bus,0.731,441,137,577,386,2.305
408,574,car,0.3541,637,152,720,214,2.85
408,588,person,0.4167,1610,307,1645,403,5.385
408,288,train,0.5068,1262,113,1908,478,1.414
409,5,bus,0.608,439,137,577,389,0.791
409,574,car,0.5364,636,152,718,214,1.118
409,588,person,0.4553,1609,310,1642,402,3.606
409,288,train,0.5394,1257,107,1911,475,0.5
410,5,bus,0.7007,437,136,574,385,1.581
410,574,car,0.5592,635,153,715,213,0.901
410,588,person,0.5163,1608,305,1642,398,1.374
410,288,train,0.2741,1256,107,1914,478,0.566
411,5,bus,0.6236,437,138,573,385,1.768
411,574,car,0.5564,633,153,713,213,1.803
411,588,person,0.4098,1607,309,1640,401,1.953
411,599,person,0.3648,1512,247,1537,313,0.0
412,5,bus,0.8174,435,140,569,383,1.75
412,603,person,0.6054,118,460,162,553,0.0
412,288,train,0.3184,1251,109,1911,480,1.612
413,5,bus,0.7252,432,141,566,383,2.264
413,603,person,0.5066,115,461,160,556,3.606
413,288,train,0.2814,1246,108,1913,483,1.2
413,574,truck,0.2916,626,154,707,215,2.408
413,588,person,0.3787,1598,313,1630,402,2.631
414,5,bus,0.7877,432,143,567,387,1.953
414,603,person,0.6148,116,463,161,558,2.236
414,288,train,0.3607,1244,107,1915,484,1.281
414,574,car,0.3933,625,157,707,219,2.417
415,5,bus,0.8239,434,145,570,391,1.904
415,603,person,0.3971,118,465,164,562,2.357
415,574,car,0.4896,626,161,707,223,2.546
416,5,bus,0.7492,434,151,571,399,3.5
416,574,car,0.5386,630,168,711,230,3.256
416,615,person,0.4076,1607,328,1637,418,0.0
416,288,train,0.3111,1229,112,1916,500,3.184
417,5,bus,0.3799,436,165,572,409,6.374
417,574,car,0.5236,632,178,713,239,6.185
417,615,person,0.51,1607,338,1637,429,10.0
418,5,bus,0.4826,437,172,575,420,7.945
418,574,car,0.7124,634,191,714,252,8.489
418,615,person,0.4556,1610,350,1641,442,11.597
419,5,bus,0.679,440,186,577,432,10.359
419,574,car,0.4079,637,202,716,262,10.308
419,615,person,0.3807,1609,358,1641,454,11.045
419,288,train,0.3396,1244,149,1919,533,6.714
420,5,bus,0.8516,441,199,578,444,11.632
420,574,car,0.6775,639,217,717,276,11.919
420,615,person,0.5209,1611,376,1642,469,12.291
421,5,bus,0.8488,442,212,580,458,12.127
421,574,car,0.6669,639,233,718,293,13.832
421,288,train,0.5579,1248,182,1915,560,9.503
422,5,bus,0.853,445,229,583,476,14.142
422,574,car,0.4813,642,250,722,311,14.885
422,288,train,0.5149,1245,199,1919,584,12.006
422,615,person,0.4282,1615,412,1646,505,15.085
423,5,bus,0.8069,445,247,583,495,15.572
423,574,car,0.6387,644,268,724,328,16.621
423,288,train,0.5643,1247,217,1919,601,14.798
423,615,person,0.3004,1616,432,1646,520,16.045
424,5,bus,0.8488,445,263,583,511,16.547
424,574,car,0.6894,643,282,723,343,16.547
424,288,train,0.5308,1244,232,1919,621,17.0
425,5,bus,0.7821,444,282,582,530,17.757
425,574,car,0.6693,642,301,724,363,17.295
425,288,train,0.4247,1246,254,1919,643,19.252
425,615,person,0.4134,1613,468,1644,559,17.84
426,5,bus,0.8248,443,300,580,546,17.766
426,574,car,0.5907,639,319,719,380,17.266
426,288,train,0.3278,1247,270,1919,658,18.252
426,615,person,0.4254,1610,484,1641,576,18.001
427,5,bus,0.5824,439,318,577,565,17.564
427,574,car,0.6332,636,340,716,400,18.111
427,288,train,0.3445,1246,293,1919,681,19.502
427,615,person,0.4544,1609,508,1639,597,18.838
428,5,bus,0.7174,437,341,573,584,18.885
428,574,car,0.5637,634,356,713,416,18.668
428,288,train,0.51,1226,314,1878,692,20.57
429,5,bus,0.8081,435,351,572,596,16.936
429,574,car,0.5665,633,368,713,429,16.688
429,615,person,0.4111,1602,533,1634,627,17.468
430,5,bus,0.7647,434,368,571,613,16.9
430,574,car,0.5074,630,388,710,449,17.396
430,288,train,0.2921,1239,346,1901,730,18.159
431,5,bus,0.6467,430,385,566,630,16.688
431,574,car,0.4797,627,405,706,465,16.441
431,689,person,0.5109,113,706,153,799,0.0
431,615,person,0.4769,1594,568,1626,662,17.263
432,5,bus,0.7866,429,401,565,646,15.381
432,574,car,0.272,627,419,710,482,16.049
432,689,person,0.3773,112,719,152,811,13.038
432,696,truck,0.464,1087,331,1174,443,0.0
432,615,person,0.2623,1594,588,1625,680,17.537
433,5,bus,0.7445,428,417,564,662,16.593
433,615,person,0.2782,1593,606,1624,696,16.714
433,288,train,0.4413,1236,399,1907,787,18.508
434,5,bus,0.7217,428,435,562,677,16.593
434,574,car,0.5695,626,454,704,514,17.274
435,5,bus,0.7516,430,450,565,694,16.252
435,615,person,0.3727,1593,636,1625,730,17.232
436,5,bus,0.7847,432,464,566,707,15.508
436,288,train,0.3438,1229,438,1918,838,16.808
436,574,car,0.3141,628,486,706,546,16.341
437,5,bus,0.5151,434,481,568,722,15.55
437,288,train,0.3768,1238,454,1915,846,16.55
437,574,car,0.5248,630,501,707,560,15.837
437,615,person,0.2991,1595,667,1626,760,16.333
438,5,bus,0.742,434,493,568,734,14.329
438,574,car,0.6314,633,515,709,572,15.508
438,615,person,0.5284,1597,680,1628,773,15.341
439,5,bus,0.7378,436,506,570,746,13.583
439,574,car,0.6071,633,528,710,586,14.649
439,719,person,0.5583,113,821,156,916,0.0
439,288,train,0.4573,1245,488,1914,874,15.92
440,5,bus,0.674,436,516,572,759,13.06
440,574,car,0.4458,632,539,712,599,13.309
440,719,person,0.2888,114,834,156,928,13.038
440,727,bus,0.4866,1095,452,1179,563,0.0
440,288,train,0.3095,1241,499,1919,893,14.77
440,615,person,0.3839,1599,709,1630,802,14.882
441,5,bus,0.6929,437,532,572,772,12.772
441,574,car,0.486,632,552,710,611,12.772
441,719,person,0.5534,113,845,157,942,12.51
441,727,bus,0.5774,1096,464,1180,575,12.042
442,5,bus,0.7506,436,542,570,780,12.01
442,574,car,0.5201,633,563,712,623,12.502
442,727,truck,0.3158,1093,474,1179,588,12.01
442,615,person,0.566,1600,731,1631,825,13.598
443,5,bus,0.5088,434,553,569,793,11.761
443,574,car,0.4999,631,573,710,633,11.503
443,288,train,0.4124,1235,528,1914,921,12.287
444,5,bus,0.6852,431,560,566,799,10.607
444,574,car,0.5013,629,581,709,642,10.527
444,740,car,0.4699,1033,536,1086,572,0.0
444,288,train,0.4506,1237,540,1915,932,12.286
445,5,bus,0.7971,429,564,565,806,8.434
445,288,train,0.5668,1223,547,1889,935,10.71
445,727,bus,0.259,1091,500,1175,611,9.633
446,5,bus,0.7636,428,570,565,814,7.945
446,288,train,0.4728,1220,545,1895,939,8.572
447,5,bus,0.6613,427,576,563,818,6.185
447,288,train,0.4159,1216,552,1881,943,8.678
448,5,bus,0.6333,426,582,560,822,5.884
448,288,train,0.3734,1210,541,1892,945,6.49
448,747,car,0.4873,622,597,704,656,0.0
448,749,car,0.3771,1005,557,1073,594,0.0
448,727,bus,0.3074,1087,514,1172,625,7.814
449,5,bus,0.4875,425,583,559,822,4.43
449,288,train,0.3556,1211,543,1890,948,1.803
449,747,car,0.6242,620,597,704,658,1.414
449,749,car,0.2514,1005,558,1073,596,2.0
449,727,truck,0.2931,1085,516,1170,627,6.644
450,5,bus,0.5686,426,582,560,821,2.372
450,288,train,0.4649,1185,545,1859,947,8.807
450,747,car,0.5083,621,597,705,658,0.5
450,749,car,0.3457,995,559,1063,597,5.22
451,5,bus,0.7025,428,578,562,816,0.0
451,288,train,0.4303,1218,545,1892,946,1.82
451,747,car,0.4156,625,596,706,655,0.745
452,5,bus,0.6516,429,571,565,813,2.693
452,288,train,0.4486,1219,537,1896,942,1.803
452,747,car,0.5019,626,592,708,651,1.601
453,5,bus,0.6013,433,564,566,801,5.297
453,288,train,0.6357,1244,543,1904,936,6.185
453,747,car,0.6183,631,586,711,644,3.75
454,5,bus,0.6606,436,556,569,792,7.115
454,288,train,0.5573,1252,540,1903,926,14.129
454,747,car,0.4072,634,577,711,634,5.942
455,5,bus,0.8129,438,545,570,778,9.277
455,288,train,0.2518,1251,530,1902,915,7.786
455,747,car,0.5981,635,565,715,624,8.143
456,5,bus,0.7895,441,534,573,768,10.55
456,747,car,0.4719,635,553,716,613,9.708
457,5,bus,0.8414,441,518,574,754,11.673
457,747,car,0.3881,637,540,718,599,11.597
457,771,person,0.6178,1606,706,1638,799,0.0
457,776,person,0.4526,120,834,164,930,0.0
457,288,train,0.3989,1256,506,1905,888,9.577
458,5,bus,0.8574,441,505,575,743,12.59
458,747,car,0.5913,636,526,720,588,12.093
458,771,person,0.376,1608,695,1639,785,12.042
458,288,train,0.2695,1257,491,1906,871,11.684
459,5,bus,0.7919,441,494,574,730,12.273
459,747,car,0.544,637,515,718,575,12.26
459,771,person,0.4366,1607,682,1637,769,13.5
460,5,bus,0.6592,441,480,574,715,13.5
460,747,car,0.5265,637,503,714,560,13.0
460,788,person,0.5094,118,796,161,890,0.0
460,288,train,0.4758,1214,453,1876,845,14.981
461,5,bus,0.674,439,465,573,701,13.252
461,747,car,0.7148,636,487,713,544,13.521
461,288,train,0.5495,1240,441,1901,832,14.368
462,5,bus,0.8238,439,449,572,682,14.769
462,747,car,0.5751,634,469,712,527,14.803
462,771,person,0.5764,1600,631,1632,723,15.048
463,5,bus,0.593,438,432,571,666,15.768
463,747,car,0.5111,634,454,711,512,15.55
463,771,person,0.4835,1599,617,1630,707,15.059
463,288,train,0.265,1255,419,1901,799,14.67
464,5,bus,0.7186,438,417,572,651,15.758
464,747,car,0.6241,634,440,712,498,15.508
464,771,person,0.3503,1597,602,1627,691,15.774
464,288,train,0.4239,1260,407,1899,780,14.67
465,5,bus,0.6931,437,401,571,637,16.008
465,747,car,0.6192,633,425,712,484,15.258
465,771,person,0.5779,1598,584,1630,678,15.723
465,696,truck,0.437,1094,335,1178,445,0.203
466,5,bus,0.7598,439,386,572,620,15.5
466,747,car,0.6319,634,408,713,467,15.25
466,288,train,0.2727,1236,368,1888,750,15.265
467,5,bus,0.7708,440,375,572,605,14.758
467,747,car,0.6047,635,393,715,453,15.019
467,288,train,0.46,1246,347,1904,732,16.188
468,5,bus,0.7826,440,357,573,590,15.252
468,747,car,0.5846,637,380,715,438,15.019
469,5,bus,0.6977,441,345,573,577,14.519
469,747,car,0.7025,638,366,716,424,14.803
469,771,person,0.5075,1606,525,1637,615,15.302
470,5,bus,0.8089,442,323,575,557,15.768
470,747,car,0.4465,638,348,717,407,15.033
470,771,person,0.3958,1608,511,1637,596,15.613
470,288,train,0.6473,1267,313,1899,679,16.159
471,5,bus,0.772,444,307,577,541,16.53
471,747,car,0.3795,640,333,717,390,15.518
471,771,person,0.4333,1608,492,1638,581,15.793
471,830,person,0.5319,1662,533,1700,639,0.0
471,288,train,0.2521,1255,288,1894,659,17.158
472,5,bus,0.7678,444,294,576,527,15.782
472,747,car,0.7259,640,317,719,375,15.768
472,771,person,0.4418,1609,476,1639,565,15.921
472,288,train,0.2832,1251,265,1911,648,17.456
473,5,bus,0.7327,442,278,574,510,16.752
473,747,car,0.515,636,300,717,360,16.252
473,771,person,0.4643,1609,464,1638,548,16.008
473,288,train,0.3249,1258,256,1906,631,16.042
474,5,bus,0.7566,442,267,573,497,14.502
474,747,car,0.4635,636,287,715,345,15.258
474,771,person,0.3149,1607,448,1637,535,15.5
474,843,truck,0.6365,0,860,435,1071,0.0
475,5,bus,0.7894,442,251,573,481,14.519
475,747,car,0.4932,636,273,716,332,14.758
475,771,person,0.4068,1608,433,1638,521,14.75
475,843,truck,0.3895,0,842,459,1070,15.0
476,5,bus,0.6503,443,239,574,470,14.009
476,747,car,0.3656,636,261,715,320,14.036
476,771,person,0.5201,1607,419,1638,510,14.009
476,843,truck,0.4456,0,827,480,1071,14.009
476,288,train,0.3675,1237,214,1891,595,15.657
477,5,bus,0.7446,442,226,575,459,13.0
477,747,car,0.411,635,250,716,310,12.502
477,771,person,0.4684,1607,412,1636,499,12.76
477,843,truck,0.458,0,811,493,1071,12.548
477,288,train,0.5125,1260,210,1898,579,13.193
478,5,bus,0.8117,441,214,575,450,12.502
478,747,car,0.4349,635,240,713,298,11.753
478,771,person,0.4597,1608,399,1638,488,12.003
478,843,truck,0.2884,0,789,514,1070,13.454
479,5,truck,0.4231,442,200,576,436,12.01
479,747,car,0.5643,635,225,716,285,11.753
479,771,person,0.465,1609,384,1639,474,12.003
479,843,truck,0.3615,0,771,530,1068,12.906
479,288,train,0.3516,1253,176,1902,551,13.298
480,5,bus,0.6889,443,194,576,428,10.753
480,747,car,0.7329,636,217,719,278,10.762
480,843,truck,0.3546,0,757,539,1068,11.753
480,288,train,0.5338,1259,173,1902,544,12.146
481,5,bus,0.5137,442,187,574,419,9.75
481,747,car,0.5866,635,210,715,269,10.25
481,843,truck,0.3326,0,743,549,1070,11.205
481,288,train,0.4875,1263,165,1908,535,11.588
481,771,person,0.3719,1608,366,1638,457,10.602
482,5,bus,0.6953,441,176,573,409,10.003
482,747,car,0.5166,634,200,715,260,9.75
482,288,train,0.5022,1253,153,1893,522,11.463
483,5,bus,0.7547,442,170,574,404,7.754
483,747,car,0.6862,635,194,716,254,7.75
483,843,bus,0.4767,0,724,562,1069,8.161
483,771,person,0.4247,1609,352,1639,441,9.846
484,5,bus,0.7337,442,166,573,397,7.517
484,747,car,0.6192,635,187,715,247,7.517
484,843,bus,0.7396,0,714,563,1067,6.624
484,771,person,0.4041,1609,345,1640,435,8.835
484,288,train,0.4331,1254,136,1908,512,7.841
485,5,bus,0.769,443,157,573,387,7.75
485,747,car,0.3765,634,179,715,239,7.504
485,843,bus,0.5167,0,702,566,1067,6.261
485,771,person,0.348,1610,339,1640,427,7.668
485,894,person,0.4128,126,487,170,580,0.0
485,288,train,0.2926,1254,135,1901,506,7.624
486,5,bus,0.7495,443,153,573,383,6.005
486,747,car,0.5099,636,175,716,234,6.519
486,843,bus,0.694,0,693,567,1067,5.503
486,771,person,0.6556,1611,332,1641,421,7.026
487,5,bus,0.8291,444,148,575,379,6.005
487,747,car,0.6655,637,169,719,230,6.295
487,843,bus,0.5102,0,684,567,1066,5.274
487,771,person,0.4196,1613,329,1644,417,5.836
487,288,train,0.42,1255,122,1907,494,7.032
488,5,bus,0.8048,445,140,577,375,6.083
488,747,car,0.3206,638,165,718,224,5.799
488,843,bus,0.6993,0,676,567,1066,4.776
488,771,person,0.3719,1615,324,1646,412,5.701
488,903,person,0.5147,1388,218,1417,288,0.0
488,288,train,0.54,1259,123,1907,492,5.27
489,5,bus,0.7219,446,134,578,368,5.344
489,747,car,0.4368,638,161,718,220,4.854
489,843,bus,0.6079,0,667,566,1067,4.25
489,903,person,0.3122,1387,210,1417,283,7.0
489,288,train,0.4369,1259,119,1909,488,4.243
490,5,bus,0.7684,445,119,577,354,8.035
490,747,car,0.6218,638,146,718,206,7.018
490,843,bus,0.6175,0,645,574,1066,6.329
491,5,bus,0.8409,441,114,577,357,7.0
491,747,car,0.6941,636,143,717,203,6.519
492,5,bus,0.7103,442,134,574,370,1.458
492,288,train,0.3881,1249,118,1911,495,2.045
492,843,bus,0.7231,0,657,557,1066,2.973
493,5,bus,0.7203,442,129,575,367,1.25
493,288,train,0.2773,1253,113,1907,484,1.675
493,843,bus,0.6742,0,646,556,1066,3.162
494,5,bus,0.7861,445,132,578,370,3.75
494,288,train,0.5404,1254,116,1910,488,0.85
494,843,bus,0.4774,0,646,554,1066,2.506
494,903,person,0.4283,1386,209,1416,283,1.179
495,5,bus,0.6323,444,133,576,370,4.008
495,288,train,0.5208,1250,110,1915,488,0.745
495,843,bus,0.5862,0,642,551,1068,2.4
495,923,car,0.5457,637,164,720,225,0.0
495,903,person,0.3309,1386,208,1416,282,1.152
495,894,person,0.3876,128,466,174,564,1.825
496,5,bus,0.6435,445,136,575,370,0.559
496,288,train,0.3254,1245,107,1918,490,2.016
496,843,bus,0.6296,0,640,553,1069,1.82
496,923,truck,0.3653,635,164,719,226,1.414
496,903,person,0.5644,1386,211,1415,282,0.91
496,894,person,0.3433,129,467,174,564,1.659
497,5,bus,0.731,446,130,577,364,0.791
497,288,train,0.407,1253,108,1914,483,1.061
497,843,bus,0.7173,0,630,552,1069,1.82
497,923,car,0.3382,637,158,720,219,3.0
497,903,person,0.3219,1385,202,1415,277,0.91
498,5,bus,0.7547,447,125,578,360,2.264
498,288,train,0.3819,1259,108,1910,476,2.55
498,843,bus,0.7472,0,621,552,1069,2.761
498,923,car,0.5053,637,153,719,213,3.667
498,928,person,0.382,1616,311,1650,398,0.0
498,929,car,0.4426,881,125,956,158,0.0
498,894,person,0.2727,129,457,173,551,2.243
499,5,bus,0.7811,446,121,578,358,3.041
499,288,train,0.4285,1256,104,1913,475,2.55
499,843,bus,0.6448,0,617,549,1069,3.01
499,923,car,0.6347,637,150,720,212,3.25
499,928,person,0.3749,1616,311,1650,399,1.0
499,894,person,0.3098,129,456,173,549,2.225
500,5,bus,0.7731,446,127,576,361,2.264
500,288,train,0.6077,1259,111,1909,477,1.25
500,843,bus,0.5224,0,615,547,1070,3.092
500,923,car,0.4371,638,155,721,217,2.305
500,894,person,0.3301,129,461,173,556,1.4
501,5,bus,0.6871,445,126,575,359,1.275
501,843,bus,0.6048,0,612,543,1069,2.574
501,923,car,0.474,635,154,717,215,1.118
501,928,person,0.5925,1610,314,1644,402,2.404
502,5,bus,0.6956,445,126,574,359,0.75
502,843,bus,0.7839,0,609,544,1070,1.803
502,923,car,0.4779,634,154,715,214,1.031
502,928,person,0.5706,1609,315,1643,403,2.151
503,5,bus,0.711,445,126,574,359,1.061
503,843,bus,0.6695,0,606,544,1070,1.346
503,923,car,0.4326,634,154,717,216,1.25
503,928,person,0.4952,1609,313,1643,403,1.612
503,288,train,0.4257,1256,112,1912,481,0.236
504,5,bus,0.6296,445,126,574,359,0.707
504,843,bus,0.6456,0,602,542,1069,1.82
504,923,car,0.4775,634,154,716,215,1.118
504,928,person,0.5908,1609,315,1643,403,1.612
505,5,bus,0.65,445,126,574,360,0.354
505,843,bus,0.8321,0,599,543,1069,1.5
505,923,car,0.4818,634,153,716,214,0.354
505,928,person,0.5589,1610,315,1643,402,0.25
505,940,person,0.3563,1667,325,1708,456,0.0
506,5,bus,0.5627,444,127,573,361,0.559
506,843,bus,0.8254,0,595,546,1069,1.768
506,923,car,0.4973,634,154,715,214,0.0
506,928,person,0.4453,1611,315,1644,402,0.354
506,288,train,0.3917,1254,119,1891,476,1.625
507,5,bus,0.7291,445,126,574,361,0.25
507,843,bus,0.7343,0,592,550,1069,2.136
507,923,car,0.4147,634,153,716,214,0.5
507,928,person,0.5722,1611,315,1644,402,0.25
507,940,person,0.3596,1666,325,1707,457,0.707
508,5,bus,0.6883,445,125,575,360,0.25
508,843,bus,0.8141,0,587,552,1069,2.151
508,923,car,0.3173,634,152,718,214,0.354
508,928,person,0.4826,1611,314,1644,402,0.354
508,894,person,0.2903,128,460,173,555,0.672
509,5,bus,0.6314,445,126,574,359,0.25
509,843,bus,0.7702,0,583,557,1069,2.658
509,923,car,0.3095,634,152,718,214,0.25
509,928,person,0.5594,1611,314,1644,402,0.25
509,894,person,0.3635,129,460,174,555,0.273
509,940,person,0.2621,1667,330,1707,456,0.75
510,5,bus,0.6301,444,127,573,360,0.25
510,843,bus,0.8386,0,580,558,1071,2.305
510,923,car,0.3202,635,152,718,214,0.559
510,928,person,0.5342,1610,313,1644,402,0.25
510,894,person,0.4101,127,459,172,554,0.407
510,949,car,0.3757,1047,106,1094,141,0.0
510,288,train,0.3815,1253,111,1910,479,0.61
511,5,bus,0.7013,445,126,575,361,0.25
511,843,bus,0.8998,2,576,561,1071,2.305
511,923,car,0.4556,637,152,719,213,0.791
511,928,person,0.4631,1612,311,1646,402,0.707
511,894,person,0.3598,129,460,172,551,0.287
511,949,car,0.3682,1036,106,1084,141,10.0
511,288,train,0.5572,1253,114,1912,482,0.407
512,5,bus,0.7536,444,125,574,361,0.354
512,843,bus,0.8464,7,571,564,1071,2.85
512,923,car,0.456,637,152,718,213,0.354
512,928,person,0.4494,1613,310,1646,400,0.901
512,894,person,0.3369,130,460,172,549,0.791
512,949,car,0.408,1030,105,1078,140,8.016
512,288,train,0.4944,1252,110,1915,481,0.157
512,952,truck,0.3866,1101,58,1191,173,0.0
512,953,bus,0.3235,405,125,474,213,0.0
513,5,bus,0.8046,445,124,575,359,0.354
513,843,bus,0.8363,11,569,562,1070,2.658
513,923,car,0.5146,636,152,718,213,0.354
513,928,person,0.4491,1613,310,1646,400,0.901
513,949,car,0.3931,1028,105,1077,141,6.0
513,288,train,0.502,1250,109,1916,481,1.597
513,952,truck,0.3819,1103,58,1194,174,2.236
513,953,bus,0.3289,405,125,474,212,1.0
514,5,bus,0.8213,446,124,576,358,0.901
514,843,bus,0.791,18,566,563,1069,3.4
514,923,car,0.5312,636,151,718,212,0.559
514,928,person,0.3449,1614,309,1647,399,1.061
514,949,car,0.3832,1029,105,1078,141,4.25
514,288,train,0.6614,1255,112,1915,480,1.031
514,952,truck,0.352,1103,58,1193,173,1.0
514,953,bus,0.2853,405,125,473,211,0.5
515,5,bus,0.8034,446,123,576,357,0.791
515,843,bus,0.8528,23,563,563,1069,3.473
515,923,car,0.4684,636,151,718,212,0.354
515,928,person,0.3952,1614,308,1647,399,0.791
515,949,car,0.3645,1030,105,1079,140,1.521
515,288,train,0.4769,1254,110,1916,479,1.25
515,952,truck,0.3285,1103,58,1193,173,0.667
515,953,bus,0.3127,404,125,473,212,0.471
515,955,car,0.3233,202,123,269,156,0.0
516,5,bus,0.7867,446,122,576,357,1.118
516,843,bus,0.811,31,560,565,1067,3.816
516,923,car,0.5935,637,152,719,213,0.25
516,928,person,0.3538,1615,307,1648,398,0.901
516,949,car,0.3017,1033,106,1081,140,0.791
516,288,train,0.5393,1255,108,1917,477,1.061
516,952,truck,0.4288,1107,58,1195,170,1.275
516,953,bus,0.2779,406,124,473,208,0.75
516,894,person,0.2674,129,456,173,548,0.714
517,5,bus,0.7607,446,122,576,357,0.559
517,843,bus,0.876,37,556,569,1069,4.596
517,923,car,0.558,636,152,718,213,0.0
517,928,person,0.3308,1615,308,1648,399,0.707
517,949,car,0.3282,1034,106,1081,140,1.25
517,288,train,0.5262,1254,108,1917,478,0.707
517,952,truck,0.4504,1108,57,1195,168,1.25
517,953,bus,0.2857,405,125,471,207,0.559
517,894,person,0.2906,129,456,173,549,0.639
518,5,bus,0.7062,446,122,576,357,0.5
518,843,bus,0.8653,44,552,569,1064,4.589
518,923,car,0.5951,636,152,718,213,0.25
518,928,person,0.3077,1615,308,1648,398,0.354
518,949,car,0.3204,1034,105,1082,140,1.275
518,288,train,0.6311,1258,111,1916,478,0.707
518,952,truck,0.4246,1109,58,1197,168,1.346
518,953,bus,0.2753,406,125,472,207,0.5
519,5,bus,0.6821,446,122,576,357,0.25
519,843,bus,0.7411,52,550,569,1062,4.931
519,923,car,0.6158,636,152,718,213,0.25
519,928,person,0.3453,1616,307,1649,398,0.559
519,949,car,0.2646,1035,106,1083,140,1.275
519,288,train,0.509,1257,109,1917,476,0.707
519,952,truck,0.5244,1110,57,1198,167,1.677
519,894,person,0.3132,129,456,173,549,0.395
520,5,bus,0.5762,445,122,575,356,0.25
520,843,bus,0.6952,61,546,568,1053,5.315
520,923,car,0.6009,636,152,719,213,0.25
520,928,person,0.4036,1616,307,1649,397,0.25
520,288,train,0.4704,1256,108,1917,476,0.0
520,952,truck,0.6104,1109,57,1199,168,0.901
520,894,person,0.3079,129,455,173,548,0.375
520,953,bus,0.2658,405,125,472,208,0.4
521,5,bus,0.632,447,122,576,354,0.25
521,843,bus,0.6975,69,542,574,1054,5.701
521,923,car,0.6233,636,151,719,212,0.25
521,928,person,0.3547,1616,307,1650,397,0.559
521,288,train,0.6389,1255,107,1918,477,0.354
521,952,truck,0.4725,1109,57,1199,168,0.75
521,894,person,0.3492,129,455,173,548,0.2
521,949,car,0.2603,1036,105,1084,140,0.632
522,5,bus,0.659,447,122,576,353,0.5
522,843,bus,0.6132,75,539,572,1048,5.668
522,923,car,0.61,636,152,719,213,0.0
522,928,person,0.3549,1615,307,1649,398,0.354
522,288,train,0.4793,1256,106,1919,475,1.0
522,952,truck,0.552,1108,57,1199,169,0.0
522,894,person,0.3777,129,455,173,548,0.2
522,957,truck,0.5499,97,540,547,1049,0.0
522,953,bus,0.2941,406,125,473,208,0.0
523,5,bus,0.7216,447,123,575,353,0.25
523,923,car,0.6229,636,152,719,213,0.0
523,928,person,0.3675,1615,307,1649,398,0.0
523,288,train,0.4431,1258,107,1918,475,0.354
523,952,truck,0.5079,1108,57,1200,169,0.25
523,894,person,0.3532,129,455,173,548,0.25
523,953,bus,0.2921,406,125,474,208,0.333
523,949,car,0.2654,1037,106,1085,140,0.667
524,5,bus,0.7754,447,123,575,353,0.354
524,923,car,0.6336,636,151,720,213,0.25
524,928,person,0.3544,1615,309,1649,399,0.5
524,288,train,0.4622,1257,107,1917,475,0.354
524,952,truck,0.5776,1108,56,1200,167,0.25
524,894,person,0.3656,129,456,173,548,0.25
524,953,bus,0.3267,406,124,474,207,0.236
524,949,car,0.2811,1041,106,1089,140,1.179
524,929,car,0.2957,875,123,949,156,0.243
524,843,truck,0.7718,88,536,574,1038,5.664
525,5,bus,0.7227,447,123,576,354,0.0
525,923,car,0.6515,636,151,720,213,0.354
525,928,person,0.3714,1615,309,1649,398,0.354
525,288,train,0.5149,1258,107,1918,474,0.707
525,952,truck,0.5413,1108,56,1202,169,0.25
525,894,person,0.4129,129,456,173,549,0.25
525,949,car,0.296,1040,106,1089,140,0.833
525,929,car,0.2705,874,122,950,156,0.234
525,843,truck,0.788,95,533,576,1035,5.161
526,5,bus,0.7182,447,123,576,354,0.25
526,923,car,0.6603,636,151,719,213,0.0
526,928,person,0.367,1615,309,1649,398,0.25
526,288,train,0.5294,1258,108,1916,474,0.25
526,952,truck,0.5495,1108,56,1201,167,0.559
526,894,person,0.3707,129,456,173,548,0.25
526,949,car,0.2804,1040,106,1089,141,0.825
526,843,truck,0.7566,103,531,572,1024,5.28
527,5,bus,0.7253,447,124,575,354,0.25
527,923,car,0.5956,636,151,719,213,0.0
527,928,person,0.3617,1615,309,1650,399,0.5
527,288,train,0.5166,1261,109,1916,474,0.0
527,952,truck,0.575,1109,56,1202,166,0.559
527,894,person,0.3969,129,456,173,548,0.25
527,949,car,0.3005,1042,105,1091,140,1.275
527,843,truck,0.6072,109,528,569,1015,5.441
527,929,car,0.2525,873,121,951,156,0.231
528,5,bus,0.6634,447,124,575,353,0.0
528,923,car,0.6228,637,151,721,213,0.25
528,928,person,0.3507,1614,309,1649,399,0.25
528,288,train,0.4794,1261,110,1916,475,0.354
528,952,truck,0.6202,1107,56,1202,168,0.25
528,894,person,0.4011,129,457,173,549,0.25
528,949,car,0.2829,1042,105,1092,140,0.559
528,843,bus,0.6869,119,526,568,1004,6.265
528,959,truck,0.5088,133,526,552,1003,0.0
529,5,bus,0.7279,447,123,575,352,0.25
529,923,car,0.6115,637,151,720,213,0.0
529,928,person,0.3014,1615,307,1650,398,0.25
529,288,train,0.5291,1259,110,1915,475,0.559
529,952,truck,0.6773,1106,56,1202,169,0.25
529,894,person,0.3671,129,457,173,548,0.0
529,843,bus,0.428,124,524,568,998,6.374
529,959,truck,0.7375,136,526,551,998,2.236
529,929,car,0.3134,874,123,950,157,0.196
530,5,bus,0.6942,447,122,576,352,0.25
530,923,car,0.6316,637,151,720,213,0.25
530,928,person,0.3752,1615,306,1650,397,0.5
530,288,train,0.4824,1258,110,1915,475,0.354
530,952,truck,0.6699,1106,56,1202,169,0.25
530,894,person,0.3665,129,457,173,549,0.25
530,843,bus,0.5499,130,522,568,992,5.831
530,959,truck,0.6301,142,523,555,992,4.61
530,929,car,0.2988,874,123,951,158,0.167
530,949,car,0.2581,1042,106,1091,140,0.4
531,5,bus,0.6576,446,122,575,352,0.559
531,923,car,0.6226,637,151,720,213,0.25
531,928,person,0.3642,1615,306,1650,398,0.5
531,288,train,0.4239,1255,108,1915,474,0.75
531,952,truck,0.6564,1105,56,1201,169,0.559
531,894,person,0.3429,129,457,173,548,0.0
531,929,car,0.2865,874,123,951,158,0.167
532,5,bus,0.7112,446,121,575,352,0.559
532,923,car,0.5988,638,151,721,213,0.0
532,928,person,0.3681,1615,305,1651,397,0.901
532,288,train,0.3995,1250,105,1917,475,1.346
532,952,truck,0.6682,1105,56,1201,169,0.25
532,894,person,0.3823,129,457,173,548,0.25
532,929,car,0.2537,874,123,951,158,0.4
532,843,truck,0.7328,139,516,572,984,5.28
532,949,car,0.2738,1043,106,1092,140,0.5
533,5,bus,0.6386,446,121,575,351,0.354
533,923,car,0.5839,638,151,720,213,0.25
533,928,person,0.3413,1615,305,1651,397,0.354
533,288,train,0.3892,1245,103,1917,476,1.677
533,952,truck,0.6354,1105,56,1201,169,0.25
533,894,person,0.3883,129,457,173,548,0.0
533,929,car,0.2501,875,123,951,158,0.25
533,843,truck,0.7936,144,512,572,977,5.161
533,949,car,0.2746,1043,106,1092,140,0.236
534,5,bus,0.6049,446,121,576,351,0.25
534,923,car,0.5959,638,151,721,213,0.25
534,928,person,0.3514,1614,304,1650,397,0.25
534,288,train,0.343,1242,101,1917,476,2.016
534,952,truck,0.609,1105,56,1201,169,0.25
534,894,person,0.3495,129,457,173,547,0.25
534,929,car,0.2892,875,123,950,157,0.0
534,843,truck,0.6546,149,509,572,971,5.048
534,949,car,0.2773,1044,106,1093,140,0.236
535,5,bus,0.6265,446,121,576,351,0.354
535,923,car,0.5828,638,151,720,213,0.25
535,928,person,0.3424,1614,304,1650,397,0.5
535,288,train,0.3498,1244,101,1917,475,1.458
535,952,truck,0.6399,1106,56,1203,169,0.25
535,894,person,0.3616,131,457,173,543,0.559
535,843,truck,0.6192,154,507,575,969,4.841
535,949,car,0.2658,1046,107,1094,140,0.8
535,963,bus,0.5117,161,507,569,969,0.0
536,5,bus,0.6442,446,120,576,350,0.354
536,923,car,0.5879,639,151,721,213,0.25
536,928,person,0.3493,1614,305,1650,398,0.25
536,288,train,0.283,1240,98,1919,475,1.414
536,952,truck,0.6241,1105,56,1202,170,0.25
536,894,person,0.3695,130,457,173,545,0.25
536,949,car,0.2708,1045,107,1094,141,0.559
536,929,car,0.3033,877,123,950,157,0.2
537,5,bus,0.6349,446,120,576,351,0.354
537,923,car,0.5893,639,151,721,213,0.25
537,928,person,0.382,1614,304,1650,397,0.354
537,288,train,0.2987,1240,98,1919,476,0.707
537,952,truck,0.6291,1105,55,1202,169,0.0
537,894,person,0.3518,130,457,173,546,0.25
537,949,car,0.2626,1044,107,1093,141,0.354
537,929,car,0.2919,877,123,950,156,0.283
537,843,bus,0.6823,163,501,581,962,5.099
538,5,bus,0.6169,446,120,576,350,0.25
538,923,car,0.5707,638,151,719,213,0.25
538,928,person,0.3477,1614,304,1650,397,0.0
538,288,train,0.2666,1245,100,1918,475,0.559
538,952,truck,0.621,1105,55,1202,168,0.25
538,894,person,0.3759,130,457,173,546,0.25
538,949,car,0.2592,1045,107,1094,141,0.354
538,929,car,0.2747,877,123,950,157,0.0
538,843,bus,0.5561,169,500,581,957,4.669
539,5,bus,0.5708,446,120,576,350,0.25
539,923,car,0.5824,638,151,718,212,0.354
539,928,person,0.3449,1615,304,1651,397,0.25
539,952,truck,0.5349,1105,55,1202,169,0.25
539,894,person,0.3606,130,457,173,546,0.354
539,949,car,0.3011,1042,107,1091,141,1.031
539,929,car,0.2918,877,123,951,157,0.4
539,843,truck,0.7102,174,497,582,951,4.817
540,5,bus,0.5751,446,119,576,349,0.25
540,923,car,0.5797,638,151,718,212,0.559
540,928,person,0.3098,1615,304,1651,397,0.354
540,952,truck,0.5118,1105,55,1202,169,0.25
540,894,person,0.3466,131,457,173,543,0.354
540,949,car,0.311,1040,107,1090,141,1.0
540,929,car,0.3053,877,123,950,156,0.25
540,843,bus,0.5351,182,496,581,941,5.25
540,288,train,0.2577,1245,100,1917,474,0.283
541,5,bus,0.5814,446,119,577,350,0.25
541,923,car,0.5705,638,151,718,212,0.559
541,928,person,0.2995,1615,305,1651,397,0.354
541,952,truck,0.4918,1105,55,1202,169,0.0
541,894,person,0.3597,131,457,174,545,0.25
541,949,car,0.3166,1039,107,1089,141,1.0
541,929,car,0.2935,877,123,951,156,0.25
541,843,truck,0.6284,185,492,582,936,5.062
542,5,bus,0.6086,445,119,576,350,0.354
542,923,car,0.5943,638,151,718,212,0.25
542,928,person,0.3131,1615,304,1651,398,0.354
542,952,truck,0.4816,1105,55,1202,169,0.25
542,894,person,0.3846,131,457,174,545,0.25
542,949,car,0.3022,1039,107,1090,141,1.25
542,929,car,0.258,877,122,951,155,0.559
542,843,truck,0.6192,188,489,583,931,5.148
542,971,bus,0.5224,191,490,578,933,0.0
542,288,train,0.2793,1241,97,1917,474,0.167
543,5,bus,0.5853,445,119,576,350,0.354
543,923,car,0.5974,638,151,718,212,0.0
543,928,person,0.3586,1614,303,1650,397,0.25
543,952,truck,0.3698,1105,55,1202,169,0.0
543,894,person,0.3007,133,457,171,533,1.521
543,949,car,0.3078,1039,107,1090,141,0.5
543,929,car,0.2761,876,122,950,155,0.559
543,288,train,0.3435,1246,100,1917,474,0.333
544,5,bus,0.6471,445,119,576,350,0.25
544,923,car,0.598,638,150,718,212,0.0
544,928,person,0.3298,1614,302,1650,397,0.354
544,952,truck,0.3072,1105,55,1202,169,0.0
544,894,person,0.3008,130,457,173,543,0.25
544,949,car,0.313,1038,107,1089,141,0.5
544,929,car,0.2743,876,122,951,155,0.25
544,288,train,0.3914,1246,100,1917,474,0.0
544,843,truck,0.7393,197,484,585,920,5.111
545,5,bus,0.6762,445,118,576,349,0.354
545,923,car,0.5725,638,150,718,212,0.0
545,928,person,0.3478,1614,303,1650,397,0.354
545,952,truck,0.3623,1105,55,1202,169,0.0
545,894,person,0.3512,130,457,174,545,0.0
545,949,car,0.3058,1036,107,1088,141,0.5
545,929,car,0.2627,876,122,951,155,0.354
545,288,train,0.3005,1247,101,1916,474,0.0
545,843,truck,0.7386,202,482,582,910,4.919
546,5,bus,0.6494,444,118,575,350,0.25
546,923,car,0.5735,638,151,718,213,0.25
546,928,person,0.3449,1613,303,1649,398,0.559
546,952,truck,0.4294,1106,55,1204,169,0.5
546,894,person,0.314,130,457,174,545,0.0
546,949,car,0.3137,1034,107,1087,141,1.0
546,929,car,0.2707,876,121,951,154,0.354
546,288,train,0.3684,1251,105,1912,473,1.118
546,843,truck,0.8634,206,480,582,905,4.919
547,5,bus,0.6706,445,117,576,349,0.25
547,923,car,0.5741,639,151,719,213,0.354
547,928,person,0.3367,1613,302,1649,397,0.354
547,952,truck,0.3086,1106,55,1204,169,0.5
547,894,person,0.2882,131,457,173,541,1.0
547,949,car,0.3145,1034,106,1088,140,0.791
547,288,train,0.3818,1252,107,1909,472,0.559
547,843,truck,0.7451,208,479,582,903,4.294
547,976,car,0.4678,1,914,55,1060,0.0
547,953,bus,0.3884,399,125,468,206,0.189
548,5,bus,0.6522,446,117,576,348,0.559
548,923,car,0.6016,639,151,719,213,0.354
548,928,person,0.357,1613,301,1650,398,0.25
548,952,truck,0.2944,1106,55,1204,169,0.5
548,949,car,0.3114,1035,107,1089,141,0.25
548,288,train,0.3985,1254,108,1910,471,0.559
548,843,truck,0.6816,213,476,583,896,4.366
548,976,car,0.441,4,911,59,1060,3.606
548,977,person,0.3381,903,171,927,223,0.0
548,929,car,0.2731,877,121,951,153,0.283
549,5,bus,0.6118,445,117,576,348,0.25
549,923,car,0.6069,639,151,719,212,0.25
549,928,person,0.3453,1613,301,1650,398,0.354
549,952,truck,0.2952,1106,55,1204,169,0.5
549,949,car,0.3129,1035,107,1089,141,0.0
549,288,train,0.4177,1253,108,1911,471,0.559
549,843,truck,0.833,217,475,581,889,3.913
549,976,car,0.3889,5,904,63,1061,3.905
549,977,person,0.2711,904,172,928,223,1.0
549,929,car,0.2548,877,121,952,153,0.283
549,894,person,0.3724,130,457,174,546,0.283
550,5,bus,0.5816,446,117,576,347,0.707
550,923,car,0.568,639,151,718,212,0.25
550,928,person,0.3455,1609,290,1649,398,1.581
550,949,car,0.3138,1036,107,1089,140,0.559
550,288,train,0.4269,1251,108,1909,471,0.25
550,843,truck,0.8092,222,473,584,885,3.953
550,977,person,0.2884,906,172,931,225,1.581
550,894,person,0.3093,132,457,174,540,0.632
551,5,bus,0.6102,446,117,575,345,0.5
551,923,car,0.615,639,151,719,212,0.25
551,928,person,0.3295,1608,283,1650,398,2.305
551,949,car,0.3223,1034,107,1088,141,0.25
551,288,train,0.3693,1250,107,1912,471,0.25
551,843,truck,0.8017,225,470,588,884,4.451
551,977,person,0.2822,907,171,932,225,1.374
551,952,truck,0.3428,1105,55,1203,169,0.2
551,929,car,0.2778,876,120,953,153,0.373
552,5,bus,0.7226,445,118,576,348,0.354
552,923,car,0.5651,638,151,718,213,0.25
552,928,person,0.4135,1607,284,1649,399,2.136
552,288,train,0.2741,1261,109,1915,470,1.5
552,843,truck,0.7137,228,466,590,880,4.257
552,977,person,0.4189,908,172,933,226,1.346
552,952,truck,0.4777,1105,57,1203,170,0.283
552,953,bus,0.3552,398,123,469,204,0.224
552,894,person,0.4197,128,457,173,547,0.373
553,5,bus,0.6448,446,118,576,347,0.25
553,923,car,0.5616,638,151,718,213,0.354
553,928,person,0.3484,1609,285,1650,398,2.062
553,288,train,0.2714,1250,103,1917,471,0.559
553,843,truck,0.8145,230,464,588,876,3.905
553,977,person,0.2791,909,173,934,227,1.458
553,952,truck,0.5225,1104,56,1201,169,0.6
553,894,person,0.4899,128,457,173,549,0.745
554,5,bus,0.6213,447,117,576,345,0.25
554,923,car,0.5471,639,151,717,212,0.0
554,928,person,0.3862,1607,276,1650,398,1.768
554,288,train,0.2965,1247,104,1914,472,0.25
554,843,truck,0.8348,235,462,589,869,4.161
554,952,bus,0.3263,1104,55,1202,169,0.4
554,894,person,0.2956,132,457,173,539,0.6
554,984,car,0.3602,1,863,99,1062,0.0
554,949,car,0.3034,1035,108,1086,140,0.333
555,5,bus,0.7224,447,117,576,345,0.25
555,923,car,0.5914,638,151,717,212,0.5
555,928,person,0.4122,1609,291,1647,398,1.031
555,288,train,0.2555,1251,102,1919,474,1.031
555,843,truck,0.7944,238,460,590,866,4.031
555,952,truck,0.5441,1104,57,1202,170,0.354
555,894,person,0.3074,129,457,173,545,0.721
555,984,car,0.3883,2,858,102,1062,2.828
555,953,bus,0.2526,396,122,469,204,0.267
555,977,person,0.4238,911,175,936,228,1.166
556,5,bus,0.6467,447,118,576,345,0.559
556,923,car,0.6523,638,150,718,212,0.25
556,928,person,0.3642,1612,299,1647,398,1.768
556,288,train,0.315,1251,105,1919,475,0.791
556,843,truck,0.8084,240,458,591,864,3.354
556,952,truck,0.5652,1105,56,1203,170,0.0
556,894,person,0.3859,128,456,173,547,0.25
556,984,car,0.3265,4,852,108,1062,3.905
556,977,person,0.4014,912,175,938,231,1.562
557,5,bus,0.6892,447,118,575,344,0.25
557,923,car,0.6673,639,150,719,212,0.354
557,928,person,0.426,1610,287,1649,399,0.5
557,843,truck,0.8419,244,455,592,859,3.953
557,952,truck,0.6098,1105,56,1203,169,0.5
557,894,person,0.5043,128,457,174,549,0.25
557,984,car,0.5218,3,841,113,1064,4.269
557,977,person,0.4017,914,176,939,230,1.442
557,949,car,0.2632,1033,106,1089,140,0.177
558,5,bus,0.7747,447,118,575,345,0.0
558,923,car,0.6121,638,150,717,212,0.25
558,928,person,0.4346,1608,279,1649,399,0.5
558,843,truck,0.7846,246,452,592,856,3.26
558,952,truck,0.4864,1105,57,1203,170,0.354
558,894,person,0.3401,128,457,173,549,1.346
558,984,car,0.6145,5,835,119,1065,4.243
558,977,person,0.3879,914,179,939,232,1.414
558,949,car,0.262,1032,106,1089,141,0.25
558,288,train,0.2931,1258,108,1914,471,0.721
559,5,bus,0.7702,447,118,575,345,0.0
559,923,car,0.615,638,150,717,212,0.0
559,928,person,0.4675,1606,272,1648,399,2.264
559,843,truck,0.7131,251,451,592,850,3.691
559,952,truck,0.5071,1104,57,1203,170,0.0
559,894,person,0.3502,128,456,174,549,0.25
559,984,car,0.6257,4,832,123,1072,3.4
559,977,person,0.3208,916,179,941,233,1.768
559,288,train,0.2573,1260,109,1913,471,1.265
560,5,bus,0.6091,448,118,576,344,0.25
560,923,car,0.6789,637,150,717,213,0.25
560,928,person,0.4448,1608,277,1648,399,2.512
560,843,truck,0.8392,256,451,592,846,3.953
560,894,person,0.3575,129,456,175,549,0.559
560,984,car,0.528,5,830,129,1077,2.926
560,288,train,0.4469,1257,110,1917,475,0.894
561,5,bus,0.6536,448,118,577,344,0.25
561,923,car,0.6658,637,150,717,212,0.5
561,928,person,0.3659,1609,279,1648,398,1.275
561,843,truck,0.8178,260,451,591,840,3.473
561,894,person,0.3433,129,456,175,549,0.354
561,984,car,0.671,6,818,135,1073,3.473
561,288,train,0.4679,1253,108,1919,478,0.632
561,949,car,0.287,1029,104,1087,140,0.361
561,952,truck,0.2661,1104,58,1203,171,0.283
562,5,bus,0.4598,447,119,576,346,0.25
562,923,car,0.5641,638,150,719,212,0.25
562,928,person,0.4956,1609,279,1648,400,0.0
562,843,truck,0.7835,265,450,595,838,3.717
562,894,person,0.2618,128,456,174,549,0.354
562,984,car,0.7066,8,814,139,1070,3.4
562,288,train,0.3892,1251,111,1915,479,1.677
562,949,car,0.4148,1028,106,1085,142,0.5
563,5,bus,0.7244,447,122,576,348,1.0
563,923,car,0.4593,638,151,718,213,0.354
563,928,person,0.3985,1608,278,1647,401,1.0
563,843,truck,0.7826,266,450,595,837,2.85
563,894,person,0.4626,128,459,174,553,1.0
563,984,car,0.7491,9,809,142,1067,4.61
563,288,train,0.3943,1253,109,1918,478,0.791
564,5,bus,0.6354,446,125,575,352,1.82
564,923,car,0.3395,636,155,715,216,1.118
564,928,person,0.4107,1606,280,1645,406,1.458
564,843,truck,0.8352,269,453,593,835,2.016
564,894,person,0.4143,126,462,172,558,2.136
564,984,car,0.7478,11,808,144,1062,5.148
564,288,train,0.6092,1253,116,1913,481,1.803
565,5,bus,0.6806,444,131,573,358,3.4
565,923,car,0.6274,635,162,713,222,2.85
565,928,person,0.4671,1603,283,1643,413,2.795
565,843,truck,0.8196,271,454,594,836,1.75
565,894,person,0.2918,125,467,171,562,3.162
565,984,car,0.6389,12,809,145,1059,3.4
566,5,bus,0.715,445,136,573,361,4.031
566,923,car,0.4611,635,167,713,228,4.123
566,928,person,0.3944,1605,306,1640,418,5.942
566,843,truck,0.709,272,457,595,840,1.25
566,984,car,0.7418,13,810,148,1058,2.658
566,288,train,0.4536,1247,123,1918,494,3.105
567,5,bus,0.5752,444,143,572,369,5.303
567,923,car,0.6133,634,174,712,234,5.64
567,928,person,0.2828,1605,309,1641,424,6.824
567,843,truck,0.7771,274,461,595,843,2.462
567,984,car,0.7104,14,811,150,1057,2.016
567,952,truck,0.4384,1097,81,1196,195,2.72
568,5,bus,0.7468,445,151,572,374,6.021
568,923,car,0.5029,633,181,712,242,6.543
568,928,person,0.2881,1603,311,1640,430,6.824
568,843,truck,0.7746,277,466,596,846,3.25
568,984,car,0.5854,14,812,153,1058,1.5
568,952,truck,0.4292,1092,92,1187,204,3.808
568,894,person,0.4865,121,485,167,580,5.134
569,5,bus,0.7794,443,156,571,381,6.005
569,923,car,0.5301,632,188,710,248,6.543
569,928,person,0.4858,1601,313,1640,439,7.04
569,843,truck,0.6671,280,470,593,844,3.162
569,984,car,0.6304,15,810,157,1055,2.062
569,894,person,0.3865,121,490,166,585,5.336
570,5,bus,0.7683,444,163,571,385,6.519
570,923,car,0.5664,633,195,711,255,7.018
570,843,truck,0.6256,282,475,592,846,3.162
570,984,car,0.6505,16,811,159,1053,1.82
570,894,person,0.2906,122,496,167,592,5.728
570,288,train,0.3001,1217,137,1915,524,4.864
571,5,bus,0.8242,444,172,570,394,6.755
571,923,car,0.3367,632,203,709,262,7.04
571,843,truck,0.7794,283,482,594,856,4.366
571,984,car,0.6477,17,811,164,1053,2.062
571,894,person,0.3743,122,504,168,600,6.353
571,288,train,0.387,1209,142,1905,533,6.519
572,5,bus,0.6787,442,179,570,403,7.267
572,923,car,0.5442,633,210,710,269,7.004
572,843,truck,0.7027,288,484,595,853,3.25
572,984,car,0.6341,16,811,167,1055,2.062
572,894,person,0.3505,120,510,166,609,6.755
572,288,train,0.4767,1202,148,1895,541,7.225
573,5,bus,0.7177,444,186,570,407,7.0
573,923,car,0.6246,634,217,710,276,7.004
573,843,truck,0.7422,291,490,598,858,4.697
573,984,car,0.7042,18,815,169,1053,1.82
573,894,person,0.4295,120,516,167,616,7.25
573,288,train,0.4278,1207,159,1886,549,8.345
574,5,bus,0.6269,443,193,570,416,7.504
574,923,car,0.5143,632,224,710,285,7.254
574,843,truck,0.7165,293,496,597,862,5.154
574,984,car,0.6063,19,819,174,1056,2.574
574,894,person,0.3472,122,525,166,620,7.0
574,288,train,0.4148,1206,167,1873,554,10.09
574,1015,car,0.47,1007,176,1075,218,0.0
575,5,bus,0.72,443,201,571,425,7.5
575,923,car,0.5454,632,233,710,293,7.754
575,843,truck,0.6556,296,502,601,870,4.931
575,984,car,0.7612,21,822,178,1055,2.704
575,894,person,0.3502,122,533,167,629,7.254
575,288,train,0.2778,1201,169,1877,561,8.322
575,1017,bus,0.4444,379,201,469,286,0.0
576,5,bus,0.7237,444,209,572,433,7.517
576,923,car,0.6715,634,242,711,302,8.254
576,843,truck,0.584,299,508,603,875,6.27
576,984,car,0.8288,23,825,180,1050,2.693
576,288,train,0.3063,1238,192,1896,572,10.621
577,5,bus,0.8164,446,219,574,443,8.782
577,923,car,0.4205,635,252,712,312,9.003
577,843,bus,0.4304,305,519,604,879,6.731
577,984,car,0.8177,24,830,183,1051,2.915
577,288,train,0.5269,1259,211,1904,582,13.668
577,1026,bus,0.4067,1098,165,1178,275,0.0
577,894,person,0.6069,124,554,169,651,8.621
578,5,bus,0.8812,449,229,576,452,9.124
578,923,car,0.5492,637,262,713,321,9.304
578,843,bus,0.7385,311,530,605,884,7.718
578,984,car,0.7541,25,835,189,1056,3.4
578,288,train,0.3416,1259,223,1911,597,16.985
578,1026,truck,0.2937,1100,176,1179,284,10.05
578,894,person,0.4844,127,564,173,663,9.504
578,1017,bus,0.7091,386,233,473,315,10.467
579,5,bus,0.8156,450,240,578,466,10.152
579,923,car,0.5054,639,273,716,332,9.865
579,843,truck,0.5037,315,537,611,893,8.162
579,984,car,0.8702,25,839,194,1060,3.717
579,288,train,0.3973,1247,229,1909,608,16.451
579,894,person,0.3379,130,575,174,670,10.127
579,1035,person,0.6162,938,316,963,372,0.0
579,1017,bus,0.3881,390,245,474,324,10.443
580,5,bus,0.8663,452,250,580,475,10.443
580,923,car,0.6249,642,285,718,344,10.689
580,843,bus,0.5741,317,545,615,903,9.062
580,984,car,0.7971,26,845,201,1067,5.618
580,288,train,0.6022,1249,239,1913,619,12.26
580,894,person,0.4243,132,585,176,680,10.394
580,1017,bus,0.4268,392,257,476,335,10.787
581,5,bus,0.87,455,263,583,489,11.473
581,923,car,0.51,645,296,723,356,11.339
581,843,truck,0.5829,322,556,617,911,9.29
581,984,car,0.797,27,852,205,1070,6.175
581,288,train,0.3605,1252,253,1912,630,11.253
581,894,person,0.4333,135,599,177,690,10.794
581,1017,bus,0.6691,392,268,478,348,10.987
582,5,bus,0.7764,458,274,586,500,12.013
582,923,car,0.4201,646,307,725,368,11.769
582,843,truck,0.4059,325,568,620,924,10.359
582,984,car,0.8323,28,856,210,1071,5.408
582,288,train,0.2771,1228,252,1908,639,9.728
582,894,person,0.5984,137,610,180,704,11.18
582,1017,bus,0.6025,397,279,485,360,11.643
582,1042,person,0.4124,1613,429,1652,561,0.0
583,5,bus,0.7685,461,288,586,509,11.473
583,923,car,0.4388,649,319,729,380,12.127
583,843,truck,0.514,332,579,625,933,10.914
583,984,car,0.8198,30,865,213,1073,5.831
583,288,train,0.2887,1239,264,1917,651,9.75
583,894,person,0.3891,140,621,183,715,11.718
583,1017,bus,0.2554,398,289,484,368,11.228
583,1042,person,0.4085,1615,446,1653,574,15.133
584,5,bus,0.8339,463,298,590,524,12.502
584,923,car,0.4222,651,332,729,392,12.258
584,843,truck,0.5518,336,588,629,943,11.003
584,984,car,0.8337,32,874,216,1076,5.489
584,288,train,0.4423,1263,290,1915,661,11.673
584,894,person,0.4669,142,634,185,728,12.455
584,1017,bus,0.5763,396,303,485,385,12.093
584,1042,person,0.347,1620,469,1655,586,16.194
585,5,bus,0.7042,465,313,592,538,12.455
585,923,car,0.3911,653,347,732,407,12.906
585,843,truck,0.6811,339,595,631,949,10.539
585,984,car,0.8683,34,882,219,1077,5.148
585,288,train,0.334,1269,309,1917,679,13.532
585,1017,bus,0.566,399,317,488,399,12.659
586,5,bus,0.8099,466,328,592,550,13.117
586,923,car,0.4947,656,360,735,420,13.484
586,843,truck,0.5317,344,608,631,955,9.52
586,984,car,0.8813,34,888,223,1079,5.483
586,288,train,0.3616,1264,322,1919,699,17.237
586,1017,bus,0.6722,401,330,491,412,13.06
586,894,person,0.2751,144,659,187,753,12.53
587,5,bus,0.7665,469,346,591,561,13.861
587,923,car,0.4283,655,373,735,433,13.583
587,843,truck,0.6001,344,613,633,963,8.382
587,984,car,0.8405,36,897,225,1079,5.256
587,288,train,0.3998,1257,332,1919,714,16.688
587,1017,bus,0.6262,402,342,493,425,13.832
587,894,person,0.468,145,672,187,765,12.304
588,5,bus,0.801,466,353,592,575,13.271
588,923,car,0.4852,655,386,736,447,13.558
588,843,bus,0.6695,346,626,633,975,8.923
588,984,car,0.8448,39,905,226,1078,4.472
588,288,train,0.4519,1259,346,1919,726,15.25
588,1017,bus,0.6554,401,355,493,438,13.117
588,1063,person,0.6523,962,435,985,494,0.0
589,5,bus,0.7456,466,365,592,587,12.752
589,923,car,0.4153,655,399,734,458,12.76
589,843,truck,0.5221,348,639,632,983,9.83
589,984,car,0.8716,40,913,226,1077,4.366
589,1017,bus,0.734,399,365,495,452,12.54
589,1063,person,0.4182,963,446,987,507,12.166
589,1069,bus,0.4793,344,635,633,981,0.0
589,1042,person,0.422,1622,526,1660,655,13.632
590,5,bus,0.7452,468,378,594,598,12.26
590,923,car,0.6186,653,412,733,472,13.01
590,843,bus,0.5438,350,650,629,989,9.513
590,984,car,0.8586,42,922,227,1077,4.272
590,1017,bus,0.6867,398,377,493,463,12.253
590,1063,person,0.4844,963,461,987,521,13.537
590,1069,truck,0.4791,348,649,631,988,10.05
591,5,bus,0.8347,466,392,591,610,12.01
591,923,car,0.4949,653,425,731,484,12.772
591,843,bus,0.5815,353,662,631,1000,10.796
591,984,car,0.8091,44,932,226,1077,4.191
591,1017,bus,0.596,398,391,492,475,12.51
591,1063,person,0.3594,963,476,987,536,14.016
591,1069,truck,0.3908,351,660,635,1000,11.281
591,894,person,0.5551,142,723,183,814,12.501
591,288,train,0.5136,1262,381,1919,759,12.677
592,5,bus,0.8128,464,401,590,623,12.01
592,923,car,0.508,652,438,731,497,12.789
592,843,truck,0.6144,351,671,631,1013,10.512
592,984,car,0.8501,44,938,227,1076,4.07
592,1017,bus,0.5602,396,403,489,487,12.314
592,1063,person,0.5952,962,489,986,549,13.752
592,288,train,0.3604,1259,397,1918,775,12.677
593,5,bus,0.8493,463,414,590,637,12.273
593,923,truck,0.3364,651,450,730,509,12.789
593,843,bus,0.4588,350,681,630,1025,10.5
593,984,car,0.8392,46,948,227,1077,4.316
593,1017,bus,0.7533,397,417,489,500,12.54
593,1063,person,0.5898,962,504,987,564,14.502
593,894,person,0.5541,138,750,180,843,12.786
594,5,bus,0.836,461,428,586,647,12.412
594,923,car,0.5353,649,464,728,523,12.811
594,843,truck,0.6224,349,696,626,1036,11.761
594,984,car,0.8586,47,957,226,1078,4.528
594,1017,bus,0.7635,393,429,485,511,12.59
594,1063,person,0.3136,961,518,986,579,14.259
595,5,bus,0.7318,458,440,584,661,12.374
595,923,car,0.4148,646,475,725,535,12.87
595,843,truck,0.631,349,707,621,1042,10.892
595,984,car,0.7795,47,963,227,1079,4.279
595,1017,bus,0.7659,390,441,484,525,12.659
595,1063,person,0.3885,959,530,985,592,13.77
595,288,train,0.3609,1249,431,1918,815,12.516
595,894,person,0.3814,133,775,175,867,12.836
596,5,bus,0.884,455,450,581,671,12.209
596,923,car,0.6702,645,487,724,546,12.374
596,843,bus,0.5355,349,716,617,1047,9.953
596,984,car,0.7671,51,971,229,1079,4.67
596,1017,bus,0.6231,387,453,480,535,12.455
596,1063,person,0.3596,958,543,984,605,13.77
597,5,bus,0.8805,454,461,580,682,11.718
597,923,car,0.3699,643,497,720,554,11.718
597,843,bus,0.594,349,725,618,1058,9.66
597,984,car,0.7943,56,978,230,1079,4.366
597,1017,bus,0.4636,385,463,478,545,11.885
597,1063,person,0.35,956,555,982,617,13.06
597,1092,person,0.3755,1610,622,1647,753,0.0
597,288,train,0.5005,1243,450,1919,839,12.033
597,894,person,0.4955,127,796,170,890,12.629
598,5,bus,0.8456,452,470,579,695,11.426
598,923,car,0.7009,639,507,716,564,10.854
598,843,bus,0.625,347,733,617,1068,8.591
598,984,car,0.7524,61,984,232,1078,4.301
598,1017,bus,0.4172,379,473,473,554,11.231
598,288,train,0.3654,1224,458,1894,849,12.657
598,894,person,0.3401,123,804,167,899,12.103
599,5,bus,0.7856,450,479,576,700,9.953
599,923,car,0.6108,637,515,714,572,9.823
599,843,bus,0.7394,348,741,617,1075,8.533
599,984,car,0.779,62,986,236,1078,4.07
599,1017,bus,0.7811,376,482,470,563,10.359
599,288,train,0.2622,1222,469,1892,862,12.124
599,1098,truck,0.439,351,742,615,1074,0.0
599,1099,truck,0.4089,1096,426,1183,540,0.0
600,5,bus,0.7694,450,487,575,708,9.371
600,923,car,0.4308,635,524,712,582,9.65
600,984,car,0.7305,65,989,239,1078,3.606
600,1017,bus,0.4339,376,490,469,570,9.411
600,288,train,0.2847,1238,475,1910,870,9.964
600,1063,person,0.3126,955,585,980,645,11.211
600,894,person,0.3013,121,819,165,914,10.258
601,5,bus,0.8318,451,494,575,714,8.31
601,923,car,0.6128,634,530,712,588,8.732
601,984,car,0.6899,69,991,242,1076,3.25
601,1017,bus,0.357,373,497,468,578,8.696
601,288,train,0.381,1243,480,1913,873,8.035
601,1063,person,0.3129,955,592,981,653,10.189
601,843,truck,0.5049,353,756,611,1076,7.003
602,5,bus,0.8384,450,499,574,719,6.792
602,923,car,0.6938,635,537,711,594,7.566
602,984,car,0.5077,76,994,249,1076,4.123
602,1017,bus,0.3343,374,501,470,583,7.319
602,288,train,0.4417,1253,494,1912,880,10.262
602,1063,person,0.3489,955,598,981,659,9.014
602,1106,person,0.4272,1604,670,1642,791,0.0
602,843,bus,0.645,358,762,610,1074,5.404
603,5,bus,0.8635,449,503,573,723,6.021
603,923,car,0.583,635,540,713,599,6.505
603,984,car,0.6332,79,994,255,1075,4.528
603,1017,bus,0.4359,375,506,469,587,6.005
603,288,train,0.3532,1238,497,1900,888,7.387
603,1063,person,0.3292,956,603,984,667,8.168
603,1106,person,0.4525,1605,676,1643,796,6.083
603,843,bus,0.6596,360,765,611,1075,4.045
603,1099,truck,0.3961,1094,453,1180,566,6.519
604,5,bus,0.8674,450,506,573,724,4.507
604,923,car,0.475,635,542,714,601,4.507
604,984,car,0.7235,78,993,261,1075,4.257
604,1017,bus,0.7285,375,510,469,590,5.0
604,288,train,0.3456,1233,494,1908,892,5.344
604,1063,person,0.5726,956,607,985,673,6.295
604,1106,person,0.4739,1606,678,1645,800,4.61
604,843,bus,0.5533,361,766,613,1076,2.786
604,1108,truck,0.4131,1099,455,1183,568,0.0
604,1099,bus,0.4067,1095,458,1179,568,6.013
605,5,bus,0.8649,450,508,573,725,3.041
605,923,car,0.4457,636,543,715,602,3.288
605,984,car,0.7553,79,991,271,1075,5.0
605,1017,bus,0.5499,374,513,467,592,3.75
605,288,train,0.3004,1240,500,1907,892,5.154
605,1063,person,0.5876,958,610,987,676,5.344
605,843,bus,0.706,361,766,611,1073,1.25
605,1108,bus,0.4244,1098,455,1182,568,1.0
606,5,bus,0.8919,452,507,575,724,1.521
606,923,car,0.4213,636,546,712,603,2.264
606,984,car,0.7787,75,988,280,1077,3.824
606,1017,bus,0.6341,373,512,467,591,2.305
606,288,train,0.2859,1250,502,1912,891,2.264
606,1063,person,0.5916,959,611,988,676,3.953
606,843,bus,0.5461,364,766,615,1075,1.346
606,1108,bus,0.3854,1097,455,1180,567,1.5
606,1106,person,0.2866,1606,675,1646,801,2.136
606,1099,truck,0.3869,1095,458,1180,570,4.438
607,5,bus,0.8847,452,507,575,724,0.707
607,923,car,0.4556,636,546,711,602,1.275
607,984,car,0.816,70,983,289,1078,3.162
607,1017,bus,0.6782,371,512,466,591,1.601
607,288,train,0.317,1251,505,1909,892,3.132
607,1063,person,0.6338,960,612,989,677,2.462
607,843,truck,0.6206,363,763,616,1075,1.031
607,1108,bus,0.3734,1097,455,1180,567,1.0
607,1112,bus,0.3256,362,762,619,1074,0.0
607,1106,person,0.3311,1606,674,1646,801,1.523
607,1099,truck,0.3722,1095,458,1180,571,3.883
608,5,bus,0.8628,452,506,575,723,0.559
608,923,car,0.4454,635,543,714,601,0.25
608,984,car,0.8277,64,978,297,1079,3.132
608,1017,bus,0.7661,371,510,468,591,0.75
608,288,train,0.3541,1232,505,1885,893,3.354
608,1063,person,0.4804,961,612,990,677,1.601
608,843,bus,0.6574,360,759,616,1077,0.791
608,1108,bus,0.4484,1098,456,1180,567,0.5
608,1112,truck,0.5365,360,758,620,1074,2.0
608,1106,person,0.3679,1606,672,1647,801,0.4
608,1099,truck,0.4544,1100,456,1188,572,1.72
609,5,bus,0.8636,453,504,577,723,1.25
609,923,car,0.4625,636,541,715,600,0.5
609,984,car,0.7637,62,972,307,1079,3.01
609,1017,bus,0.7702,374,510,469,589,0.791
609,288,train,0.3564,1244,504,1893,887,1.275
609,1108,bus,0.4119,1096,454,1179,566,0.791
609,1106,person,0.4762,1608,672,1648,799,1.0
609,1099,truck,0.3483,1101,455,1189,570,1.612
609,1115,person,0.428,1665,734,1703,853,0.0
610,5,bus,0.857,456,499,580,717,2.151
610,923,car,0.6416,639,536,716,593,2.61
610,984,car,0.8117,61,963,323,1079,4.65
610,1017,bus,0.8593,376,504,471,583,2.136
610,288,train,0.2726,1261,494,1911,878,2.795
610,1106,person,0.2775,1611,667,1650,791,2.462
610,1099,bus,0.3617,1103,449,1189,562,3.182
610,843,bus,0.5444,372,747,621,1057,3.945
611,5,bus,0.8315,460,493,584,711,3.953
611,923,car,0.459,643,529,721,587,4.589
611,984,car,0.8091,56,952,334,1077,5.657
611,1017,bus,0.7662,376,496,473,576,4.039
611,288,train,0.3651,1261,488,1906,868,5.056
611,1106,person,0.5426,1615,659,1655,784,4.589
611,843,truck,0.3719,378,735,627,1045,6.539
612,5,bus,0.8108,462,484,585,701,6.042
612,923,car,0.5858,645,520,724,578,6.27
612,984,car,0.8283,47,937,352,1078,7.08
612,1017,bus,0.812,377,485,476,567,6.25
612,288,train,0.431,1268,479,1909,857,10.785
612,843,truck,0.4925,386,757,616,1042,4.665
613,5,bus,0.7357,462,475,584,690,8.004
613,923,car,0.5827,645,508,725,567,8.62
613,984,car,0.8439,47,923,365,1075,8.515
613,1017,bus,0.7755,376,472,477,556,8.839
613,843,truck,0.5576,383,721,626,1022,9.93
613,1092,person,0.5265,1617,635,1652,757,0.676
614,5,bus,0.8508,462,459,586,677,10.112
614,923,car,0.6286,647,496,724,553,10.198
614,984,car,0.8086,52,907,369,1063,10.062
614,1017,bus,0.8614,375,460,475,543,10.512
614,843,bus,0.4913,394,730,616,1002,9.277
614,1130,bus,0.4776,1103,405,1193,517,0.0
614,1092,person,0.318,1617,623,1654,748,0.428
614,288,train,0.2568,1270,457,1912,834,11.007
615,5,bus,0.8646,462,446,585,663,12.003
615,984,car,0.8552,62,890,368,1044,12.77
615,1017,bus,0.8051,374,446,473,528,12.253
615,843,bus,0.4784,400,736,606,986,7.254
615,1130,bus,0.4597,1106,390,1199,505,14.56
615,1092,person,0.6612,1617,611,1655,736,0.896
616,5,bus,0.807,459,429,583,647,13.509
616,984,car,0.7708,66,870,368,1026,15.421
616,1017,bus,0.7898,374,432,472,512,13.521
616,843,truck,0.4869,385,679,621,968,19.007
616,1130,bus,0.4051,1106,372,1199,488,15.628
616,1092,person,0.6004,1617,596,1655,720,1.583
616,1139,car,0.6358,644,460,721,518,0.0
617,5,bus,0.8628,458,411,583,630,15.518
617,984,car,0.7737,67,843,371,1005,19.03
617,1017,bus,0.7918,371,416,468,495,14.853
617,843,truck,0.463,387,658,623,948,17.002
617,1130,bus,0.3439,1103,357,1194,470,16.0
617,1092,person,0.4627,1615,579,1653,702,14.0
617,1139,car,0.5503,642,445,720,504,15.033
617,1142,person,0.5341,975,522,1005,588,0.0
618,5,bus,0.8465,458,396,580,611,16.298
618,984,car,0.695,75,826,364,983,20.375
618,1017,bus,0.7327,366,397,465,478,16.194
618,843,bus,0.5362,397,673,608,928,16.517
618,1130,bus,0.2809,1103,339,1196,455,16.002
618,1139,car,0.3763,640,430,712,484,16.279
618,1142,person,0.4775,974,509,1003,573,14.142
619,5,bus,0.8432,455,377,578,593,17.339
619,984,car,0.7506,77,803,366,964,21.054
619,1017,bus,0.7272,365,382,464,462,16.405
619,843,bus,0.5565,397,663,603,910,18.765
619,1130,bus,0.3899,1101,324,1192,437,16.817
619,1139,car,0.7055,636,410,712,467,17.208
619,1151,person,0.5123,127,708,170,802,0.0
619,1092,person,0.4157,1610,545,1649,667,15.846
620,5,bus,0.8239,451,361,575,579,17.117
620,984,car,0.8293,85,784,359,940,21.536
620,1017,bus,0.8632,361,363,461,444,17.509
620,843,bus,0.4996,384,612,616,892,17.766
620,1139,car,0.5908,635,393,711,450,17.148
620,1092,person,0.4202,1606,524,1644,648,17.539
621,5,bus,0.8576,450,346,571,559,17.183
621,984,car,0.824,83,756,364,920,21.523
621,1017,bus,0.7691,358,346,456,425,17.755
621,843,truck,0.5349,375,571,623,874,20.305
621,1139,car,0.3674,630,374,708,432,18.002
621,1092,person,0.4237,1605,520,1641,632,16.605
621,1130,bus,0.5226,1092,288,1184,403,17.229
622,5,bus,0.8236,446,325,569,540,18.002
622,984,car,0.7151,88,734,359,895,22.522
622,1017,bus,0.8159,354,326,456,408,17.678
622,843,bus,0.4259,372,548,621,856,24.546
622,1139,car,0.4933,628,356,705,414,18.173
622,1092,person,0.358,1605,509,1639,614,15.981
622,1130,bus,0.3122,1088,272,1177,385,17.299
623,5,bus,0.7835,444,308,566,522,17.715
623,984,car,0.7847,93,712,359,874,22.535
623,1017,bus,0.777,350,308,452,390,18.537
623,843,truck,0.2837,373,528,620,836,26.019
623,1139,car,0.4284,626,337,704,395,18.14
623,1092,person,0.5565,1603,481,1639,592,17.614
623,1130,bus,0.3338,1085,253,1172,365,18.094
624,5,bus,0.8138,443,288,567,505,18.608
624,984,car,0.7545,99,690,358,850,23.049
624,1017,bus,0.8218,348,288,452,371,18.703
624,843,truck,0.4144,373,502,618,811,24.033
624,1139,car,0.4712,626,320,702,377,18.388
624,1092,person,0.3554,1601,471,1636,574,16.095
624,1130,bus,0.4436,1086,235,1172,346,18.318
624,1175,bus,0.3781,387,495,605,811,0.0
625,5,bus,0.7991,446,273,566,483,18.527
625,984,car,0.8226,109,676,353,829,21.593
625,1017,bus,0.7847,348,272,449,352,18.388
625,843,truck,0.3335,392,530,600,789,15.768
625,1092,person,0.4199,1602,440,1641,556,19.506
625,1130,bus,0.617,1085,216,1171,328,18.42
625,1175,bus,0.4602,410,541,584,791,13.038
626,5,bus,0.8009,447,254,568,466,18.0
626,984,car,0.6859,118,658,350,805,20.931
626,1017,bus,0.7208,346,251,451,335,18.583
626,843,truck,0.4806,384,475,617,767,20.275
626,1092,person,0.3278,1602,428,1639,537,19.756
626,1130,bus,0.4662,1085,197,1171,310,18.777
626,1139,car,0.3488,626,285,703,342,18.028
627,5,bus,0.759,446,233,568,447,18.757
627,984,car,0.5733,127,637,352,781,21.25
627,1017,bus,0.8178,347,232,451,315,19.007
627,843,truck,0.4882,385,450,620,747,21.054
627,1092,person,0.5037,1604,406,1641,517,18.752
627,1130,bus,0.3345,1087,178,1171,290,18.752
627,1139,car,0.5514,627,264,703,321,18.601
628,5,bus,0.8127,447,211,572,431,18.777
628,984,car,0.7273,135,615,356,758,21.426
628,1017,bus,0.866,351,215,454,297,18.257
628,843,bus,0.4569,389,432,623,729,19.198
628,1092,person,0.3103,1605,392,1640,496,19.526
628,1130,bus,0.5683,1096,156,1185,274,18.951
628,1139,car,0.5609,629,244,705,300,18.804
629,5,bus,0.8248,451,193,575,411,19.08
629,984,car,0.7379,142,593,362,736,22.618
629,1017,bus,0.7913,351,195,454,277,19.026
629,843,bus,0.5278,394,409,625,704,25.954
629,1092,person,0.3816,1610,377,1643,476,18.043
629,1139,car,0.6121,632,225,710,283,18.852
630,5,bus,0.8595,455,176,579,395,18.916
630,984,car,0.6687,152,574,367,715,22.63
630,1017,bus,0.6484,353,177,457,260,18.831
630,843,bus,0.6049,411,429,614,685,16.279
630,1139,car,0.3491,635,208,712,265,19.381
630,1199,person,0.6508,981,300,1015,372,0.0
630,1130,bus,0.2532,1102,119,1190,235,19.338
631,5,bus,0.8549,456,158,581,379,18.209
631,984,car,0.6655,159,556,370,696,21.671
631,1017,bus,0.8879,357,162,460,244,17.644
631,843,bus,0.5766,420,433,608,666,12.612
631,1139,car,0.5446,636,192,714,250,17.925
631,1199,person,0.437,985,289,1018,357,13.342
632,5,bus,0.7452,460,153,579,362,16.194
632,984,car,0.6909,166,542,371,679,19.851
632,1017,bus,0.7902,358,149,460,230,16.841
632,843,truck,0.5108,406,377,629,657,15.988
632,1139,car,0.5851,637,177,716,235,16.653
632,1199,person,0.6161,988,274,1022,346,13.463
632,1092,person,0.3951,1617,333,1649,428,17.138
632,1130,bus,0.4504,1105,89,1191,203,18.142
633,5,bus,0.7338,459,134,582,349,15.35
633,984,car,0.7689,171,527,370,660,18.312
633,1017,bus,0.8713,358,136,460,216,15.102
633,843,bus,0.4808,402,349,633,643,15.133
633,1139,car,0.5946,638,165,717,223,15.075
633,1199,person,0.4131,991,261,1025,332,13.744
633,1209,truck,0.3993,411,346,625,645,0.0
633,1092,person,0.3618,1619,321,1651,417,15.486
634,5,bus,0.8691,460,110,584,327,16.797
634,984,car,0.7118,174,491,376,627,21.623
634,1017,bus,0.3375,355,113,461,198,15.768
634,843,bus,0.7052,408,322,628,603,23.797
634,1139,car,0.4972,639,146,715,202,15.532
635,5,bus,0.8815,454,69,582,296,21.5
635,984,car,0.7523,173,468,375,605,22.638
635,843,bus,0.715,418,336,615,584,22.256
636,5,bus,0.8675,450,84,578,312,14.803
636,984,car,0.6589,172,482,371,618,15.019
636,1209,bus,0.6377,407,316,622,616,9.758
636,1017,bus,0.6008,348,101,455,187,11.883
637,5,bus,0.7975,447,101,571,321,7.988
637,984,car,0.7506,167,489,366,627,8.807
637,1209,bus,0.5944,399,317,615,619,7.289
637,1017,bus,0.5968,341,111,444,194,8.144
638,5,bus,0.7859,443,111,565,328,4.507
638,984,car,0.7619,169,495,361,628,2.55
638,1209,bus,0.5093,400,325,608,616,5.731
638,1017,bus,0.7295,337,119,437,199,5.561
638,1224,person,0.5853,116,463,163,555,0.0
638,1227,car,0.5664,620,156,696,216,0.0
639,5,bus,0.8574,448,107,572,329,9.22
639,984,car,0.773,179,492,368,623,5.256
639,1209,bus,0.5711,407,320,616,612,4.972
639,1017,bus,0.8511,345,113,445,194,2.631
639,1224,person,0.5357,125,456,173,550,11.662
639,1227,car,0.5675,633,148,707,206,15.0
640,5,bus,0.7789,448,121,572,344,8.559
640,984,car,0.7554,182,503,368,633,4.61
640,1209,bus,0.5117,410,337,614,622,3.288
640,1017,bus,0.8038,343,127,444,208,6.088
641,5,bus,0.7856,452,124,575,345,5.836
641,984,car,0.708,188,502,371,630,3.816
641,1209,bus,0.4416,412,342,614,625,4.039
641,1017,bus,0.5707,346,130,447,212,4.854
641,1234,person,0.5707,985,267,1021,342,0.0
641,1236,car,0.5246,632,166,706,224,0.0
641,1238,truck,0.4127,418,360,611,626,0.0
641,1224,person,0.561,129,468,177,563,5.077
642,5,bus,0.6765,457,124,579,343,4.95
642,984,car,0.6286,194,496,379,626,5.25
642,1209,truck,0.544,421,339,619,616,4.366
642,1017,bus,0.4664,351,126,455,210,4.589
642,1234,person,0.4517,993,264,1029,339,8.544
642,1236,car,0.4408,636,160,709,218,6.708
642,1238,bus,0.4543,423,342,620,613,17.464
642,1224,person,0.5632,135,467,182,560,4.854
643,5,bus,0.8312,459,118,582,338,3.536
643,984,car,0.7112,197,490,385,623,4.507
643,1017,bus,0.5389,353,122,454,205,3.202
643,1234,person,0.3242,997,259,1032,333,6.801
643,1236,car,0.4893,638,154,713,213,6.708
643,1224,person,0.6032,136,463,183,555,4.0
643,1243,person,0.4558,1619,315,1650,404,0.0
644,5,bus,0.8363,458,122,580,340,2.264
644,984,car,0.5655,198,491,383,623,4.65
644,1017,bus,0.3474,352,123,455,208,2.55
644,1234,person,0.3892,995,264,1032,341,3.399
644,1236,car,0.472,636,158,712,218,2.867
644,1224,person,0.5548,134,465,181,560,2.408
644,1243,person,0.3946,1617,321,1648,411,7.28
644,1209,truck,0.5758,422,338,620,613,2.691
645,5,bus,0.8463,456,124,577,341,0.901
645,984,car,0.7051,200,490,382,620,4.07
645,1017,bus,0.467,349,125,451,209,1.414
645,1234,person,0.5253,992,265,1030,345,2.016
645,1236,car,0.4862,633,161,707,219,1.275
645,1224,person,0.5495,132,466,179,560,0.707
645,1243,person,0.3344,1617,322,1649,413,4.031
645,1209,bus,0.6094,421,338,619,613,1.789
646,5,bus,0.8486,458,121,578,337,1.0
646,984,car,0.6631,204,485,380,611,3.579
646,1017,bus,0.5563,348,125,447,207,1.581
646,1234,person,0.318,993,266,1030,343,0.75
646,1236,car,0.3891,632,156,709,217,0.901
646,1224,person,0.519,133,464,178,555,1.25
646,1209,bus,0.5948,424,332,619,602,3.578
647,5,bus,0.7882,454,115,577,335,1.458
647,984,car,0.6046,207,479,380,603,3.783
647,1017,bus,0.4657,347,123,445,203,1.75
647,1234,person,0.403,993,264,1029,341,1.677
647,1236,car,0.2919,632,153,708,212,1.275
647,1209,bus,0.4551,421,327,623,607,2.04
648,5,bus,0.7881,454,120,574,336,1.458
648,984,car,0.6023,205,478,380,604,4.031
648,1017,bus,0.5402,345,124,444,206,2.25
648,1234,person,0.3733,991,265,1027,342,1.031
648,1236,car,0.3116,627,153,704,214,2.574
648,1209,bus,0.6861,422,331,619,603,2.016
648,1243,person,0.4298,1612,317,1644,407,1.342
648,1224,person,0.5976,127,464,174,559,1.844
649,5,bus,0.7986,450,121,569,335,2.016
649,984,car,0.642,203,478,375,602,3.783
649,1017,bus,0.5714,337,125,438,208,3.26
649,1234,person,0.5203,987,268,1023,344,1.521
649,1236,car,0.3419,625,156,701,215,2.151
649,1209,bus,0.6441,419,331,613,598,2.926
649,1243,person,0.5471,1608,320,1638,405,1.9
649,1224,person,0.3089,121,463,168,560,2.608
650,5,bus,0.515,438,117,559,334,5.099
650,984,car,0.5903,190,472,362,597,5.315
650,1017,bus,0.3038,326,125,423,205,5.755
650,1236,car,0.4786,612,154,688,213,5.056
650,1209,bus,0.3552,405,321,601,591,5.274
650,1258,train,0.3498,1233,104,1907,484,0.0
651,5,bus,0.6823,408,117,529,334,11.75
651,984,truck,0.544,158,471,334,599,11.845
651,1017,bus,0.6577,295,124,391,203,13.25
651,1209,truck,0.6558,377,324,570,590,12.502
651,1258,train,0.251,1207,102,1919,504,11.402
652,5,bus,0.7179,378,123,500,342,18.777
652,984,car,0.5037,132,476,309,606,18.0
652,1209,bus,0.6553,349,335,544,603,18.507
653,5,bus,0.5245,379,139,495,344,18.291
653,984,car,0.5547,138,477,311,605,16.252
653,1209,truck,0.4386,354,336,545,597,16.757
653,1276,car,0.4819,550,164,631,223,0.0
653,1017,bus,0.6611,267,134,364,213,15.881
654,984,car,0.6444,173,469,341,593,4.809
654,1209,bus,0.5634,385,333,575,592,5.942
654,1236,car,0.5441,600,156,677,216,4.607
655,984,car,0.7347,226,458,391,581,16.008
655,1209,truck,0.5772,435,324,621,577,13.861
657,1306,car,0.7141,373,414,522,537,0.0
657,1307,bus,0.6078,568,285,758,537,0.0
658,1306,car,0.7432,400,426,542,542,25.632
658,1307,bus,0.7023,589,297,782,553,26.077
658,1313,bus,0.6563,619,95,739,305,0.0
658,1315,bus,0.6532,504,96,598,177,0.0
658,1317,truck,0.4879,57,918,495,1073,0.0
659,1306,car,0.7226,406,436,548,552,17.755
659,1307,bus,0.7191,596,307,789,563,18.822
659,1313,bus,0.4497,622,105,742,315,10.44
659,1315,bus,0.4784,506,106,601,188,11.18
659,1317,truck,0.3147,65,922,493,1073,3.606
659,1324,car,0.4692,793,138,871,199,0.0
659,1326,bus,0.4037,1267,53,1343,171,0.0
659,1327,person,0.507,301,439,345,529,0.0
660,1306,car,0.7873,412,432,549,544,11.823
660,1307,bus,0.6423,598,304,790,559,12.297
660,1313,bus,0.5581,623,105,741,312,4.272
660,1315,bus,0.5456,510,107,600,184,4.924
660,1317,truck,0.5432,56,912,510,1073,3.808
660,1324,car,0.4001,793,134,870,194,4.123
660,1326,bus,0.2937,1267,48,1344,166,5.0
660,1327,person,0.5694,301,439,344,527,1.414
661,1306,car,0.7124,407,418,555,539,8.533
661,1307,bus,0.6048,598,292,789,546,7.762
661,1313,bus,0.5771,623,92,743,302,1.667
661,1317,truck,0.4024,36,898,526,1073,3.727
661,1324,car,0.3791,792,123,868,182,8.062
661,1327,person,0.5528,299,424,345,518,6.519
662,1306,car,0.6276,404,410,551,531,3.808
662,1307,bus,0.7206,597,284,786,537,4.039
662,1313,bus,0.5095,620,92,736,294,1.768
662,1317,truck,0.4703,21,888,531,1072,3.75
662,1324,car,0.4636,790,116,867,176,7.454
662,1327,person,0.3734,297,418,343,511,6.741
662,1315,bus,0.4258,505,89,599,169,1.768
662,1326,bus,0.6847,1262,34,1338,151,6.872
663,1306,car,0.5728,388,407,537,529,7.504
663,1307,truck,0.6038,580,276,773,534,8.5
663,1313,bus,0.5933,601,84,721,293,7.603
663,1317,truck,0.5087,5,887,515,1072,6.543
663,1324,car,0.6087,774,115,851,175,7.62
663,1315,bus,0.5129,485,88,578,167,4.386
664,1306,car,0.5806,355,406,497,522,14.773
664,1307,truck,0.6213,546,277,735,531,15.093
664,1317,truck,0.48,0,884,482,1071,11.15
665,1317,truck,0.4162,0,883,453,1071,13.895
665,984,car,0.5287,280,406,433,520,12.06
665,1209,truck,0.6114,477,277,664,533,10.734
666,1317,truck,0.4076,0,884,422,1072,16.258
666,984,car,0.5097,246,406,403,524,9.662
666,1209,truck,0.585,447,277,633,532,8.47
667,1209,truck,0.5778,408,282,593,535,4.43
668,1209,bus,0.7136,359,298,547,555,6.057
668,1258,train,0.5334,1124,107,1919,575,3.772
669,1209,bus,0.5792,340,309,533,576,34.754
669,1379,bus,0.7439,355,126,474,335,0.0
669,1381,car,0.6119,145,446,288,559,0.0
669,1382,person,0.5198,1514,329,1545,420,0.0
669,1383,person,0.4215,1826,398,1870,508,0.0
669,1385,bus,0.6434,224,132,323,214,0.0
670,1209,bus,0.6109,317,316,502,572,34.243
670,1381,car,0.6621,120,444,260,555,26.173
670,1394,truck,0.3689,0,911,244,1075,0.0
670,1258,train,0.352,1111,124,1919,599,4.334
671,1209,bus,0.5736,293,315,477,570,29.98
671,1381,car,0.5784,97,438,236,547,25.495
671,1394,truck,0.4103,0,898,244,1075,7.0
671,1258,train,0.4053,1087,113,1919,614,4.58
671,5,bus,0.5546,298,124,417,329,6.714
672,1209,truck,0.7611,274,311,459,566,21.956
672,1381,car,0.7677,76,431,216,541,23.935
672,1394,truck,0.3373,0,887,245,1075,6.0
672,5,bus,0.5713,290,116,412,323,5.579
673,1209,bus,0.539,261,306,441,554,21.461
673,1381,car,0.5121,63,426,206,539,21.101
673,1394,truck,0.4665,0,876,245,1075,6.0
673,5,bus,0.7232,278,112,398,316,4.885
673,1411,person,0.6036,1746,374,1786,487,0.0
674,1209,bus,0.7153,252,293,431,538,18.481
674,1381,car,0.4137,59,415,189,517,18.448
674,5,bus,0.7891,267,100,387,303,5.574
674,1017,bus,0.4355,120,101,221,183,8.733
674,1258,train,0.4921,1016,86,1917,610,4.649
675,1209,truck,0.6732,241,255,424,505,20.391
675,1381,car,0.6672,48,370,186,478,20.954
675,1434,truck,0.4397,0,810,191,1072,0.0
675,1394,car,0.5304,0,814,279,1072,10.562
676,1209,bus,0.6716,247,253,427,498,17.339
676,1381,truck,0.4187,46,355,205,481,17.792
676,1434,truck,0.5575,0,813,198,1070,4.0
676,1411,person,0.6557,1739,327,1780,442,15.51
676,5,bus,0.8002,261,70,382,276,12.814
676,1258,train,0.2638,1024,51,1919,590,6.779
677,1209,bus,0.8261,256,219,441,472,21.263
677,1434,truck,0.51,0,788,217,1070,8.846
677,5,bus,0.6052,270,30,392,239,17.464
677,1258,train,0.4764,1050,16,1919,546,12.257
677,1315,car,0.6624,452,47,526,107,5.269
678,1209,bus,0.7209,272,242,459,499,12.75
678,1434,car,0.5628,21,815,221,1071,8.692
678,1258,train,0.532,1063,13,1919,547,11.98
678,1394,truck,0.421,0,822,293,1068,6.787
679,1209,bus,0.7134,294,290,475,539,15.532
679,1434,truck,0.5361,41,852,217,1071,9.862
679,1379,bus,0.7183,316,131,432,334,4.005
680,1209,bus,0.79,312,302,488,543,19.65
680,1434,truck,0.4265,47,845,232,1070,10.77
680,1465,car,0.5713,136,416,274,527,0.0
680,1379,bus,0.5771,326,125,437,319,3.087
680,1258,train,0.3598,1125,85,1906,550,9.664
680,1394,car,0.5102,0,833,303,1069,5.216
681,1209,truck,0.5749,329,293,508,538,24.749
681,1465,car,0.4505,152,398,287,507,23.601
681,1379,bus,0.6564,341,112,452,304,2.369
681,1258,train,0.337,1131,82,1917,551,10.63
681,1394,truck,0.5809,0,818,319,1070,6.034
682,1209,bus,0.7715,326,278,505,524,14.708
682,1465,car,0.7081,149,384,283,492,17.393
682,1379,bus,0.5694,342,95,454,286,3.314
682,1258,train,0.3759,1135,69,1919,537,9.66
682,1394,truck,0.6835,0,806,323,1069,3.258
682,1491,bus,0.4885,985,38,1053,151,0.0
683,1209,bus,0.7215,322,282,502,529,7.353
683,1465,car,0.5786,143,388,277,496,9.809
683,1379,bus,0.5734,335,112,445,298,7.846
683,1394,truck,0.5694,0,805,317,1068,3.0
683,1494,person,0.6148,1802,348,1844,464,0.0
684,1209,bus,0.7727,309,280,489,528,4.507
684,1465,car,0.7502,127,391,259,498,7.387
684,1379,bus,0.7516,321,105,437,301,4.776
684,1394,truck,0.5053,0,800,313,1072,3.953
684,1258,train,0.2984,1097,77,1915,565,7.276
685,1209,bus,0.7388,294,274,472,519,9.956
685,1465,car,0.7359,112,383,242,488,11.328
685,1379,bus,0.5436,302,99,422,300,8.793
685,1394,truck,0.6116,0,790,307,1070,3.808
686,1209,bus,0.6278,275,268,455,516,12.701
686,1465,car,0.5234,93,375,225,482,14.468
686,1379,bus,0.557,288,89,400,275,13.647
686,1394,truck,0.7041,0,784,297,1071,4.1
686,1258,train,0.2863,1072,72,1919,589,3.976
687,1209,bus,0.7162,264,266,443,513,15.283
687,1465,car,0.7138,81,376,213,482,16.082
687,1379,bus,0.6582,276,87,386,267,16.327
687,1394,truck,0.5999,0,779,291,1071,4.257
687,1525,person,0.6573,1740,343,1780,451,0.0
687,1526,person,0.4848,831,298,873,398,0.0
687,1258,train,0.2959,1033,64,1911,589,8.825
688,1209,bus,0.5747,262,270,438,513,12.674
688,1465,car,0.7182,82,379,212,484,11.95
688,1379,bus,0.6787,272,96,383,279,13.601
688,1394,truck,0.6134,0,778,288,1070,4.243
688,1525,person,0.6628,1741,346,1783,457,4.472
688,1526,person,0.4584,832,307,872,404,7.0
688,1529,person,0.4217,1243,175,1275,237,0.0
689,1209,bus,0.662,262,268,440,514,8.097
689,1465,car,0.6461,86,375,214,478,7.115
689,1379,bus,0.5264,273,98,384,278,8.934
689,1394,truck,0.534,0,770,288,1070,3.363
689,1525,person,0.6312,1744,344,1785,454,2.236
689,1526,person,0.4315,837,307,877,404,4.301
689,1529,person,0.3164,1247,175,1277,233,3.606
689,1533,bus,0.4615,0,771,247,1073,0.0
690,1209,bus,0.4635,270,270,446,513,1.768
690,1465,car,0.6507,93,375,225,481,0.0
690,1379,bus,0.6078,274,99,394,295,4.507
690,1394,bus,0.3602,0,768,293,1072,1.82
690,1525,person,0.5125,1753,348,1793,454,4.534
690,1526,person,0.4474,844,312,886,412,6.368
690,1533,truck,0.4356,3,768,252,1070,5.0
690,1535,car,0.4756,437,129,525,188,0.0
691,1209,truck,0.575,283,273,458,515,4.43
691,1465,car,0.6817,106,378,237,483,6.005
691,1379,bus,0.4945,288,101,405,291,6.052
691,1394,truck,0.4725,0,762,298,1070,2.462
691,1525,person,0.585,1762,353,1804,464,6.374
691,1526,person,0.4455,854,318,895,416,7.267
691,1533,bus,0.5349,7,761,263,1071,6.708
691,1535,car,0.3662,446,134,533,192,9.434
691,1539,bus,0.4829,287,275,461,515,0.0
691,1542,bus,0.4556,930,47,1016,164,0.0
691,1258,train,0.3945,1033,74,1900,589,7.458
692,1465,car,0.7633,115,379,249,487,8.764
692,1379,bus,0.5461,303,105,415,284,8.189
692,1394,truck,0.5288,0,759,303,1069,3.052
692,1525,person,0.683,1773,352,1816,465,8.189
692,1533,bus,0.5786,11,757,270,1070,6.412
692,1539,bus,0.4641,297,273,470,511,9.487
692,1542,bus,0.275,937,49,1024,168,7.616
692,1543,car,0.343,870,97,923,131,0.0
693,1465,car,0.6638,134,379,262,482,12.042
693,1379,bus,0.6399,316,108,425,280,10.607
693,1394,truck,0.5011,0,756,310,1068,3.4
693,1525,person,0.6768,1787,353,1830,466,11.281
693,1533,bus,0.5164,17,754,280,1069,6.828
693,1539,bus,0.6232,312,276,484,513,12.01
693,1542,bus,0.3763,952,48,1040,168,11.597
693,1535,car,0.3145,470,138,555,195,10.672
693,1258,train,0.4331,1072,69,1880,541,3.778
694,1465,car,0.6729,156,376,284,478,15.252
694,1379,bus,0.6688,337,105,451,282,15.033
694,1394,bus,0.75,0,749,325,1068,5.0
694,1539,bus,0.726,332,277,503,512,14.337
694,1535,car,0.4371,490,138,577,196,13.193
694,1258,train,0.3436,1100,78,1899,543,2.55
694,1494,person,0.638,1812,360,1852,469,1.095
695,1465,car,0.7532,181,374,308,476,18.293
695,1379,bus,0.6973,360,104,473,279,17.545
695,1394,bus,0.6891,0,742,345,1072,6.175
695,1539,bus,0.6853,357,274,529,510,17.266
695,1535,car,0.3946,512,135,601,195,15.065
695,1258,train,0.5109,1129,85,1898,529,5.649
695,1533,truck,0.4836,35,743,315,1073,9.849
696,1465,car,0.737,215,376,341,477,24.064
696,1379,bus,0.5774,392,109,504,282,22.251
696,1394,bus,0.5294,21,740,371,1072,11.426
696,1539,bus,0.6546,388,275,559,511,22.501
696,1535,car,0.4947,540,138,629,198,19.026
696,1533,truck,0.474,57,742,343,1072,13.124
697,1465,car,0.6843,242,377,365,476,26.269
697,1379,bus,0.651,413,110,530,291,25.295
697,1394,bus,0.8241,48,738,398,1070,17.117
697,1539,bus,0.6569,413,275,585,513,25.25
698,1465,car,0.7532,257,373,381,472,24.782
698,1379,bus,0.5002,424,113,543,297,22.451
698,1394,bus,0.733,61,733,414,1069,18.831
698,1539,bus,0.7456,426,274,596,508,23.512
698,1535,car,0.2616,577,140,664,199,21.608
699,1465,car,0.6697,261,368,383,466,19.602
699,1379,bus,0.5626,432,109,544,282,18.028
699,1394,bus,0.5646,66,728,424,1069,18.388
699,1539,bus,0.6785,429,273,596,504,17.279
699,1573,person,0.5188,1582,297,1611,386,0.0
699,1574,car,0.4554,987,98,1047,135,0.0
699,1575,person,0.4148,983,337,1035,440,0.0
699,1258,train,0.3341,1225,89,1905,479,13.699
699,1533,truck,0.3972,92,729,392,1070,14.708
700,1465,car,0.6516,262,366,380,460,11.231
700,1379,bus,0.4246,433,107,543,275,10.05
700,1394,bus,0.4168,67,721,429,1068,13.342
700,1539,bus,0.5675,428,271,594,500,9.708
700,1573,person,0.437,1581,295,1611,386,1.0
700,1574,car,0.3154,990,97,1047,132,2.236
700,1575,person,0.4222,982,339,1032,438,2.0
700,1583,car,0.3512,577,134,658,192,0.0
700,1258,train,0.2975,1227,89,1900,472,12.932
700,1533,truck,0.4241,94,723,400,1067,14.326
701,1465,car,0.6574,262,365,380,458,5.858
701,1379,bus,0.3952,432,108,540,272,4.507
701,1394,bus,0.3957,70,718,432,1067,7.616
701,1539,bus,0.4379,426,271,591,498,3.363
701,1573,person,0.3988,1579,296,1609,387,1.0
701,1574,car,0.497,987,97,1045,133,0.707
701,1575,person,0.5736,981,344,1033,448,4.123
701,1258,train,0.3355,1226,87,1908,474,10.618
701,1533,truck,0.392,96,719,408,1066,13.107
701,1584,car,0.4778,387,147,429,200,0.0
702,1465,car,0.708,263,366,388,465,2.305
702,1379,bus,0.4444,433,109,545,280,3.132
702,1539,bus,0.6221,429,272,595,501,1.275
702,1573,person,0.5662,1582,299,1613,391,1.374
702,1574,car,0.3645,991,104,1044,137,1.333
702,1575,person,0.4804,985,351,1040,460,5.754
702,1533,bus,0.5303,103,717,415,1061,10.281
702,1583,car,0.4278,580,141,662,200,4.031
703,1465,car,0.7656,263,363,386,461,1.346
703,1379,bus,0.3514,432,107,545,279,0.5
703,1539,bus,0.4553,392,163,631,505,13.502
703,1573,person,0.6328,1582,297,1613,389,0.559
703,1574,car,0.3639,991,100,1048,135,0.559
703,1575,person,0.6214,985,352,1040,462,4.809
703,1533,bus,0.4788,108,712,417,1050,6.727
703,1584,car,0.4647,392,151,432,201,2.5
704,1465,car,0.7515,265,365,383,459,0.791
704,1379,bus,0.4597,430,109,543,281,1.118
704,1539,bus,0.6275,413,219,611,501,6.255
704,1573,person,0.5515,1582,298,1613,391,1.031
704,1574,car,0.3433,989,101,1048,137,1.25
704,1575,person,0.5295,984,357,1039,467,6.083
704,1533,bus,0.5956,112,712,420,1047,6.21
704,1584,car,0.464,391,152,431,202,1.667
704,1542,bus,0.3097,1060,53,1146,173,10.019
704,1583,car,0.4541,577,142,658,200,2.0
705,1465,car,0.6909,268,365,383,456,1.031
705,1379,bus,0.62,423,111,549,306,4.5
705,1539,bus,0.679,424,252,600,501,2.236
705,1573,person,0.6151,1583,302,1614,394,2.016
705,1574,car,0.3935,998,101,1059,138,3.162
705,1575,person,0.4104,985,360,1039,470,4.912
705,1533,bus,0.6392,114,709,423,1043,5.657
705,1600,person,0.4088,1390,191,1426,257,0.0
705,1583,car,0.3237,578,143,656,199,1.6
705,1394,truck,0.3003,94,708,441,1045,5.579
706,1465,car,0.6763,264,363,382,456,1.581
706,1379,bus,0.4491,425,110,544,292,2.151
706,1539,bus,0.5685,425,264,591,498,1.601
706,1574,car,0.3252,1002,101,1061,137,3.509
706,1575,motorcycle,0.4722,985,369,1037,475,4.257
706,1583,car,0.2864,575,144,654,200,1.581
706,1602,person,0.4823,986,363,1034,470,0.0
706,1584,car,0.4696,388,150,432,205,0.894
707,1465,car,0.6254,261,361,381,456,1.25
707,1379,bus,0.4667,419,110,544,303,3.691
707,1539,bus,0.6655,425,269,587,498,12.314
707,1575,motorcycle,0.2932,982,370,1035,479,4.366
707,1602,person,0.5185,984,364,1033,473,2.828
707,1607,person,0.5227,92,459,130,547,0.0
707,1584,car,0.2623,385,149,431,206,0.667
707,1573,person,0.5977,1576,302,1606,393,1.265
707,1600,person,0.29,1389,194,1422,254,1.5
707,1394,bus,0.6475,97,698,439,1033,5.028
708,1465,car,0.7516,257,361,377,456,2.016
708,1379,bus,0.5711,420,112,535,289,2.574
708,1539,bus,0.6544,422,271,583,497,6.5
708,1575,motorcycle,0.3401,980,373,1033,482,3.953
708,1602,person,0.4105,982,369,1029,475,3.905
708,1607,person,0.4591,91,459,125,538,5.831
708,1584,car,0.3041,380,150,427,208,1.897
708,1610,truck,0.3362,103,694,426,1026,0.0
708,1573,person,0.2759,1573,304,1603,394,2.163
708,1394,bus,0.5855,99,693,439,1028,4.995
708,1583,car,0.3575,565,142,648,201,2.506
709,1465,car,0.7025,252,358,374,455,3.162
709,1379,bus,0.6995,420,112,529,279,4.423
709,1539,bus,0.5842,419,269,580,496,3.579
709,1575,motorcycle,0.3025,976,374,1030,486,4.373
709,1602,person,0.449,976,372,1025,481,4.714
709,1607,person,0.4633,84,461,122,548,4.031
709,1584,car,0.3128,377,152,422,208,2.474
709,1610,bus,0.6137,105,691,421,1016,7.071
709,1573,person,0.3804,1570,303,1601,395,2.6
709,1394,truck,0.3959,100,689,431,1017,5.18
709,1613,person,0.6819,1889,370,1916,483,0.0
709,1583,car,0.3738,559,143,642,202,3.406
710,1465,car,0.791,248,357,369,453,3.881
710,1379,bus,0.6501,414,112,522,277,4.366
710,1539,bus,0.5163,411,267,573,494,4.008
710,1575,motorcycle,0.2894,972,381,1025,491,4.776
710,1602,person,0.4411,973,373,1019,475,4.031
710,1607,person,0.3156,79,461,119,552,4.123
710,1584,car,0.348,371,154,414,207,4.562
710,1610,bus,0.6867,108,688,416,1005,7.071
710,1573,person,0.4073,1564,302,1595,395,3.8
710,1394,truck,0.3718,101,686,424,1007,6.083
710,1613,person,0.4821,1886,370,1913,481,3.162
710,1583,car,0.5037,554,143,637,202,4.405
711,1465,car,0.7639,242,355,363,452,4.912
711,1379,bus,0.5994,409,112,518,278,5.274
711,1539,bus,0.5442,408,267,567,489,4.912
711,1602,person,0.4306,970,378,1018,486,4.95
711,1584,car,0.4875,365,152,410,207,5.274
711,1583,car,0.43,549,143,631,201,4.8
712,1465,car,0.7693,242,355,362,451,3.953
712,1379,bus,0.6656,408,113,516,276,4.039
712,1539,bus,0.5148,407,268,566,491,4.191
712,1602,person,0.4464,969,381,1017,489,4.423
712,1584,car,0.555,361,154,406,210,5.056
712,1624,car,0.4085,962,106,1025,142,0.0
712,1627,truck,0.3425,1043,67,1110,179,0.0
712,1575,motorcycle,0.3889,967,385,1021,498,4.405
712,1607,person,0.5584,72,463,113,555,3.985
712,1394,bus,0.5679,111,684,424,995,5.204
712,1613,person,0.4095,1883,369,1911,484,1.667
713,1465,car,0.6508,251,356,366,448,1.601
713,1379,bus,0.5845,412,113,520,276,2.016
713,1539,bus,0.5899,411,268,571,492,2.062
713,1584,car,0.3685,367,155,410,208,2.761
713,1624,car,0.3434,972,110,1029,143,7.28
713,1631,bus,0.513,125,683,430,989,0.0
713,1575,person,0.417,974,385,1028,498,2.973
713,1394,truck,0.5114,122,680,433,989,5.441
713,1613,person,0.6511,1885,369,1914,484,0.75
713,1258,train,0.3222,1233,105,1888,468,2.86
713,1583,car,0.3071,552,143,636,201,2.408
714,1465,car,0.7701,265,351,385,447,4.507
714,1539,bus,0.4145,424,266,583,488,2.85
714,1394,truck,0.5597,140,673,451,983,7.81
714,1583,car,0.4954,565,143,647,200,1.217
715,1465,car,0.6761,288,348,407,444,11.385
715,1394,truck,0.5432,167,669,474,975,12.554
715,1583,car,0.4989,584,141,669,200,6.213
715,1574,car,0.3517,1012,105,1068,140,1.799
715,1379,bus,0.5041,447,111,554,271,6.428
716,1465,car,0.8018,316,350,432,445,18.062
716,1394,truck,0.5458,199,667,500,967,21.225
717,1465,car,0.6797,340,349,455,443,22.301
717,1394,truck,0.6905,225,663,525,962,25.11
718,1465,car,0.7122,355,346,469,439,21.82
718,1394,truck,0.763,243,658,540,955,24.622
718,1661,bus,0.541,511,111,623,271,0.0
718,1662,person,0.6212,1665,307,1697,395,0.0
718,1667,person,0.4883,1076,397,1131,511,0.0
718,1539,bus,0.6726,507,267,664,486,14.003
719,1465,car,0.8073,362,342,475,435,17.862
719,1394,truck,0.7466,251,649,545,943,20.555
719,1661,bus,0.4219,509,105,630,278,2.0
719,1662,person,0.6292,1666,304,1699,394,2.236
719,1667,person,0.4101,1078,397,1133,510,2.236
719,1670,person,0.3738,188,453,226,533,0.0
719,1671,bus,0.383,1153,62,1217,176,0.0
719,1539,bus,0.5691,517,267,672,481,15.445
720,1465,car,0.7906,359,336,471,428,10.914
720,1394,truck,0.6701,251,639,544,933,14.285
720,1661,bus,0.35,498,102,631,294,3.808
720,1667,person,0.4611,1075,392,1130,505,3.041
720,1670,person,0.5683,182,445,225,536,5.0
720,1539,bus,0.6607,514,259,670,475,14.548
721,1465,car,0.6851,352,328,462,419,6.27
721,1394,truck,0.6163,245,631,535,923,9.52
721,1661,bus,0.3661,500,99,618,269,3.543
721,1667,motorcycle,0.4702,1065,390,1123,510,3.283
721,1539,bus,0.492,510,256,661,465,11.963
721,1671,truck,0.4159,1138,51,1203,166,9.301
722,1465,car,0.7876,338,326,451,420,6.543
722,1394,truck,0.6109,235,628,523,918,8.779
722,1667,person,0.4775,1053,392,1111,513,5.274
722,1539,bus,0.3555,496,251,649,462,5.963
722,1379,bus,0.4338,482,98,591,262,6.775
723,1465,car,0.753,324,329,436,421,10.041
723,1394,truck,0.5954,226,629,511,917,9.451
723,1667,person,0.3805,1039,397,1099,522,9.124
723,1539,bus,0.7003,482,255,636,467,9.334
723,1379,bus,0.4525,476,100,582,259,6.242
723,1258,train,0.3457,1226,85,1905,458,0.542
724,1465,car,0.7648,313,333,420,422,12.314
724,1394,truck,0.7238,216,630,502,919,9.962
724,1667,person,0.535,1026,406,1085,529,12.674
724,1539,bus,0.5249,467,258,623,474,11.753
724,1379,bus,0.5134,456,105,579,292,4.651
724,1583,car,0.4098,592,138,676,196,3.406
725,1465,car,0.7055,295,342,403,431,14.86
725,1394,truck,0.6549,197,637,483,927,12.562
725,1539,bus,0.6724,416,165,634,479,17.755
726,1465,car,0.8053,297,349,404,438,12.083
726,1394,truck,0.7475,205,639,489,927,8.382
726,1539,bus,0.4575,412,137,645,485,15.734
726,1709,truck,0.4104,1083,83,1148,197,0.0
726,1713,car,0.591,395,168,452,221,0.0
726,1526,person,0.5506,1022,435,1073,553,6.302
726,1258,train,0.4646,1235,111,1916,485,0.832
726,1379,bus,0.4169,455,121,564,285,1.364
727,1465,car,0.755,298,339,402,425,7.701
727,1394,truck,0.6604,211,625,490,909,4.743
727,1709,truck,0.4381,1086,75,1149,187,9.22
727,1713,car,0.4248,395,153,453,207,14.036
727,1717,person,0.5537,117,461,155,551,0.0
727,1718,person,0.5738,1601,312,1628,398,0.0
727,1526,motorcycle,0.4019,1025,444,1073,550,6.284
727,1379,bus,0.4031,445,114,565,298,8.092
727,1667,person,0.4742,1017,420,1074,540,9.576
728,1465,car,0.7271,302,323,407,410,4.07
728,1394,truck,0.5738,220,613,496,895,5.006
728,1709,truck,0.413,1090,57,1155,172,13.463
728,1713,car,0.4924,398,139,455,192,14.577
728,1526,person,0.548,1028,423,1080,538,5.863
728,1379,bus,0.3669,454,106,561,267,4.617
728,1583,car,0.3983,585,128,670,186,2.417
728,1258,train,0.2654,1236,95,1913,467,0.262
729,1465,car,0.8045,321,327,430,418,7.382
729,1394,truck,0.5007,244,615,517,894,12.207
729,1574,car,0.3593,1036,108,1090,141,1.811
730,1465,car,0.7878,337,331,442,419,10.738
730,1394,truck,0.4834,261,617,530,892,14.02
730,1734,person,0.6428,1642,310,1671,398,0.0
730,1670,person,0.4681,162,462,205,554,2.573
730,1661,bus,0.4345,489,111,600,270,1.918
731,1465,car,0.7302,348,330,451,416,12.455
731,1394,truck,0.5116,275,615,540,886,14.87
731,1734,person,0.4184,1651,310,1680,397,9.055
731,1743,bus,0.4362,498,268,658,472,0.0
731,1744,car,0.6399,437,148,504,204,0.0
731,1745,car,0.4491,630,145,708,200,0.0
731,1670,person,0.4201,166,455,210,548,1.718
731,1661,bus,0.3755,488,111,614,294,1.758
731,1574,car,0.4791,1048,108,1106,143,1.899
732,1465,car,0.7192,353,325,456,412,12.51
732,1394,truck,0.7306,280,608,542,877,13.585
732,1734,person,0.3801,1655,310,1683,396,6.519
732,1743,bus,0.4323,506,283,651,467,5.0
732,1744,car,0.4382,441,146,504,199,4.472
732,1670,person,0.3192,168,451,211,542,1.404
732,1661,bus,0.6185,496,108,612,277,0.972
732,1751,motorcycle,0.4162,1076,485,1125,570,0.0
732,1752,person,0.4719,1072,437,1126,548,0.0
732,1574,car,0.3929,1062,111,1115,142,2.209
733,1465,car,0.7904,345,324,450,412,5.59
733,1394,truck,0.665,274,601,538,873,7.766
733,1743,bus,0.5185,492,266,648,464,4.717
733,1661,bus,0.5498,490,106,603,270,1.133
733,1752,person,0.4778,1062,441,1123,566,13.038
734,1465,car,0.7763,332,322,437,410,2.574
734,1394,truck,0.7066,264,599,527,870,5.0
734,1743,bus,0.6566,479,267,634,464,7.52
734,1752,motorcycle,0.3502,1047,446,1110,577,14.16
734,1379,bus,0.4505,464,107,582,288,0.608
735,1465,car,0.8092,319,322,423,410,7.215
735,1394,truck,0.5798,255,597,515,864,7.433
735,1743,bus,0.6202,463,261,623,466,8.923
735,1752,person,0.2954,1037,447,1101,580,12.207
735,1379,bus,0.4228,454,105,579,301,0.778
736,1465,car,0.8392,311,318,415,405,10.398
736,1394,truck,0.7046,252,595,508,859,8.61
736,1743,truck,0.3295,451,256,615,467,11.782
736,1752,person,0.3357,1030,451,1094,584,11.164
736,1379,bus,0.5147,453,103,572,291,1.267
736,1770,car,0.4735,390,146,457,199,0.0
736,1771,car,0.4086,1011,112,1070,141,0.0
736,1772,car,0.3757,575,138,667,195,0.0
736,1539,bus,0.4463,417,99,648,467,6.349
737,1465,car,0.7408,305,314,405,398,10.92
737,1394,truck,0.5769,248,589,501,849,9.179
737,1743,bus,0.5129,448,260,605,461,11.071
737,1752,person,0.5421,1021,450,1085,582,10.277
737,1379,bus,0.4509,445,103,568,300,1.67
737,1770,car,0.4574,385,145,450,196,6.325
737,1772,car,0.3579,571,133,663,190,6.403
737,1773,bus,0.6674,1080,65,1153,174,0.0
737,1717,person,0.3907,113,450,152,542,1.077
737,1718,person,0.3582,1597,299,1625,387,1.237
738,1465,car,0.7961,299,311,401,397,9.014
738,1394,truck,0.6387,243,586,495,845,8.051
738,1752,person,0.5954,1017,451,1083,588,7.28
738,1379,bus,0.2517,436,101,562,304,6.129
738,1772,car,0.3577,561,131,653,188,7.826
738,1773,bus,0.4248,1071,53,1150,172,9.22
738,1717,person,0.2963,109,449,149,542,1.185
738,1539,bus,0.5255,411,99,625,457,6.575
739,1465,car,0.849,294,310,399,397,7.045
739,1394,truck,0.6121,242,583,494,842,6.19
739,1752,person,0.6019,1014,455,1081,594,6.149
739,1772,car,0.4093,554,132,645,189,7.601
739,1717,person,0.3461,105,447,147,543,1.239
739,1539,bus,0.4233,409,100,614,457,3.298
739,1771,car,0.3096,1006,106,1070,138,1.491
739,1770,car,0.4596,373,142,438,193,6.227
740,1465,car,0.8028,297,307,400,393,4.65
740,1394,truck,0.5208,245,578,497,837,5.483
740,1752,person,0.6127,1016,457,1083,597,4.1
740,1772,car,0.2855,555,130,648,188,5.297
740,1717,person,0.4067,106,445,148,540,1.28
740,1771,car,0.4084,1002,101,1071,135,2.236
740,1770,car,0.3006,373,142,439,193,4.43
740,1743,bus,0.344,441,255,597,457,6.346
740,1379,bus,0.3504,429,98,560,309,4.4
741,1465,car,0.8114,298,303,401,389,2.915
741,1394,truck,0.4499,249,573,496,827,4.776
741,1752,person,0.5582,1017,457,1083,595,2.61
741,1772,car,0.3343,553,128,645,186,4.61
741,1717,person,0.4573,106,443,149,540,1.768
741,1770,car,0.3903,371,139,436,190,4.308
741,1743,bus,0.3581,443,257,594,452,4.428
741,1379,bus,0.5119,429,95,560,308,3.688
741,1773,bus,0.3772,1069,48,1149,169,3.26
742,1465,car,0.7749,299,302,401,387,2.5
742,1394,car,0.3674,252,572,495,821,4.854
742,1752,person,0.4513,1017,461,1085,603,3.26
742,1772,car,0.378,557,128,648,185,1.458
742,1717,person,0.4033,106,443,148,538,1.346
742,1743,truck,0.2903,442,251,595,449,3.1
742,1379,bus,0.3016,432,98,554,298,2.668
742,1773,bus,0.2568,1068,49,1148,170,2.561
742,1539,bus,0.3509,416,97,610,448,2.612
742,1771,car,0.3025,999,93,1074,131,2.427
743,1465,car,0.8253,303,301,403,385,3.052
743,1394,truck,0.5046,259,569,501,818,5.618
743,1752,person,0.6001,1020,465,1089,611,3.913
743,1772,car,0.3279,557,129,648,186,1.061
743,1717,person,0.2904,108,444,151,540,1.061
743,1743,truck,0.2772,444,252,595,447,2.173
743,1379,bus,0.3185,434,100,557,303,0.825
743,1773,bus,0.3964,1072,52,1149,171,1.667
743,1788,car,0.3658,259,571,502,819,0.0
743,1789,car,0.4306,0,1031,287,1075,0.0
743,1539,bus,0.2856,420,99,609,448,2.942
743,1718,person,0.29,1595,297,1624,388,0.871
744,1465,car,0.6961,305,299,402,380,3.021
744,1394,truck,0.4216,263,562,505,810,6.175
744,1752,person,0.4864,1025,467,1090,606,3.01
744,1772,car,0.3149,560,128,646,182,1.118
744,1717,person,0.2929,110,441,153,536,1.414
744,1743,bus,0.3527,449,255,595,444,1.904
744,1379,bus,0.3455,441,96,556,286,3.162
744,1773,bus,0.2819,1074,48,1152,169,0.833
744,1788,car,0.3283,262,563,504,811,8.544
744,1789,car,0.4805,0,1020,326,1074,20.881
744,1771,car,0.3505,987,81,1078,128,2.926
745,1465,car,0.8196,304,296,398,374,2.795
745,1394,truck,0.6097,261,554,502,800,6.175
745,1752,person,0.5342,1023,469,1087,604,2.795
745,1772,car,0.4869,551,121,642,178,2.136
745,1717,person,0.5111,105,439,148,533,1.275
745,1743,bus,0.3783,446,251,590,438,2.5
745,1379,bus,0.3784,428,91,552,297,2.016
745,1789,car,0.4812,0,1010,357,1073,18.5
745,1543,car,0.3814,873,104,926,135,0.11
745,1770,car,0.4546,367,128,435,180,2.828
745,1718,person,0.6221,1589,289,1618,379,1.317
746,1465,car,0.7695,302,293,398,372,3.0
746,1394,truck,0.4882,261,550,500,795,6.25
746,1752,person,0.4154,1021,470,1087,609,1.904
746,1772,car,0.3087,551,120,639,175,2.85
746,1717,person,0.4683,103,438,146,531,1.677
746,1743,truck,0.4567,441,245,590,438,2.372
746,1789,car,0.5916,0,1003,377,1073,15.811
746,1770,car,0.4095,364,125,434,179,2.308
746,1718,person,0.4398,1587,287,1616,376,1.437
746,1773,bus,0.4002,1067,43,1146,165,1.0
747,1465,car,0.7597,304,290,400,369,3.509
747,1394,truck,0.5016,265,548,505,794,5.64
747,1752,person,0.5276,1024,473,1091,616,1.677
747,1772,car,0.3042,550,117,642,175,3.132
747,1717,person,0.275,106,438,149,529,2.305
747,1743,bus,0.4781,443,244,592,437,2.305
747,1789,car,0.574,0,994,408,1073,16.049
747,1770,car,0.4902,365,124,437,178,2.395
747,1718,person,0.4173,1590,287,1619,375,1.389
747,1773,truck,0.2691,1068,41,1147,165,1.217
747,1379,bus,0.3996,427,88,554,300,1.0
747,1543,car,0.2986,867,104,924,134,0.093
748,1465,car,0.782,302,288,401,369,2.795
748,1394,truck,0.4597,268,546,505,789,4.776
748,1752,person,0.5413,1025,476,1091,617,2.512
748,1772,car,0.3636,551,119,641,176,2.658
748,1717,person,0.4986,104,438,148,531,1.601
748,1743,bus,0.4266,444,246,591,438,2.151
748,1789,car,0.5592,0,987,429,1075,13.363
748,1770,car,0.4314,365,126,435,178,1.767
748,1718,person,0.3175,1589,287,1618,376,2.506
748,1806,car,0.4556,270,547,503,791,0.0
748,1379,bus,0.2812,427,90,556,307,1.0
748,1543,car,0.3364,871,104,930,135,0.114
748,1539,bus,0.4439,420,87,603,436,1.838
749,1465,car,0.7763,300,286,399,367,2.305
749,1394,car,0.6606,267,541,506,786,3.717
749,1752,person,0.466,1025,482,1090,620,3.783
749,1772,car,0.4902,545,118,637,176,1.346
749,1717,person,0.3055,102,438,146,531,0.707
749,1743,bus,0.4947,443,245,590,436,1.118
749,1789,car,0.7094,0,978,449,1074,12.096
749,1770,car,0.3931,362,126,434,179,0.901
749,1718,person,0.4584,1586,287,1616,376,0.901
749,1806,truck,0.3078,268,543,503,788,4.123
749,1379,bus,0.3067,421,89,551,310,2.884
749,1773,truck,0.3024,1067,41,1144,163,1.716
750,1465,car,0.7814,301,285,400,366,1.75
750,1752,person,0.5301,1025,482,1095,633,4.743
750,1772,car,0.5094,545,116,638,175,1.118
750,1717,person,0.3466,103,437,148,531,0.25
750,1743,bus,0.5339,442,241,591,437,0.559
750,1789,car,0.7235,0,971,463,1074,11.47
750,1770,car,0.5661,361,124,434,178,0.559
750,1718,person,0.5405,1588,286,1618,375,0.559
750,1379,bus,0.3448,423,87,552,308,0.849
750,1773,bus,0.3994,1069,42,1146,164,1.302
751,1465,car,0.7969,304,285,401,364,1.25
751,1752,person,0.4369,1027,488,1097,638,4.912
751,1772,car,0.3658,545,116,637,175,1.275
751,1717,person,0.3967,103,438,148,531,0.559
751,1743,bus,0.4177,439,231,595,436,1.75
751,1789,car,0.5714,0,967,476,1078,8.934
751,1770,car,0.543,361,124,435,179,0.75
751,1718,person,0.4379,1589,286,1619,376,0.0
751,1379,bus,0.3185,427,86,556,306,0.559
751,1773,bus,0.4031,1070,41,1147,164,0.566
751,1394,truck,0.489,272,536,509,779,3.606
752,1465,car,0.8237,303,284,400,363,1.25
752,1752,person,0.4438,1028,496,1096,642,5.836
752,1772,car,0.4624,544,117,636,176,1.521
752,1717,person,0.5403,101,438,146,531,0.75
752,1743,bus,0.5105,439,234,594,439,1.521
752,1789,car,0.6534,0,961,482,1077,7.387
752,1770,car,0.4257,359,125,432,178,1.275
752,1718,person,0.604,1587,286,1617,376,0.25
752,1379,bus,0.3243,424,86,553,308,0.791
752,1773,truck,0.2606,1070,39,1148,164,0.566
752,1394,truck,0.562,274,535,509,777,3.231
753,1465,car,0.7995,305,281,404,362,1.768
753,1752,person,0.4062,1031,501,1098,645,5.772
753,1772,car,0.4796,543,116,636,176,0.559
753,1717,person,0.4066,101,438,146,532,0.354
753,1743,bus,0.6502,440,231,593,436,1.75
753,1789,car,0.76,0,954,489,1077,5.706
753,1770,car,0.4129,359,126,431,178,0.75
753,1718,person,0.6486,1587,285,1617,376,0.354
753,1379,bus,0.2852,425,87,552,307,0.707
753,1394,truck,0.4442,278,532,512,774,3.329
753,1821,person,0.3937,1388,173,1422,237,0.0
754,1465,car,0.7914,305,280,404,361,1.601
754,1752,person,0.4003,1041,505,1093,609,1.75
754,1772,car,0.3218,542,114,636,175,0.559
754,1717,person,0.3796,102,438,147,530,0.25
754,1743,bus,0.4391,443,232,593,432,1.82
754,1789,car,0.7159,0,946,496,1076,5.062
754,1770,car,0.4947,359,125,433,178,0.25
754,1718,person,0.3676,1588,285,1618,376,0.0
754,1379,bus,0.3394,430,86,553,300,1.414
754,1394,truck,0.5003,280,529,513,770,3.441
754,1773,truck,0.2988,1070,40,1147,165,0.6
755,1465,car,0.7967,305,278,406,361,1.458
755,1752,person,0.539,1035,510,1106,651,4.697
755,1772,car,0.3398,540,113,635,175,1.031
755,1717,person,0.3777,101,438,146,530,0.5
755,1743,bus,0.591,443,231,591,430,0.75
755,1789,car,0.7019,0,938,501,1076,4.802
755,1770,car,0.4754,358,124,433,178,0.75
755,1718,person,0.6637,1587,285,1618,377,0.5
755,1379,bus,0.3725,430,85,549,293,1.82
755,1394,truck,0.5881,282,525,515,767,3.4
755,1821,person,0.4127,1388,174,1422,238,0.5
756,1465,car,0.8044,305,278,406,361,1.414
756,1752,person,0.451,1034,515,1109,664,5.483
756,1772,car,0.3052,539,112,635,175,1.061
756,1717,person,0.5341,100,438,146,531,0.0
756,1743,bus,0.5885,446,236,588,426,1.275
756,1789,car,0.7552,0,932,504,1077,4.65
756,1770,car,0.4661,356,124,431,178,0.5
756,1718,person,0.6121,1587,284,1618,376,0.25
756,1379,bus,0.3051,429,85,548,295,1.75
756,1394,truck,0.584,283,522,515,764,3.816
756,1821,person,0.4273,1388,174,1422,238,0.333
757,1465,car,0.8288,306,278,405,360,0.559
757,1772,car,0.3092,539,112,634,176,0.901
757,1717,person,0.3279,101,437,147,531,0.354
757,1743,bus,0.6453,445,230,589,423,1.768
757,1789,car,0.8029,0,924,500,1073,4.507
757,1770,car,0.4544,356,125,430,177,0.559
757,1718,person,0.5853,1587,285,1618,377,0.25
757,1379,bus,0.4037,432,86,546,288,2.512
757,1394,truck,0.5656,288,519,516,758,4.138
757,1821,person,0.3446,1388,175,1422,239,0.5
758,1465,car,0.8174,306,277,406,359,0.707
758,1772,car,0.2752,540,111,634,174,0.707
758,1743,bus,0.6778,445,227,590,422,2.016
758,1789,car,0.7174,0,918,498,1072,4.008
758,1770,car,0.397,357,125,429,177,0.75
758,1718,person,0.6476,1587,286,1618,377,0.354
758,1379,bus,0.4514,433,85,546,284,2.305
758,1394,truck,0.5415,291,516,516,753,4.138
758,1821,person,0.3992,1388,173,1422,238,0.0
758,1752,person,0.5033,1035,523,1111,675,5.503
759,1465,car,0.7783,304,275,405,359,0.559
759,1743,bus,0.6638,444,225,590,421,1.75
759,1789,car,0.7795,0,911,502,1073,3.758
759,1770,car,0.4362,353,124,428,177,1.275
759,1718,person,0.5822,1587,285,1618,375,0.25
759,1379,bus,0.4782,436,85,542,271,2.75
759,1394,truck,0.5094,295,515,518,750,4.031
759,1821,person,0.4066,1388,173,1422,237,0.25
759,1752,person,0.5152,1035,526,1115,685,9.732
759,1773,bus,0.3313,1070,39,1148,165,0.248
759,1717,person,0.3385,101,438,147,531,0.0
760,1465,car,0.7968,304,273,406,358,1.0
760,1743,bus,0.6629,445,224,589,418,2.5
760,1789,car,0.8361,0,906,499,1073,3.824
760,1770,car,0.3781,352,124,427,178,1.0
760,1718,person,0.6756,1587,285,1618,376,0.0
760,1379,bus,0.4942,432,85,546,286,1.275
760,1394,truck,0.5447,297,513,519,747,3.953
760,1821,person,0.4841,1387,174,1420,238,0.5
760,1752,person,0.5321,1035,533,1113,689,6.251
760,1835,motorcycle,0.3574,1041,584,1105,695,0.0
760,1717,person,0.4764,101,438,147,531,0.2
761,1465,car,0.821,305,271,406,355,1.5
761,1743,bus,0.7264,447,225,589,416,1.521
761,1789,car,0.8503,0,899,500,1073,3.0
761,1770,car,0.4117,353,125,428,178,0.75
761,1718,person,0.6654,1587,286,1618,377,0.0
761,1379,bus,0.4794,430,85,546,291,0.354
761,1394,truck,0.5314,300,511,518,742,3.473
761,1821,person,0.2815,1388,174,1421,237,0.559
761,1752,person,0.5468,1036,538,1114,695,5.459
761,1717,person,0.4011,100,438,146,532,0.2
762,1465,car,0.8109,307,270,407,354,1.521
762,1743,bus,0.6166,448,225,588,412,1.521
762,1789,car,0.8658,0,891,503,1074,3.288
762,1770,car,0.3264,350,125,425,178,1.5
762,1718,person,0.6055,1587,285,1618,376,0.25
762,1379,bus,0.4625,433,85,547,288,0.559
762,1394,truck,0.4079,302,508,520,739,3.4
762,1821,person,0.2562,1388,173,1421,236,0.354
762,1752,person,0.4844,1038,542,1113,692,4.528
762,1717,person,0.2688,101,438,147,531,0.0
762,1835,motorcycle,0.3867,1043,598,1105,704,6.021
763,1465,car,0.7856,308,267,407,350,2.372
763,1743,bus,0.7795,448,224,588,412,1.275
763,1789,car,0.75,0,884,501,1074,3.26
763,1770,car,0.348,347,124,422,177,1.5
763,1718,person,0.5786,1587,285,1618,375,0.0
763,1379,bus,0.4378,436,85,547,283,1.581
763,1394,car,0.5505,305,505,520,733,3.579
763,1821,person,0.27,1388,175,1420,236,0.25
763,1752,person,0.5776,1040,547,1112,692,3.509
763,1717,person,0.4305,101,438,147,531,0.0
763,1835,motorcycle,0.4223,1044,604,1107,712,6.368
763,1773,bus,0.2626,1070,37,1149,165,0.118
764,1465,car,0.8243,307,264,409,350,2.136
764,1743,bus,0.7617,448,223,589,412,1.031
764,1789,car,0.8372,0,880,498,1075,3.0
764,1718,person,0.6537,1587,285,1618,376,0.0
764,1379,bus,0.5386,435,84,547,284,0.559
764,1394,car,0.5183,307,503,519,728,3.953
764,1821,person,0.3419,1388,175,1420,235,0.354
764,1752,person,0.6448,1041,553,1112,697,3.536
764,1717,person,0.448,101,438,148,532,0.25
764,1835,motorcycle,0.4632,1046,613,1109,722,7.071
765,1465,car,0.825,307,264,409,351,1.677
765,1743,bus,0.7896,449,223,590,411,0.791
765,1789,car,0.8698,0,874,497,1075,3.041
765,1718,person,0.6591,1587,285,1618,377,0.0
765,1379,bus,0.4668,436,85,547,285,1.061
765,1394,car,0.5647,310,502,520,725,3.579
765,1821,person,0.3179,1388,176,1419,235,0.25
765,1752,person,0.7229,1042,557,1116,707,4.123
765,1717,person,0.4467,100,438,147,532,0.0
765,1835,motorcycle,0.2751,1046,622,1110,733,7.666
765,1846,car,0.3225,989,84,1045,125,0.0
765,1770,car,0.3393,346,126,421,179,1.217
766,1465,car,0.831,308,265,406,349,1.25
766,1743,bus,0.6507,449,223,589,410,0.559
766,1789,car,0.8728,0,868,496,1075,2.85
766,1718,person,0.5651,1587,285,1618,376,0.0
766,1379,bus,0.3605,436,85,549,289,0.559
766,1394,car,0.4624,313,501,521,722,3.354
766,1752,person,0.6894,1043,561,1115,706,4.123
766,1717,person,0.3786,101,438,148,531,0.0
766,1835,motorcycle,0.436,1045,623,1113,740,7.603
766,1846,car,0.2885,994,84,1047,123,3.162
766,1770,car,0.4084,343,125,418,178,2.0
767,1465,car,0.7924,310,266,405,346,0.5
767,1789,car,0.8472,0,864,491,1075,2.795
767,1718,person,0.6054,1587,286,1618,376,0.25
767,1394,truck,0.4379,315,499,524,720,3.052
767,1752,person,0.5932,1046,566,1113,699,3.335
767,1717,person,0.4324,101,438,148,531,0.0
767,1835,motorcycle,0.4856,1045,627,1114,747,7.319
767,1770,car,0.4721,340,124,417,178,1.8
767,1849,car,0.3501,315,500,525,722,0.0
767,1539,bus,0.4306,431,88,593,412,1.001
767,1821,person,0.3082,1388,174,1420,235,0.0
768,1465,car,0.7705,310,266,404,345,0.559
768,1789,car,0.848,0,860,485,1073,3.26
768,1718,person,0.6872,1587,286,1618,377,0.25
768,1394,car,0.4743,317,498,524,717,2.658
768,1752,person,0.5634,1049,574,1113,697,2.795
768,1717,person,0.4954,101,438,148,532,0.0
768,1835,motorcycle,0.441,1046,633,1115,753,6.543
768,1770,car,0.3904,340,125,415,178,1.414
768,1821,person,0.2737,1388,174,1420,234,0.2
768,1743,bus,0.5666,449,223,588,410,0.4
768,1379,bus,0.3069,437,85,548,287,0.447
768,1846,car,0.3361,989,84,1045,125,0.0
769,1465,car,0.7658,311,266,404,344,0.559
769,1789,car,0.8684,0,854,485,1074,2.915
769,1718,person,0.6454,1587,287,1618,378,0.25
769,1394,car,0.44,319,495,525,713,2.85
769,1752,person,0.5831,1047,580,1119,718,4.366
769,1717,person,0.4303,100,439,147,532,0.0
769,1835,motorcycle,0.4693,1045,638,1117,764,6.047
769,1770,car,0.4772,340,126,414,178,1.5
769,1821,person,0.3018,1387,175,1420,236,0.2
769,1743,bus,0.6714,449,222,589,410,0.283
769,1379,bus,0.4225,434,84,547,292,0.825
769,1846,car,0.2673,987,84,1043,125,0.5
770,1465,car,0.7723,310,264,404,343,1.0
770,1789,car,0.8453,0,846,486,1074,3.021
770,1718,person,0.6034,1587,285,1618,375,0.0
770,1394,car,0.5101,322,491,526,707,3.473
770,1752,person,0.5203,1047,586,1120,724,5.59
770,1717,person,0.425,101,437,148,530,0.25
770,1835,motorcycle,0.513,1047,643,1119,769,6.329
770,1770,car,0.3713,339,124,414,177,1.031
770,1539,bus,0.4207,434,89,591,411,0.787
771,1465,car,0.7635,310,262,405,342,1.0
771,1789,car,0.8455,0,838,483,1071,3.881
771,1718,person,0.6223,1587,286,1618,376,0.0
771,1394,car,0.5905,323,489,528,706,3.354
771,1752,person,0.6166,1048,592,1121,729,7.111
771,1717,person,0.2513,101,438,147,531,0.0
771,1835,motorcycle,0.3326,1051,654,1120,774,6.915
771,1770,car,0.5055,338,123,414,176,0.707
771,1539,bus,0.5217,436,88,590,409,0.894
772,1465,car,0.8026,311,261,406,341,1.031
772,1789,car,0.7993,0,833,480,1071,3.536
772,1718,person,0.597,1586,285,1617,376,0.354
772,1394,car,0.3966,324,488,526,702,3.25
772,1752,person,0.6289,1047,598,1124,743,8.807
772,1717,person,0.5435,101,438,148,531,0.25
772,1835,motorcycle,0.4252,1053,666,1122,786,8.434
772,1770,car,0.5067,338,124,413,177,0.559
772,1821,person,0.2656,1386,176,1418,235,0.143
772,1743,bus,0.5692,449,221,588,408,0.452
772,1379,bus,0.2633,434,85,551,302,1.152
772,1846,car,0.3159,987,85,1044,127,0.404
773,1465,car,0.7543,311,259,407,340,1.581
773,1789,car,0.857,0,827,481,1072,3.783
773,1718,person,0.6094,1586,286,1617,376,0.354
773,1394,car,0.6416,327,487,526,697,3.162
773,1752,person,0.7103,1048,602,1126,747,6.329
773,1717,person,0.5044,101,439,147,531,0.25
773,1835,motorcycle,0.4753,1053,671,1122,791,7.649
773,1770,car,0.645,336,122,413,176,1.061
773,1821,person,0.4586,1386,174,1419,235,0.333
773,1539,bus,0.6442,437,88,591,413,0.456
774,1465,car,0.8108,312,259,407,338,1.346
774,1789,car,0.8132,0,822,479,1073,3.4
774,1718,person,0.4598,1586,286,1617,375,0.25
774,1394,car,0.555,329,484,528,694,2.693
774,1752,person,0.6508,1050,608,1126,746,5.64
774,1717,person,0.5158,101,437,147,530,0.0
774,1835,motorcycle,0.5075,1054,678,1123,798,8.097
774,1770,car,0.5664,336,122,409,174,1.118
774,1821,person,0.3599,1386,173,1418,233,0.373
774,1539,bus,0.5721,436,85,590,414,0.202
774,1846,car,0.5051,993,84,1046,122,0.125
775,1465,car,0.829,313,258,408,338,1.25
775,1789,car,0.7658,0,818,476,1072,2.372
775,1718,person,0.5288,1586,287,1616,375,0.25
775,1394,car,0.6343,330,482,528,692,2.693
775,1752,person,0.6612,1050,614,1125,750,5.551
775,1835,motorcycle,0.6096,1054,683,1126,808,7.85
775,1770,car,0.6684,335,121,410,174,1.118
775,1821,person,0.2795,1386,172,1419,234,0.373
775,1862,car,0.4727,425,1019,790,1076,0.0
775,1846,car,0.284,996,86,1047,122,0.571
775,1773,bus,0.268,1070,40,1147,166,0.097
775,1743,bus,0.5554,448,222,590,412,0.111
776,1465,car,0.8317,312,258,409,339,0.901
776,1789,car,0.691,0,813,474,1071,2.61
776,1718,person,0.5731,1585,288,1615,378,0.791
776,1394,car,0.4532,333,480,529,687,3.354
776,1752,person,0.6942,1051,622,1129,760,5.397
776,1835,motorcycle,0.594,1054,688,1128,817,6.576
776,1770,car,0.5671,336,125,407,175,1.0
776,1821,person,0.3247,1383,169,1419,237,0.559
776,1862,car,0.4927,401,1009,812,1074,6.083
776,1743,bus,0.5075,446,219,590,414,0.0
776,1717,person,0.3311,100,438,147,531,0.2
777,1465,car,0.851,312,257,407,336,0.75
777,1789,car,0.8385,0,807,479,1072,2.512
777,1718,person,0.5368,1585,287,1615,376,0.25
777,1394,car,0.4528,334,477,529,684,3.25
777,1752,person,0.6519,1053,628,1131,765,5.64
777,1835,motorcycle,0.5554,1058,702,1126,821,7.603
777,1770,car,0.5629,337,125,408,176,0.559
777,1862,car,0.6224,368,997,853,1075,5.701
777,1539,bus,0.6328,436,86,587,412,0.202
777,1773,bus,0.2846,1069,41,1145,167,0.097
778,1465,car,0.8237,313,258,408,337,0.354
778,1789,car,0.7927,0,801,482,1072,2.795
778,1718,person,0.5838,1586,286,1617,376,0.25
778,1394,car,0.4243,336,476,531,683,2.795
778,1752,person,0.6614,1054,634,1136,778,7.458
778,1835,motorcycle,0.599,1057,708,1130,836,8.591
778,1770,car,0.6221,335,122,407,174,0.25
778,1862,car,0.5882,336,985,883,1075,5.706
778,1864,truck,0.3226,336,477,529,686,0.0
778,1539,bus,0.5476,437,85,588,412,0.143
778,1717,person,0.2918,101,438,147,530,0.0
779,1465,car,0.8166,313,258,407,337,0.25
779,1789,car,0.831,0,795,483,1072,3.092
779,1718,person,0.6506,1586,287,1617,377,0.25
779,1394,car,0.5594,336,474,530,680,2.693
779,1752,person,0.6399,1057,642,1137,781,7.669
779,1835,motorcycle,0.699,1058,715,1131,844,8.559
779,1770,car,0.6227,335,124,406,175,0.707
779,1862,car,0.5848,298,969,929,1075,6.427
779,1539,bus,0.5644,438,86,587,410,0.471
779,1717,person,0.5406,100,439,146,531,0.167
779,1821,person,0.4167,1385,173,1419,237,0.167
780,1465,car,0.749,313,258,406,336,0.354
780,1789,car,0.8436,0,789,485,1072,3.25
780,1718,person,0.5323,1585,287,1616,377,0.25
780,1394,car,0.4812,338,473,530,677,2.136
780,1752,person,0.6542,1055,649,1137,792,7.404
780,1835,motorcycle,0.518,1058,722,1133,855,9.055
780,1770,car,0.5657,336,125,405,175,0.25
780,1539,bus,0.4661,438,87,585,408,0.471
780,1717,person,0.305,100,439,146,531,0.373
780,1821,person,0.2572,1383,170,1418,238,0.373
780,1773,bus,0.2933,1070,42,1145,168,0.172
781,1465,car,0.7439,314,257,406,334,0.354
781,1789,car,0.8474,0,784,487,1072,2.926
781,1718,person,0.5147,1585,288,1615,378,0.5
781,1394,car,0.521,339,471,531,675,2.016
781,1752,person,0.6418,1057,657,1135,792,7.071
781,1835,motorcycle,0.5457,1058,726,1134,860,8.062
781,1770,car,0.6011,335,124,404,174,0.791
781,1539,bus,0.5196,438,87,585,408,0.5
781,1821,person,0.2651,1383,169,1417,236,0.373
782,1465,car,0.7987,315,256,407,333,0.791
782,1789,car,0.8921,0,779,490,1072,2.926
782,1718,person,0.5036,1585,288,1615,378,0.559
782,1394,car,0.4588,341,470,532,673,2.136
782,1752,person,0.5224,1059,665,1135,796,6.021
782,1835,motorcycle,0.6374,1059,734,1136,870,7.566
782,1770,car,0.5319,334,125,402,175,0.901
782,1539,bus,0.4477,439,86,586,408,0.25
782,1821,person,0.2727,1384,171,1417,237,0.236
782,1661,bus,0.2646,438,83,546,239,1.145
782,1862,car,0.7089,230,935,1012,1073,6.654
783,1465,car,0.7616,315,255,407,332,1.031
783,1789,car,0.8581,0,774,491,1071,2.926
783,1718,person,0.557,1585,287,1615,378,0.25
783,1394,car,0.5224,343,467,535,672,2.5
783,1752,person,0.6147,1051,672,1145,836,10.753
783,1835,motorcycle,0.4197,1062,745,1136,876,7.85
783,1770,car,0.522,334,125,402,175,0.559
783,1539,bus,0.3859,439,85,585,407,0.5
783,1821,person,0.2812,1385,172,1417,237,0.354
783,1862,car,0.6358,220,924,1027,1074,6.536
784,1465,car,0.7757,316,254,408,331,1.458
784,1789,car,0.777,0,770,492,1072,2.462
784,1718,person,0.5762,1585,287,1615,378,0.0
784,1394,car,0.5756,344,466,536,672,2.121
784,1752,person,0.6768,1049,677,1149,856,11.524
784,1770,car,0.4312,333,124,402,175,0.791
784,1539,bus,0.5789,439,83,585,404,1.031
784,1821,person,0.3074,1383,171,1416,237,0.25
785,1465,car,0.788,316,252,408,329,1.346
785,1789,car,0.8893,0,766,493,1073,2.372
785,1718,person,0.5563,1585,287,1615,378,0.25
785,1394,car,0.5302,346,465,535,668,2.151
785,1752,person,0.6867,1053,684,1145,849,10.527
785,1770,car,0.4213,331,124,402,177,0.791
785,1539,bus,0.5117,440,84,585,402,1.031
785,1821,person,0.2613,1383,171,1416,237,0.559
785,1862,car,0.614,184,901,1070,1076,6.528
786,1465,car,0.7745,318,253,408,328,1.118
786,1789,car,0.8447,0,763,493,1074,1.768
786,1718,person,0.5524,1585,288,1615,379,0.0
786,1394,car,0.5283,347,461,534,662,2.693
786,1752,person,0.6746,1056,692,1145,852,10.527
786,1770,car,0.4262,327,124,399,178,1.275
786,1539,bus,0.5336,439,83,584,401,1.275
786,1821,person,0.2559,1383,171,1415,237,0.25
786,1873,car,0.3236,540,115,603,170,0.0
786,1835,motorcycle,0.3053,1065,776,1143,916,9.782
787,1465,car,0.7793,319,253,407,327,0.901
787,1789,car,0.7694,5,757,494,1073,2.016
787,1718,person,0.5634,1585,288,1615,379,0.25
787,1394,car,0.5744,349,458,534,657,3.041
787,1752,person,0.6806,1055,697,1148,866,6.792
787,1770,car,0.4161,324,124,397,178,2.016
787,1539,bus,0.3499,439,83,584,400,1.275
787,1873,car,0.3865,539,117,601,172,2.236
787,1875,truck,0.4816,485,877,781,1078,0.0
787,1835,motorcycle,0.4431,1065,781,1143,922,9.758
788,1465,car,0.73,319,253,407,326,0.791
788,1789,car,0.7069,12,749,496,1071,3.4
788,1718,person,0.5499,1585,288,1615,379,0.25
788,1394,car,0.5854,351,455,535,653,3.824
788,1752,person,0.6576,1056,705,1152,879,6.619
788,1770,car,0.3591,324,124,396,178,1.82
788,1539,bus,0.6025,439,82,584,400,0.559
788,1873,car,0.3898,538,116,601,171,1.118
788,1875,car,0.4266,484,869,789,1077,5.0
788,1835,motorcycle,0.4212,1068,794,1146,934,10.467
788,1878,truck,0.4209,489,868,783,1077,0.0
788,1258,train,0.2828,1224,79,1919,468,0.227
789,1465,car,0.725,320,251,408,324,0.901
789,1789,car,0.8133,21,742,494,1065,4.854
789,1718,person,0.5312,1585,288,1615,379,0.25
789,1394,car,0.5796,353,453,535,649,3.881
789,1752,person,0.702,1056,716,1154,896,10.112
789,1770,car,0.348,323,124,394,178,2.016
789,1539,bus,0.5628,439,81,584,396,1.275
789,1873,car,0.3971,539,116,601,170,0.471
789,1835,motorcycle,0.3012,1068,805,1147,947,11.081
789,1258,train,0.2706,1225,79,1919,469,0.115
790,1465,car,0.7089,320,250,407,322,1.0
790,1789,car,0.7108,32,737,491,1058,6.452
790,1718,person,0.5197,1585,288,1615,379,0.0
790,1394,car,0.547,354,452,536,647,3.25
790,1752,person,0.6406,1061,727,1152,893,9.618
790,1770,car,0.3462,321,124,393,179,1.5
790,1539,bus,0.4275,439,81,583,395,1.0
790,1873,car,0.3762,539,116,600,170,0.559
790,1835,motorcycle,0.2866,1069,814,1148,957,9.801
790,1258,train,0.2587,1226,79,1919,470,0.378
790,1879,truck,0.3732,352,452,536,649,0.0
790,1743,truck,0.2898,459,235,580,395,0.048
790,1875,car,0.5919,474,847,811,1078,5.831
791,1465,car,0.7157,322,251,408,321,1.118
791,1789,car,0.8113,42,733,489,1052,7.004
791,1718,person,0.4687,1585,288,1615,378,0.0
791,1394,car,0.427,355,451,535,645,2.462
791,1752,person,0.6486,1063,734,1151,894,8.385
791,1770,car,0.3657,323,124,395,180,0.354
791,1539,bus,0.2556,436,83,580,395,0.901
791,1873,car,0.3928,538,115,599,170,0.707
791,1835,motorcycle,0.32,1068,819,1149,967,10.548
791,1258,train,0.3381,1227,80,1919,470,0.097
791,1879,truck,0.3979,353,451,536,646,2.0
791,1743,bus,0.2932,451,226,580,394,0.263
791,1875,car,0.4128,475,837,818,1075,6.175
792,1465,car,0.7227,322,250,408,320,1.118
792,1789,car,0.7497,51,729,486,1046,6.731
792,1718,person,0.4676,1585,288,1614,378,0.25
792,1394,car,0.6101,356,450,537,645,1.904
792,1752,person,0.6697,1057,741,1159,930,10.796
792,1770,car,0.3586,323,123,393,178,0.559
792,1873,car,0.4192,538,115,599,170,0.354
792,1258,train,0.3254,1228,80,1919,469,0.559
792,1879,truck,0.3809,355,450,539,647,1.803
792,1743,bus,0.3929,451,224,582,393,0.558
792,1875,truck,0.3845,471,825,828,1075,6.277
792,1880,car,0.3496,506,827,793,1074,0.0
793,1465,car,0.6962,323,248,409,318,1.118
793,1789,car,0.6643,59,724,484,1040,6.31
793,1718,person,0.4824,1585,288,1615,378,0.0
793,1394,car,0.5995,358,449,538,643,1.601
793,1752,person,0.5429,1060,751,1160,936,9.334
793,1770,car,0.4044,322,123,390,177,0.559
793,1873,car,0.3213,537,114,598,170,0.791
793,1258,train,0.3135,1230,80,1919,468,0.5
793,1879,truck,0.3318,355,449,539,646,1.414
793,1743,bus,0.3376,451,224,584,394,0.416
793,1875,truck,0.2831,472,816,833,1073,6.624
793,1880,bus,0.483,502,819,799,1076,3.162
794,1465,car,0.7641,324,249,409,318,1.061
794,1789,car,0.4453,71,720,483,1032,6.6
794,1718,person,0.5035,1585,288,1614,378,0.25
794,1752,person,0.6743,1059,763,1164,960,12.811
794,1770,car,0.3808,323,124,391,179,0.0
794,1873,car,0.3868,536,114,597,170,0.791
794,1875,car,0.3284,471,808,837,1074,6.047
794,1880,truck,0.3426,499,808,806,1074,4.743
794,1773,bus,0.2813,1073,45,1148,169,0.196
794,1539,bus,0.4501,440,82,583,392,0.667
795,1465,car,0.7366,324,248,409,317,1.031
795,1789,car,0.4887,83,717,482,1024,6.951
795,1718,person,0.4974,1585,288,1614,377,0.354
795,1752,person,0.5514,1063,771,1162,956,12.314
795,1770,car,0.3444,321,124,390,180,1.0
795,1873,car,0.4242,537,114,597,169,0.354
795,1875,truck,0.3302,469,797,844,1076,5.59
795,1880,car,0.3508,496,797,817,1076,5.217
795,1773,bus,0.3157,1074,48,1148,170,0.335
795,1394,car,0.5539,359,445,539,639,1.612
795,1743,bus,0.675,452,220,586,392,1.8
796,1465,car,0.6874,325,248,409,316,0.901
796,1789,car,0.4601,93,715,479,1015,7.106
796,1718,person,0.53,1585,288,1614,377,0.25
796,1752,person,0.5918,1067,782,1159,953,8.097
796,1770,car,0.3054,318,122,389,181,1.275
796,1873,car,0.3184,536,114,595,169,0.791
796,1880,truck,0.4506,495,788,822,1076,5.031
796,1773,bus,0.293,1075,51,1148,170,0.38
796,1886,truck,0.3959,120,716,450,1014,0.0
796,1394,car,0.4888,362,443,540,634,2.332
796,1743,bus,0.6692,451,220,585,392,1.0
797,1465,car,0.6873,323,247,409,317,0.25
797,1789,truck,0.3389,102,711,477,1006,7.5
797,1718,person,0.4921,1585,288,1614,377,0.354
797,1752,person,0.6548,1065,792,1164,976,10.299
797,1770,car,0.2767,319,122,386,178,1.0
797,1873,car,0.3069,536,114,594,168,0.559
797,1880,car,0.5558,496,777,827,1072,6.374
797,1886,car,0.7578,124,711,449,1004,8.062
797,1394,car,0.5063,363,442,540,633,2.236
797,1743,bus,0.5606,451,219,586,392,0.721
797,1888,truck,0.3362,359,443,540,634,0.0
797,1889,truck,0.315,1073,92,1151,169,0.0
797,1835,motorcycle,0.353,1068,881,1161,1053,11.471
797,1875,truck,0.3348,472,778,852,1068,5.993
798,1465,car,0.6186,323,246,410,316,0.5
798,1718,person,0.5149,1585,289,1614,378,0.0
798,1752,person,0.6463,1054,802,1177,1038,14.784
798,1770,car,0.2743,317,123,383,178,1.768
798,1873,car,0.3978,537,115,593,168,0.354
798,1880,car,0.4295,503,769,827,1061,7.267
798,1886,car,0.7052,129,705,452,996,7.906
798,1394,car,0.5302,364,441,541,631,2.154
798,1743,bus,0.5876,451,220,587,394,0.566
798,1888,truck,0.3437,362,442,542,632,3.162
798,1889,truck,0.3075,1073,92,1150,169,1.0
798,1875,truck,0.4111,482,770,848,1058,6.539
799,1465,car,0.6743,324,245,410,315,0.559
799,1718,person,0.5346,1585,288,1614,377,0.0
799,1752,person,0.6824,1053,813,1181,1064,18.792
799,1770,car,0.2535,316,122,380,175,2.016
799,1873,car,0.3377,537,115,591,167,0.75
799,1880,truck,0.5432,512,760,824,1044,9.014
799,1886,car,0.6942,133,700,456,991,7.311
799,1394,car,0.5682,365,440,541,629,2.236
799,1743,bus,0.6083,450,219,585,392,0.559
799,1889,truck,0.3484,1073,92,1151,169,0.0
800,1465,car,0.6852,324,244,411,314,0.75
800,1718,person,0.5062,1586,289,1615,378,0.354
800,1752,person,0.8038,1054,822,1182,1079,20.788
800,1873,car,0.3899,537,115,590,166,0.559
800,1880,truck,0.4626,519,753,824,1035,10.041
800,1886,car,0.7307,138,695,459,985,7.045
800,1394,car,0.4827,367,437,542,626,1.904
800,1743,bus,0.572,450,219,584,390,0.559
800,1889,truck,0.302,1073,92,1151,170,0.333
801,1465,car,0.7024,324,243,411,313,1.031
801,1718,person,0.4987,1586,289,1615,378,0.354
801,1752,person,0.7873,1058,833,1181,1079,18.043
801,1873,car,0.3633,536,114,589,166,0.791
801,1880,truck,0.5405,527,743,824,1020,11.305
801,1886,car,0.6688,142,691,462,980,6.801
801,1394,car,0.4674,369,435,545,625,2.305
801,1743,bus,0.4473,450,218,585,390,0.354
801,1889,truck,0.2923,1073,92,1151,170,0.25
801,1539,truck,0.4085,471,211,563,390,5.191
801,1789,truck,0.2971,122,693,481,980,6.664
802,1465,car,0.6925,323,242,412,313,1.031
802,1718,person,0.5143,1586,289,1615,378,0.25
802,1752,person,0.7035,1062,845,1179,1079,10.574
802,1873,car,0.3338,536,114,589,166,0.791
802,1880,truck,0.6734,532,737,820,1009,10.854
802,1394,car,0.5875,370,433,546,625,2.305
802,1743,bus,0.4546,448,216,586,392,0.901
802,1889,truck,0.3005,1072,92,1151,171,0.25
802,1539,truck,0.3825,469,217,566,394,5.606
802,1773,bus,0.2825,1083,82,1143,172,1.037
803,1465,car,0.707,323,240,412,312,1.0
803,1718,person,0.4595,1586,289,1615,378,0.354
803,1752,person,0.8399,1066,857,1176,1079,7.566
803,1873,car,0.3774,536,115,588,167,0.5
803,1880,truck,0.7042,540,729,817,994,10.55
803,1394,car,0.5184,372,430,545,619,2.795
803,1743,bus,0.4019,448,214,587,393,0.5
803,1889,truck,0.2536,1072,91,1152,170,0.0
803,1717,person,0.2755,101,438,147,529,0.052
803,1258,train,0.2517,1227,80,1919,471,0.109
803,1789,car,0.5402,135,684,484,967,6.56
804,1465,car,0.723,324,240,412,310,1.031
804,1718,person,0.4759,1586,289,1614,377,0.0
804,1752,person,0.8653,1069,868,1175,1079,5.836
804,1873,car,0.3251,536,115,587,166,0.5
804,1880,car,0.534,545,720,818,983,11.037
804,1394,car,0.5317,376,430,543,611,3.021
804,1743,bus,0.5515,448,214,587,392,0.25
804,1893,truck,0.4419,154,680,469,962,0.0
804,1717,person,0.2532,101,438,148,529,0.038
804,1789,car,0.6057,142,680,486,962,6.519
805,1465,car,0.7503,324,241,411,311,0.5
805,1718,person,0.482,1586,289,1614,377,0.0
805,1752,person,0.8389,1074,880,1174,1079,5.884
805,1880,truck,0.5837,551,713,816,971,9.953
805,1394,car,0.5431,376,428,542,608,3.041
805,1743,bus,0.4717,450,217,586,391,0.25
805,1893,car,0.6432,162,677,471,954,7.81
805,1789,truck,0.397,147,674,486,955,6.453
805,1889,bus,0.3155,1062,67,1165,172,2.408
806,1465,car,0.7678,324,238,412,308,1.031
806,1718,person,0.478,1586,289,1614,377,0.0
806,1752,person,0.8521,1077,891,1174,1079,5.884
806,1880,truck,0.5568,556,706,816,960,10.308
806,1394,car,0.569,378,426,543,604,3.536
806,1743,bus,0.4682,448,216,586,393,0.0
806,1717,person,0.3084,101,438,148,529,0.083
807,1465,car,0.729,323,237,411,308,1.0
807,1718,person,0.493,1586,289,1614,378,0.0
807,1752,person,0.8259,1079,905,1172,1079,6.083
807,1880,truck,0.7064,562,698,816,949,9.89
807,1394,car,0.4592,379,425,543,603,2.61
807,1743,bus,0.6108,446,215,586,395,0.559
807,1900,person,0.3646,1335,163,1364,239,0.0
807,1717,person,0.3151,101,438,149,529,0.105
807,1770,car,0.2739,310,121,372,173,1.15
807,1873,car,0.2546,536,114,586,164,0.236
807,1789,car,0.6894,159,668,488,943,6.336
807,1889,bus,0.3118,1055,49,1172,171,3.504
808,1465,car,0.7766,324,236,412,307,1.0
808,1718,person,0.4983,1586,289,1614,377,0.0
808,1752,person,0.8622,1082,915,1172,1079,6.129
808,1880,truck,0.6043,567,692,815,938,9.341
808,1394,car,0.5351,380,423,544,600,2.372
808,1743,bus,0.6004,446,213,586,395,0.354
808,1900,person,0.3693,1335,160,1364,239,2.0
808,1717,person,0.2862,101,438,149,529,0.2
808,1770,car,0.311,309,121,372,174,1.124
808,1789,car,0.7388,165,664,488,937,6.046
808,1889,bus,0.3526,1056,45,1172,171,3.866
809,1465,car,0.7397,325,235,412,306,1.521
809,1718,person,0.4669,1586,289,1614,378,0.0
809,1752,person,0.8708,1087,929,1172,1079,6.374
809,1880,truck,0.5835,571,685,816,929,9.1
809,1394,car,0.4958,382,419,544,594,3.162
809,1743,bus,0.617,447,213,587,396,0.25
809,1900,person,0.3074,1335,162,1364,239,0.5
809,1789,car,0.7789,170,659,490,931,6.106
809,1889,bus,0.3763,1058,45,1171,171,3.682
810,1465,car,0.744,327,233,412,303,1.275
810,1718,person,0.464,1586,288,1615,377,0.25
810,1752,person,0.8683,1089,942,1171,1079,6.374
810,1880,truck,0.4595,575,677,816,919,9.035
810,1394,car,0.5456,381,417,546,596,2.372
810,1743,bus,0.667,448,212,588,395,0.354
810,1900,person,0.3192,1335,162,1364,239,0.333
810,1789,car,0.8427,173,652,493,927,6.046
810,1889,bus,0.3876,1059,45,1170,171,2.209
811,1465,car,0.7179,328,231,414,302,1.803
811,1718,person,0.4484,1586,288,1615,378,0.0
811,1752,person,0.8531,1093,957,1170,1079,6.671
811,1880,truck,0.5301,580,670,819,911,8.62
811,1394,car,0.5335,381,416,547,597,2.136
811,1743,bus,0.4314,447,211,587,394,0.791
811,1789,car,0.8066,177,647,494,921,6.047
811,1889,bus,0.4368,1060,46,1168,172,0.354
811,1717,person,0.2687,100,438,148,529,0.0
812,1465,car,0.6627,328,231,414,302,1.458
812,1718,person,0.4922,1586,288,1615,377,0.25
812,1752,person,0.8668,1096,972,1169,1079,7.111
812,1880,car,0.4833,585,662,819,899,9.172
812,1394,truck,0.4168,379,413,549,600,1.346
812,1743,bus,0.4151,448,211,586,392,0.791
812,1789,car,0.8708,183,642,495,914,6.388
812,1889,bus,0.4831,1061,46,1166,172,0.354
812,1900,person,0.3095,1335,160,1365,240,0.283
813,1465,car,0.7105,328,229,413,301,1.346
813,1718,person,0.4772,1586,288,1615,377,0.25
813,1752,person,0.8121,1098,984,1169,1079,6.824
813,1880,truck,0.6323,589,655,820,891,8.934
813,1394,car,0.5624,379,411,550,601,0.25
813,1743,bus,0.4655,448,209,586,392,1.0
813,1789,car,0.8277,189,638,495,907,6.486
813,1889,bus,0.4943,1062,45,1166,171,0.0
813,1900,person,0.2778,1334,158,1365,241,0.0
814,1465,car,0.7198,329,228,415,301,1.25
814,1718,person,0.4733,1586,288,1615,378,0.25
814,1752,person,0.6595,1102,1000,1166,1079,7.319
814,1880,truck,0.5433,592,649,821,884,8.459
814,1394,car,0.4955,384,411,550,595,1.25
814,1743,bus,0.4419,447,206,587,392,1.031
814,1789,car,0.8512,194,635,495,900,6.149
814,1889,bus,0.485,1063,44,1166,171,0.25
814,1258,train,0.281,1225,79,1913,465,0.217
815,1465,car,0.6961,330,227,415,299,0.791
815,1718,person,0.4461,1586,288,1615,377,0.25
815,1880,truck,0.5085,597,644,821,874,8.143
815,1394,car,0.4597,388,409,551,590,2.151
815,1743,bus,0.5663,449,207,588,391,0.791
815,1789,car,0.8166,200,633,498,896,6.103
815,1889,bus,0.4576,1064,44,1165,172,0.25
815,1908,truck,0.3942,391,409,548,589,0.0
815,1258,train,0.2642,1225,79,1916,466,0.157
816,1465,car,0.6802,332,227,414,296,1.346
816,1718,person,0.4757,1586,288,1615,377,0.0
816,1880,truck,0.4683,600,638,821,865,7.521
816,1394,truck,0.4257,388,407,552,590,2.5
816,1743,bus,0.6798,450,209,586,390,0.559
816,1789,car,0.7919,203,628,499,891,5.618
816,1889,bus,0.4628,1065,45,1164,172,0.354
816,1908,car,0.3927,390,409,549,592,1.0
817,1465,car,0.6924,333,226,413,294,1.458
817,1718,person,0.5706,1586,287,1615,378,0.0
817,1880,car,0.41,605,633,820,855,7.521
817,1394,truck,0.3899,388,405,554,591,2.658
817,1743,bus,0.7515,451,209,586,390,0.354
817,1789,car,0.7918,208,623,502,885,5.551
817,1889,bus,0.5336,1067,46,1164,173,0.354
817,1908,car,0.4379,390,407,552,593,1.118
817,1717,person,0.3486,100,436,149,529,0.091
818,1465,car,0.7515,335,225,415,292,1.677
818,1718,person,0.5876,1586,286,1615,377,0.5
818,1880,truck,0.5338,607,626,819,845,7.945
818,1394,truck,0.359,390,403,554,587,2.358
818,1743,bus,0.7453,451,207,587,390,0.559
818,1789,car,0.7596,212,621,503,882,5.154
818,1889,bus,0.568,1068,46,1164,174,0.901
818,1908,car,0.434,391,404,552,589,1.202
818,1912,car,0.3727,608,628,815,848,0.0
818,1717,person,0.4114,100,436,149,530,0.091
819,1465,car,0.751,336,225,415,291,1.458
819,1718,person,0.5621,1586,287,1615,378,0.0
819,1880,car,0.6048,610,621,820,839,7.404
819,1394,truck,0.3884,392,402,553,584,1.677
819,1743,bus,0.6072,451,204,588,389,0.791
819,1789,car,0.7906,217,618,504,876,5.062
819,1889,bus,0.5987,1069,46,1164,174,0.707
819,1908,car,0.4156,393,404,552,586,1.25
819,1717,person,0.4406,100,436,149,530,0.091
820,1465,car,0.7487,337,225,416,290,1.25
820,1718,person,0.6118,1586,287,1615,377,0.0
820,1880,car,0.4583,615,616,821,829,7.521
820,1394,truck,0.3474,393,402,554,584,1.458
820,1743,bus,0.7468,451,203,588,388,1.031
820,1789,car,0.7525,219,614,505,872,4.854
820,1889,bus,0.6148,1070,45,1164,174,0.791
820,1908,car,0.3759,394,403,553,586,1.803
820,1717,person,0.5167,100,436,149,530,0.0
821,1465,car,0.7601,338,224,417,290,1.25
821,1718,person,0.631,1587,287,1616,377,0.25
821,1880,truck,0.4424,618,610,822,822,7.28
821,1394,car,0.4998,392,401,553,583,1.521
821,1743,bus,0.8054,452,203,588,387,1.118
821,1789,car,0.792,225,611,506,865,4.717
821,1889,bus,0.4625,1071,47,1164,175,0.707
821,1717,person,0.356,100,436,149,530,0.25
821,1913,car,0.4042,620,612,819,824,0.0
821,1846,car,0.2957,1018,83,1070,123,0.558
821,1900,person,0.3602,1338,161,1365,236,0.236
822,1465,car,0.7261,339,223,419,289,1.118
822,1718,person,0.3608,1589,288,1618,377,0.791
822,1880,truck,0.4131,620,603,823,815,6.801
822,1394,car,0.5423,393,400,553,583,1.031
822,1743,bus,0.7666,453,204,587,386,0.791
822,1789,car,0.7714,232,607,510,859,5.701
822,1889,truck,0.5086,1072,43,1166,175,0.791
822,1717,person,0.4509,102,434,151,529,0.707
822,1913,car,0.3726,621,606,820,817,7.071
822,1846,car,0.2969,1017,84,1068,124,0.541
822,1900,person,0.311,1340,161,1368,237,0.425
823,1465,car,0.6648,343,222,425,290,2.305
823,1880,truck,0.521,630,597,830,806,8.162
823,1394,car,0.513,403,400,563,583,2.795
823,1743,bus,0.7308,461,207,592,386,1.75
823,1789,car,0.7255,244,602,519,852,7.25
823,1889,bus,0.4627,1080,50,1169,176,2.136
823,1717,person,0.5022,110,435,158,529,2.512
823,1913,car,0.3732,632,600,828,809,8.902
823,1258,train,0.3391,1203,76,1863,457,1.392
824,1465,car,0.7242,351,222,432,289,3.783
824,1394,car,0.3618,411,400,568,579,4.123
824,1743,bus,0.5938,469,208,598,383,3.5
824,1789,car,0.8045,255,601,527,849,8.533
824,1889,bus,0.309,1090,56,1174,175,4.039
824,1258,train,0.253,1222,78,1863,453,1.551
824,1846,car,0.2742,1012,82,1068,125,0.42
825,1465,car,0.7391,355,222,435,288,4.528
825,1394,truck,0.433,416,397,572,576,5.701
825,1743,bus,0.5577,473,206,602,381,4.279
825,1789,car,0.7835,261,597,531,844,8.962
825,1889,bus,0.3292,1093,55,1178,177,4.67
825,1923,truck,0.3827,1099,84,1171,176,0.0
825,1846,car,0.265,1013,83,1069,124,0.4
825,1880,truck,0.6952,644,587,838,791,8.045
825,1717,person,0.3463,118,435,166,530,3.606
826,1465,car,0.6836,357,221,438,288,4.528
826,1394,truck,0.4698,418,396,573,573,5.772
826,1743,bus,0.6093,475,206,603,380,4.776
826,1789,car,0.7776,267,594,534,838,8.404
826,1923,truck,0.2986,1103,90,1171,176,3.606
826,1846,car,0.3424,1012,82,1071,125,0.6
826,1927,person,0.4341,1609,291,1638,377,0.0
826,1880,truck,0.6489,647,581,843,788,8.122
826,1717,person,0.3867,120,436,168,531,4.0
827,1465,car,0.7143,358,220,439,287,3.579
827,1394,truck,0.4767,420,392,573,567,4.423
827,1743,bus,0.5207,475,206,602,378,3.162
827,1789,car,0.7585,270,592,536,836,6.388
827,1923,truck,0.3065,1101,88,1171,176,1.118
827,1846,car,0.2894,1011,82,1071,125,0.283
827,1927,person,0.2665,1609,292,1638,378,1.0
827,1880,truck,0.5864,651,576,842,778,8.122
827,1717,person,0.4636,121,435,169,531,3.821
827,1889,bus,0.4193,1095,57,1178,177,3.758
828,1465,car,0.7509,358,222,438,288,1.75
828,1394,truck,0.4363,419,391,572,565,3.132
828,1743,bus,0.6435,475,205,602,377,1.601
828,1789,car,0.7893,274,591,536,831,4.95
828,1923,truck,0.5338,1088,59,1181,177,4.014
828,1846,car,0.4712,1009,82,1071,126,0.25
828,1927,person,0.3939,1608,294,1636,378,1.118
828,1880,truck,0.5642,653,570,842,771,7.071
828,1717,person,0.6297,120,436,167,530,1.811
828,1889,bus,0.5635,1093,52,1178,176,2.209
828,1258,train,0.3075,1218,72,1863,457,2.149
829,1465,car,0.6598,353,222,432,288,0.75
829,1394,car,0.4694,415,391,567,563,2.372
829,1743,bus,0.6892,472,207,597,376,0.901
829,1789,car,0.8342,269,591,527,827,2.795
829,1923,truck,0.3089,1082,51,1180,177,4.123
829,1880,car,0.457,647,568,834,767,5.506
829,1889,bus,0.5144,1090,52,1175,177,0.2
830,1465,car,0.6874,327,225,406,290,7.786
830,1394,truck,0.4166,389,395,539,565,7.814
830,1789,car,0.7861,241,592,499,827,7.701
830,1880,truck,0.4652,623,568,809,767,8.404
831,1789,car,0.8503,193,593,451,829,20.264
831,1880,truck,0.5515,578,566,763,765,19.235
831,1258,train,0.5536,1126,82,1898,539,4.334
832,1789,car,0.8686,144,594,404,831,32.751
832,1880,truck,0.5323,532,565,714,760,31.064
832,1258,train,0.3514,1088,85,1917,579,8.102
833,1789,car,0.8203,112,594,370,829,39.253
833,1880,truck,0.4936,502,562,680,753,37.334
833,1258,train,0.4011,1048,86,1919,609,11.224
833,1957,car,0.6677,175,232,262,300,0.0
833,1959,car,0.6051,240,403,400,578,0.0
833,1961,bus,0.556,297,216,428,388,0.0
834,1789,car,0.8323,111,590,368,824,32.754
834,1880,truck,0.547,500,555,677,745,32.281
834,1258,train,0.3177,1046,82,1919,614,17.013
834,1957,car,0.5625,174,229,259,296,4.472
834,1959,car,0.3666,241,398,404,577,3.606
834,1961,bus,0.5307,297,214,427,384,3.0
834,1965,person,0.6153,1739,362,1783,469,0.0
834,1966,car,0.415,245,140,287,197,0.0
834,1968,bus,0.4841,924,52,1006,189,0.0
835,1789,car,0.7742,131,583,386,816,16.279
835,1880,truck,0.5227,519,549,692,735,17.237
835,1957,car,0.5951,195,225,279,291,10.308
835,1959,car,0.4316,267,392,428,569,14.396
835,1961,bus,0.5671,317,209,445,376,10.735
835,1968,bus,0.4325,945,57,1024,189,19.235
836,1789,car,0.7684,170,578,420,806,7.25
836,1880,car,0.4824,551,542,723,728,7.603
836,1957,car,0.6379,233,223,316,287,19.023
836,1959,truck,0.4319,302,386,463,564,21.263
836,1961,truck,0.3926,355,206,481,370,19.241
836,1258,train,0.479,1095,84,1897,560,4.0
837,1789,car,0.8016,220,573,467,799,26.255
837,1961,bus,0.4675,400,204,528,371,25.774
837,1258,train,0.535,1158,88,1884,512,7.443
837,1465,car,0.6255,296,223,373,285,6.401
837,1394,truck,0.4196,364,385,521,565,5.415
838,1789,car,0.8014,267,570,511,794,38.017
838,1258,train,0.577,1212,90,1894,486,18.31
838,1985,car,0.6619,656,533,822,720,0.0
838,1394,truck,0.5399,391,385,547,565,2.617
838,1743,bus,0.4201,459,208,581,373,1.603
838,1889,bus,0.5606,1078,63,1162,188,1.346
839,1789,car,0.8427,297,568,539,790,40.311
839,1985,truck,0.5069,674,530,838,715,17.464
839,1394,car,0.393,414,386,566,561,0.412
839,1991,car,0.6891,352,221,440,287,0.0
839,1743,bus,0.4313,469,210,591,372,0.672
839,1889,bus,0.5725,1087,57,1174,189,0.707
840,1789,car,0.8299,326,564,565,783,37.8
840,1985,truck,0.5499,701,523,863,706,22.322
840,1394,car,0.5298,439,386,590,562,5.036
840,1991,car,0.7003,377,222,461,284,23.022
840,1889,bus,0.6188,1106,57,1194,190,1.458
840,1961,bus,0.5356,495,206,621,370,32.718
841,1789,car,0.7266,338,561,574,778,28.568
841,1985,car,0.5362,708,518,869,699,17.401
841,1394,car,0.5055,449,384,599,560,20.514
841,1991,car,0.6496,387,220,472,283,16.568
841,1889,bus,0.4992,1115,57,1202,190,2.293
841,2002,person,0.5673,1630,298,1663,388,0.0
841,2005,truck,0.3252,453,383,598,561,0.0
841,1961,bus,0.5198,507,206,631,368,31.344
841,1717,person,0.3707,145,441,191,534,1.655
841,1258,train,0.2621,1265,94,1918,474,18.057
842,1789,car,0.817,333,558,570,776,15.947
842,1985,truck,0.6252,703,513,863,693,12.412
842,1394,truck,0.2984,445,381,591,554,12.412
842,1991,car,0.6332,380,218,464,280,8.825
842,1889,bus,0.4317,1111,54,1199,190,8.782
842,2005,car,0.3873,446,383,586,555,9.487
842,1717,person,0.3782,138,441,184,535,1.108
842,1258,train,0.279,1253,89,1905,465,15.736
842,1743,bus,0.5177,486,209,606,369,0.589
843,1789,car,0.7739,318,555,555,773,5.858
843,1985,truck,0.5194,687,507,843,682,7.353
843,1889,bus,0.5737,1100,55,1184,186,3.092
843,2005,car,0.5489,431,381,563,543,14.866
843,1258,train,0.371,1233,83,1898,463,8.604
843,1743,bus,0.5184,475,208,595,367,0.295
843,1770,car,0.2975,274,119,332,164,1.063
843,1927,person,0.3265,1598,295,1629,385,0.686
843,1957,car,0.6584,349,213,435,280,17.515
844,1789,car,0.7532,306,551,543,769,6.175
844,1985,truck,0.5151,674,501,831,677,9.763
844,2005,truck,0.4779,414,377,548,540,15.391
844,1258,train,0.2971,1234,83,1905,465,3.543
844,1957,car,0.6671,348,214,427,276,17.184
844,1846,car,0.3016,1005,84,1060,125,0.477
845,1789,car,0.8277,296,548,529,763,11.543
845,1985,car,0.5533,663,496,820,672,13.193
845,2005,car,0.4549,401,375,536,539,14.735
845,1258,train,0.4201,1222,79,1909,469,6.964
845,1957,car,0.6047,339,212,424,277,14.468
845,2029,car,0.4448,387,135,435,188,0.0
845,1968,bus,0.6205,1067,52,1144,180,12.732
845,1743,bus,0.4819,449,201,572,364,1.829
846,1789,car,0.7605,278,548,513,765,14.268
846,1985,truck,0.4645,646,494,804,671,15.421
846,2005,car,0.4145,387,375,520,538,16.082
846,1957,car,0.7309,325,213,408,276,9.266
846,2035,car,0.4717,970,96,1023,129,0.0
846,1968,bus,0.5677,1059,52,1137,180,11.088
846,1743,bus,0.7043,430,202,555,366,5.52
847,1789,car,0.687,267,548,498,761,13.73
847,1985,truck,0.584,633,493,789,669,13.886
847,2005,truck,0.452,371,376,505,540,14.784
847,1968,bus,0.557,1045,57,1124,188,9.155
847,1743,truck,0.5657,415,205,537,366,14.023
847,1465,car,0.6835,294,215,372,277,3.454
847,1258,train,0.465,1190,89,1914,499,6.381
848,1789,car,0.7329,267,551,498,765,10.512
848,1985,truck,0.4877,633,494,788,669,10.689
848,2005,car,0.406,372,382,507,546,10.607
848,1968,bus,0.3975,1049,59,1132,193,8.157
848,1743,bus,0.6921,383,128,557,368,15.16
848,2041,car,0.6092,352,141,406,196,0.0
848,2042,person,0.6179,1853,369,1908,489,0.0
848,1465,car,0.6393,299,219,382,284,2.745
848,1258,train,0.3857,1193,92,1917,502,5.2
849,1789,car,0.7368,273,546,501,756,6.329
849,1985,truck,0.5037,640,489,790,658,7.058
849,2005,car,0.4103,376,379,511,543,6.329
849,1968,bus,0.4868,1049,60,1132,194,4.65
849,1743,bus,0.6998,401,169,547,367,9.657
849,2041,car,0.2852,358,139,412,194,6.325
849,2042,person,0.6676,1860,365,1917,489,8.246
849,1465,car,0.7423,301,217,383,281,1.331
849,2046,truck,0.4219,382,378,518,542,0.0
849,2035,car,0.3969,967,98,1025,134,1.333
850,1789,car,0.7539,289,542,514,750,2.915
850,1985,truck,0.508,651,482,801,652,3.758
850,1968,bus,0.6321,1053,57,1137,192,2.136
850,1743,bus,0.5451,422,193,549,365,2.151
850,2041,car,0.419,367,137,422,193,7.649
850,2042,person,0.6179,1872,369,1919,484,7.649
850,1465,car,0.7106,314,216,392,277,1.586
850,2046,truck,0.4293,392,376,530,542,11.045
850,2035,car,0.3446,970,99,1027,134,1.118
850,1258,train,0.4745,1218,87,1893,465,2.357
851,1789,car,0.7122,312,535,536,742,11.236
851,1985,truck,0.5305,674,478,822,644,10.515
851,1968,bus,0.6679,1073,60,1155,192,7.566
851,2046,car,0.3652,418,372,550,531,17.586
851,1258,train,0.3644,1217,86,1911,475,1.014
851,1770,car,0.2776,259,117,316,161,1.186
851,1927,person,0.3885,1589,297,1620,387,0.825
851,2029,car,0.353,398,135,449,190,2.007
851,1957,car,0.5577,350,214,429,274,0.451
852,1789,car,0.6753,342,531,565,738,18.737
852,1985,truck,0.4943,704,475,849,638,17.644
852,2046,car,0.3923,448,370,581,529,21.646
852,1957,car,0.6064,369,212,453,276,3.003
852,1717,person,0.4404,137,442,183,536,0.646
852,1889,bus,0.4453,1112,61,1196,190,0.373
853,1789,car,0.7235,370,529,591,735,23.73
853,1985,car,0.5203,730,472,873,633,22.132
853,2046,truck,0.4637,475,370,607,528,22.916
853,1957,car,0.6801,392,212,475,275,6.501
853,1889,truck,0.4155,1128,73,1206,192,1.061
854,1789,car,0.7488,389,524,610,730,24.956
854,1985,truck,0.5196,748,466,892,628,24.026
854,2046,truck,0.42,493,368,626,528,24.654
854,1957,car,0.6751,409,210,493,274,10.628
854,1889,bus,0.5177,1142,64,1226,192,2.468
854,1394,car,0.3385,491,369,627,530,4.87
854,1258,train,0.514,1262,92,1919,476,5.613
855,1789,car,0.724,394,520,615,726,20.349
855,1985,truck,0.448,753,459,898,622,19.953
855,2046,car,0.3115,497,366,630,525,19.807
855,1957,car,0.7195,413,209,497,273,16.517
855,1889,truck,0.4981,1146,57,1232,189,3.925
855,2086,person,0.4043,1657,297,1688,385,0.0
855,2087,person,0.6432,58,995,187,1079,0.0
855,2088,person,0.4318,171,439,217,532,0.0
855,2089,car,0.3959,460,129,521,189,0.0
855,2090,bus,0.4473,528,203,645,357,0.0
855,1394,truck,0.3786,491,365,626,526,3.513
855,1258,train,0.2912,1286,90,1919,460,7.413
856,1789,car,0.6935,389,517,607,721,11.859
856,1985,truck,0.4814,748,454,889,613,11.971
856,1957,car,0.6354,410,206,491,268,9.906
856,1889,bus,0.508,1140,55,1226,188,7.319
856,2087,person,0.5323,51,991,185,1079,4.472
856,2090,bus,0.3315,519,202,633,352,10.44
856,1394,truck,0.4315,480,363,615,523,2.468
857,1789,car,0.6868,385,513,601,716,5.551
857,1985,truck,0.5089,743,448,884,607,6.933
857,1957,car,0.5744,404,205,487,268,3.473
857,1889,bus,0.5151,1137,52,1224,184,4.776
857,2087,person,0.4972,45,984,189,1079,3.905
857,2090,truck,0.3093,511,196,627,348,9.394
857,1394,car,0.5609,475,361,608,519,2.365
857,2101,person,0.3705,155,438,198,527,0.0
857,2089,car,0.5303,444,127,502,185,8.631
857,1258,train,0.2633,1268,89,1909,458,4.734
858,1789,car,0.7489,375,505,591,708,6.6
858,1985,car,0.4894,733,441,875,601,7.632
858,1957,car,0.6734,393,200,475,263,5.062
858,2087,person,0.6646,33,975,187,1077,5.426
858,2090,truck,0.319,497,183,618,342,11.377
858,1394,car,0.5337,464,357,596,514,8.051
858,2002,person,0.444,1623,285,1656,376,0.869
858,1968,bus,0.5142,1119,44,1204,179,7.257
858,1717,person,0.3619,138,433,182,525,0.582
859,1789,car,0.7513,357,503,569,704,11.404
859,1985,car,0.5538,717,436,856,592,11.718
859,1957,car,0.6834,374,198,456,260,10.44
859,2087,person,0.7142,12,971,170,1077,8.404
859,1394,car,0.51,446,356,576,512,12.068
859,2041,car,0.3756,411,125,464,177,5.495
860,1789,car,0.7818,326,505,535,703,17.409
860,1465,car,0.4826,320,201,402,265,2.375
861,1789,car,0.6496,283,513,493,712,26.255
861,1743,truck,0.3217,388,199,509,362,2.032
861,1258,train,0.3201,1153,89,1919,546,4.64
862,1789,car,0.7746,251,521,461,720,31.942
862,2133,car,0.4238,603,452,739,604,0.0
862,1743,bus,0.696,337,128,504,367,3.572
862,1258,train,0.4052,1136,104,1919,556,9.751
863,1789,car,0.5819,230,522,440,721,32.315
863,2133,car,0.5368,587,449,725,602,15.297
863,1743,bus,0.5724,339,176,475,366,4.791
863,1258,train,0.3673,1099,106,1919,592,14.856
863,2140,car,0.6429,230,219,313,281,0.0
863,2143,bus,0.563,972,69,1065,206,0.0
863,2144,car,0.4094,313,378,438,531,0.0
863,2146,car,0.5432,271,147,335,201,0.0
864,1789,car,0.8183,221,515,427,709,26.575
864,2133,car,0.5674,577,437,715,590,14.577
864,1743,bus,0.5987,331,194,454,363,6.643
864,1258,train,0.2784,1080,92,1919,596,16.264
864,2140,car,0.7708,217,213,303,277,12.083
864,2143,bus,0.5876,961,64,1053,199,12.53
864,2144,car,0.5803,306,368,432,523,10.817
864,2146,car,0.5708,259,143,321,195,13.928
865,1789,car,0.7703,220,505,427,701,16.405
865,2133,truck,0.6201,578,429,715,581,11.324
865,1743,bus,0.598,336,200,451,355,13.77
865,1258,train,0.4157,1077,89,1919,586,10.735
865,2140,car,0.6193,217,209,303,273,7.106
865,2143,bus,0.6009,958,57,1050,193,9.22
865,2144,truck,0.3633,307,361,432,514,9.014
865,2157,person,0.6048,1776,354,1817,468,0.0
866,1789,car,0.672,229,495,437,693,8.678
866,2133,truck,0.4657,587,419,723,571,9.169
866,1743,bus,0.4204,343,195,459,349,7.85
866,1258,train,0.4072,1092,81,1919,568,5.701
866,2140,car,0.5699,225,199,306,260,7.28
866,2143,bus,0.7824,967,52,1058,186,6.325
866,2144,truck,0.3445,312,351,441,510,8.007
866,2157,person,0.6155,1784,347,1826,465,10.296
867,1789,car,0.7426,244,493,449,688,8.223
867,2133,truck,0.6438,601,414,737,565,9.569
867,1743,bus,0.4041,351,187,469,343,1.677
867,1258,train,0.5097,1112,78,1919,553,8.631
867,2140,car,0.5683,242,198,322,258,6.149
867,2143,bus,0.6483,980,53,1069,185,4.743
867,2144,car,0.4628,328,349,451,499,8.276
867,2157,person,0.6148,1800,348,1842,464,12.748
868,1789,car,0.7561,257,492,459,685,10.404
868,2133,truck,0.6331,612,412,746,561,10.66
868,1743,bus,0.7107,334,110,501,339,14.877
868,1258,train,0.266,1119,79,1919,549,9.014
868,2140,car,0.574,254,198,331,255,9.304
868,2143,bus,0.4454,993,51,1084,184,8.504
868,2144,truck,0.389,336,351,464,508,8.721
868,2157,person,0.5667,1811,352,1852,465,11.709
868,2176,car,0.4112,285,123,355,180,0.0
868,2087,motorcycle,0.5911,0,920,154,1075,4.658
869,1789,car,0.7944,271,491,470,681,12.495
869,2133,truck,0.6352,624,411,758,560,12.311
869,1743,bus,0.5189,361,154,501,344,11.8
869,2140,car,0.624,263,199,349,263,11.769
869,2143,bus,0.4743,1001,55,1092,188,10.548
869,2144,car,0.4095,349,353,474,505,10.689
869,2157,person,0.649,1821,349,1863,467,11.524
869,2176,car,0.4598,295,128,362,183,8.944
869,2181,car,0.4938,927,91,976,128,0.0
870,1789,car,0.7907,282,489,483,681,12.455
870,2133,truck,0.5081,637,409,771,557,12.612
870,1743,bus,0.4033,381,178,506,347,10.794
870,2140,car,0.4679,273,200,359,265,12.772
870,2143,bus,0.3843,1011,52,1106,191,11.511
870,2144,car,0.4766,362,353,485,502,11.774
870,2157,person,0.6651,1832,355,1873,469,11.845
870,2176,car,0.3769,305,129,375,186,10.44
870,2184,motorcycle,0.408,5,920,118,1076,0.0
870,1258,train,0.473,1136,84,1919,554,6.826
870,2087,person,0.5059,0,919,160,1077,3.814
871,1789,car,0.8039,288,488,488,680,10.607
871,2133,truck,0.4636,641,406,774,554,9.763
871,1743,bus,0.482,394,191,510,344,10.512
871,2140,car,0.4274,280,199,358,258,9.25
871,2143,bus,0.4477,1017,55,1111,193,10.078
871,2144,car,0.3636,371,352,490,497,10.25
871,2157,person,0.5882,1839,359,1880,471,9.763
871,2176,car,0.2736,309,130,379,187,8.333
871,2184,motorcycle,0.4087,7,919,121,1076,3.162
871,2185,bus,0.4303,380,80,476,237,0.0
871,1258,train,0.5305,1135,79,1919,542,5.215
872,1789,car,0.8128,288,486,487,677,7.458
872,2133,truck,0.5507,640,403,773,551,7.115
872,1743,bus,0.3619,394,194,508,343,13.901
872,2140,car,0.437,279,198,359,258,6.768
872,2143,bus,0.5005,1017,53,1112,193,6.671
872,2144,car,0.3689,367,352,486,496,6.619
872,2157,person,0.6234,1836,356,1878,470,6.619
872,2176,car,0.3559,308,129,377,185,5.701
872,2184,person,0.5645,5,912,122,1073,3.162
872,1258,train,0.455,1146,85,1919,545,3.4
872,2087,motorcycle,0.4932,0,951,140,1075,3.004
873,1789,car,0.7561,288,484,488,677,4.743
873,2133,truck,0.5536,640,401,773,549,4.507
873,1743,truck,0.4184,391,196,505,344,6.755
873,2140,car,0.45,277,199,356,259,2.55
873,2143,bus,0.454,1012,49,1110,193,3.75
873,2144,car,0.4206,369,363,478,493,3.01
873,2157,person,0.6403,1834,356,1876,470,3.482
873,2184,motorcycle,0.4181,4,907,127,1075,2.687
873,1258,train,0.3352,1150,86,1919,542,3.0
873,2193,person,0.4485,1572,332,1607,439,0.0
873,2087,person,0.3472,0,917,158,1074,2.242
874,1789,car,0.8178,288,481,486,672,2.574
874,2133,car,0.5195,639,398,770,544,3.0
874,1743,bus,0.4465,389,195,504,344,1.904
874,2140,car,0.5399,276,197,357,258,1.25
874,2143,bus,0.5465,1013,49,1110,192,0.791
874,2144,car,0.2958,363,352,481,493,1.275
874,2157,person,0.6477,1832,353,1874,468,0.559
874,2184,motorcycle,0.5352,1,899,129,1074,3.162
874,1258,train,0.4681,1147,83,1919,546,1.953
874,2193,person,0.3697,1571,336,1605,437,1.414
874,2200,person,0.3594,1513,297,1541,378,0.0
875,1789,car,0.8108,287,477,486,670,2.795
875,2133,car,0.5124,637,396,766,540,3.354
875,1743,bus,0.2986,386,192,502,342,2.0
875,2140,car,0.5085,275,199,354,258,1.25
875,2143,bus,0.6521,1009,54,1103,193,2.016
875,2144,car,0.5432,363,348,476,481,3.717
875,2157,person,0.6387,1828,351,1871,468,2.915
875,2184,motorcycle,0.5578,0,896,132,1076,2.795
875,1258,train,0.2782,1141,80,1919,544,0.901
875,2200,person,0.4018,1511,298,1540,382,3.606
875,2208,car,0.3738,291,125,364,181,0.0
875,2090,bus,0.465,337,74,527,341,8.521
875,2181,car,0.4083,926,97,971,130,0.833
876,1789,car,0.6662,285,472,481,663,3.64
876,2133,truck,0.6098,636,391,765,535,3.808
876,1743,bus,0.2616,382,191,498,340,2.85
876,2140,car,0.6673,270,196,352,257,2.062
876,2143,bus,0.5577,1007,53,1101,190,2.55
876,2144,car,0.2577,361,347,474,481,3.363
876,2157,person,0.6482,1823,344,1868,467,3.606
876,2184,motorcycle,0.4495,1,893,136,1078,2.151
876,1258,train,0.3229,1142,81,1919,547,0.559
876,2208,car,0.545,287,120,365,180,3.162
876,2087,person,0.3406,0,891,168,1070,2.298
877,1789,car,0.7291,286,468,481,658,4.43
877,2133,truck,0.5069,632,387,760,530,4.931
877,1743,bus,0.2707,377,192,492,339,3.717
877,2140,car,0.7105,267,193,348,253,2.704
877,2143,truck,0.408,1004,52,1098,190,2.5
877,2144,car,0.3402,362,345,473,474,4.981
877,2157,person,0.4972,1820,351,1863,467,3.64
877,2184,motorcycle,0.5034,8,917,127,1077,1.581
877,1258,train,0.3922,1142,80,1919,547,1.031
877,2208,car,0.4137,283,121,358,179,3.808
877,2181,car,0.3197,923,94,969,128,0.673
878,1789,car,0.6828,285,465,481,656,4.123
878,2133,truck,0.5378,631,384,758,527,4.717
878,1743,truck,0.3709,376,192,492,340,3.092
878,2140,car,0.6599,263,190,344,251,3.691
878,2143,bus,0.444,1005,53,1097,186,2.512
878,2144,car,0.4037,363,342,472,467,4.67
878,2157,person,0.5806,1818,352,1861,468,3.5
878,2184,motorcycle,0.4831,11,925,126,1077,3.824
878,1258,train,0.3502,1139,75,1919,542,1.803
878,2208,car,0.4272,279,120,355,179,3.59
878,2181,car,0.4281,917,87,971,126,0.846
878,2087,person,0.407,0,879,155,1037,5.014
879,1789,car,0.71,287,463,481,653,3.783
879,2133,truck,0.5236,631,382,757,523,4.366
879,1743,truck,0.4335,375,191,491,338,2.85
879,2140,car,0.5943,262,189,343,251,3.606
879,2143,bus,0.4823,1002,54,1094,187,2.136
879,2144,car,0.3757,361,340,466,459,4.039
879,2157,person,0.6502,1817,352,1860,467,2.75
879,1258,train,0.3817,1124,74,1914,544,2.85
879,2208,car,0.3482,275,120,352,179,3.64
879,2181,car,0.396,919,89,970,126,0.728
879,2219,car,0.3978,777,103,844,136,0.0
879,2087,motorcycle,0.4904,0,875,172,1064,6.688
880,1789,car,0.691,287,461,479,650,3.0
880,2133,truck,0.5338,632,381,754,518,3.913
880,1743,truck,0.473,375,190,490,336,2.062
880,2140,car,0.5671,262,189,342,250,2.85
880,2143,bus,0.489,1001,54,1095,187,1.521
880,2144,truck,0.2879,361,339,468,459,3.824
880,2157,person,0.6506,1816,352,1859,467,2.236
880,2208,car,0.2957,273,120,350,179,3.758
880,2181,car,0.3781,920,90,969,125,1.442
880,2219,car,0.3965,779,103,846,136,2.0
880,2087,person,0.4788,0,867,166,1041,5.885
880,2184,motorcycle,0.556,13,920,135,1078,3.053
881,1789,car,0.7508,289,457,482,647,2.795
881,2133,truck,0.4581,633,379,754,514,3.092
881,1743,truck,0.5054,374,190,490,336,0.707
881,2140,car,0.5166,262,188,341,249,1.953
881,2143,bus,0.5273,1000,54,1095,189,1.0
881,2144,car,0.3993,360,339,467,457,2.926
881,2157,person,0.6277,1816,353,1860,468,0.791
881,2208,car,0.2863,271,119,349,179,2.512
881,2181,car,0.4017,920,91,969,126,0.901
881,2219,car,0.3869,779,103,846,136,1.0
881,2087,person,0.3286,0,860,168,1036,6.4
881,2184,motorcycle,0.4111,19,922,139,1077,3.561
881,1258,train,0.3277,1123,72,1915,544,2.506
882,1789,car,0.7204,291,456,481,644,2.61
882,2133,truck,0.4597,632,374,753,509,3.536
882,1743,truck,0.398,372,189,490,337,1.061
882,2140,car,0.5265,260,187,338,248,1.25
882,2143,bus,0.5041,999,53,1096,189,1.118
882,2144,car,0.4497,359,338,466,455,2.358
882,2157,person,0.6359,1815,353,1859,469,0.559
882,2208,car,0.3538,272,120,349,178,1.75
882,2181,car,0.2766,919,93,966,126,0.901
882,2219,car,0.3136,778,103,846,136,0.667
882,2184,motorcycle,0.4225,19,912,146,1075,3.105
882,1258,train,0.3296,1132,73,1919,543,1.414
883,1789,car,0.6858,293,454,481,640,2.85
883,2133,truck,0.4466,631,367,754,506,4.031
883,1743,truck,0.45,372,187,490,335,0.901
883,2140,car,0.5103,260,187,337,247,1.25
883,2143,bus,0.5074,998,53,1096,191,0.559
883,2144,car,0.4025,357,336,467,456,0.791
883,2157,person,0.6381,1815,353,1860,470,0.559
883,2208,car,0.3963,269,119,347,178,1.275
883,2181,car,0.2802,919,94,964,126,1.061
883,2219,car,0.2964,774,102,842,135,0.559
883,2184,motorcycle,0.4471,22,903,155,1074,4.771
883,1258,train,0.3356,1137,74,1919,542,0.2
883,2230,truck,0.3676,999,52,1096,190,0.0
883,2231,car,0.3321,634,376,749,507,0.0
883,2232,car,0.3367,229,101,278,135,0.0
884,1789,car,0.7132,295,453,481,638,2.795
884,2133,truck,0.4153,632,361,757,503,4.257
884,1743,truck,0.4631,373,188,489,333,0.791
884,2140,car,0.4775,261,187,337,247,0.901
884,2143,train,0.3353,997,51,1097,192,0.354
884,2144,truck,0.3183,357,336,469,458,0.559
884,2157,person,0.6508,1815,352,1860,469,0.25
884,2208,car,0.3664,266,119,344,179,1.5
884,2181,car,0.2932,920,95,965,126,0.901
884,2219,car,0.2929,775,103,841,136,1.0
884,2184,motorcycle,0.6356,28,901,161,1073,5.831
884,1258,train,0.2836,1139,77,1919,544,2.01
884,2230,bus,0.5132,998,53,1096,193,2.0
884,2231,car,0.276,634,370,753,505,4.472
884,2232,car,0.389,228,100,280,136,1.0
884,2087,person,0.5145,27,846,176,999,7.211
885,1789,car,0.6841,297,453,480,634,2.372
885,2133,truck,0.4749,632,357,758,500,4.528
885,1743,truck,0.4175,373,188,489,333,0.791
885,2140,car,0.515,261,188,336,247,0.791
885,2143,train,0.306,999,48,1102,193,0.791
885,2144,car,0.4721,355,335,468,457,0.707
885,2157,person,0.7193,1815,353,1859,469,0.354
885,2208,car,0.3739,264,119,343,180,1.75
885,2181,car,0.2568,920,96,964,126,0.901
885,2219,car,0.2957,773,102,838,134,1.768
885,2184,motorcycle,0.6647,31,897,166,1073,5.9
885,2230,bus,0.3045,997,52,1096,193,0.707
885,2232,car,0.3908,228,100,282,137,1.0
885,2087,person,0.4731,32,840,174,989,9.595
886,1789,car,0.6693,297,452,478,632,2.016
886,2133,truck,0.4046,632,354,756,496,4.031
886,1743,bus,0.3579,373,187,489,331,1.0
886,2140,car,0.5271,261,186,337,246,0.25
886,2143,train,0.251,1000,49,1103,193,1.0
886,2144,truck,0.2713,354,334,469,459,0.25
886,2157,person,0.6928,1814,352,1859,470,0.25
886,2208,car,0.4062,264,119,342,179,1.75
886,2219,car,0.2644,772,102,839,135,1.768
886,2184,motorcycle,0.3863,37,896,169,1069,5.927
886,2230,bus,0.3663,998,53,1096,193,0.667
886,2232,car,0.4087,229,100,283,138,1.054
886,2087,person,0.377,38,837,171,978,8.58
886,2200,person,0.3719,1499,286,1531,378,1.083
887,1789,car,0.6727,297,450,477,630,1.75
887,2133,car,0.4617,633,354,755,494,3.041
887,1743,bus,0.3512,372,187,488,331,0.559
887,2140,car,0.5426,260,185,336,245,0.5
887,2144,truck,0.2731,353,332,471,460,0.0
887,2157,person,0.647,1814,352,1859,469,0.354
887,2208,car,0.4343,264,121,340,179,1.581
887,2219,car,0.2931,771,102,839,135,0.75
887,2184,motorcycle,0.5911,41,883,173,1058,6.543
887,2232,car,0.3748,230,100,284,138,1.031
887,2087,person,0.4512,46,832,176,972,8.89
887,2200,person,0.3444,1498,286,1530,378,1.071
887,1258,train,0.2598,1135,75,1919,544,1.344
888,1789,car,0.5939,299,448,479,627,2.016
888,2133,car,0.6467,634,355,753,492,2.264
888,1743,truck,0.4741,372,186,489,330,0.559
888,2140,car,0.5742,259,185,336,246,0.707
888,2144,car,0.346,354,331,469,457,0.901
888,2157,person,0.6731,1814,352,1859,469,0.25
888,2208,car,0.4072,265,122,338,179,1.031
888,2219,car,0.3177,772,102,838,135,0.791
888,2184,motorcycle,0.4352,50,883,173,1045,7.15
888,2232,car,0.3216,230,99,285,138,0.75
888,2087,person,0.2943,55,828,179,964,7.632
888,2200,person,0.2561,1498,287,1530,378,0.995
888,2143,bus,0.5187,998,52,1099,194,0.283
889,1789,car,0.6969,301,446,480,624,2.062
889,2133,car,0.7926,634,354,752,490,1.581
889,1743,truck,0.4204,372,186,488,330,0.559
889,2140,car,0.5427,259,184,337,247,0.5
889,2144,car,0.3114,357,335,465,452,0.75
889,2157,person,0.7007,1813,350,1858,468,0.707
889,2208,car,0.3995,266,123,338,179,0.559
889,2219,car,0.308,771,102,838,135,0.25
889,2184,motorcycle,0.6936,51,875,178,1043,7.632
889,2232,car,0.3164,230,99,285,138,0.5
889,2087,person,0.5212,58,821,182,960,7.353
889,2200,person,0.2589,1498,287,1530,378,0.972
889,2143,bus,0.5408,998,52,1099,192,0.283
890,1789,car,0.6271,301,443,481,623,2.462
890,2133,car,0.7018,636,352,751,485,1.768
890,1743,truck,0.3264,375,189,488,329,0.0
890,2140,car,0.5875,258,181,338,245,0.791
890,2144,car,0.3393,357,334,464,449,1.275
890,2157,person,0.6798,1813,351,1858,469,0.354
890,2208,car,0.3464,265,122,337,178,0.559
890,2184,motorcycle,0.5956,51,859,185,1040,9.062
890,2087,person,0.2829,57,815,189,965,6.374
890,2143,bus,0.5215,996,50,1098,192,0.632
891,1789,car,0.7034,302,442,482,622,2.358
891,2133,car,0.6544,637,351,750,482,2.016
891,1743,truck,0.2799,375,189,488,327,0.354
891,2140,car,0.6146,257,180,338,246,0.559
891,2144,car,0.3431,358,334,464,448,1.275
891,2157,person,0.6934,1813,351,1858,469,0.25
891,2208,car,0.3923,263,121,336,178,0.791
891,2184,motorcycle,0.5028,50,838,192,1034,9.192
891,2087,person,0.3113,47,812,200,992,3.0
891,2143,bus,0.6505,996,52,1097,193,1.02
891,2219,car,0.2579,769,102,836,135,0.6
892,1789,car,0.5856,304,442,480,618,1.904
892,2133,car,0.6192,637,350,749,479,2.25
892,1743,truck,0.3744,373,187,487,327,0.25
892,2140,car,0.6272,257,180,338,246,0.5
892,2144,car,0.364,358,336,463,447,0.791
892,2157,person,0.6896,1813,350,1858,470,0.25
892,2208,car,0.3854,263,121,337,179,0.25
892,2184,motorcycle,0.4607,52,816,202,1027,11.47
892,2087,person,0.3943,47,807,209,1004,3.553
892,2143,bus,0.6874,997,54,1097,194,0.354
892,2219,car,0.2654,769,102,836,135,0.6
893,1789,car,0.6188,307,440,479,612,2.372
893,2133,car,0.5121,638,350,746,475,2.512
893,1743,truck,0.3277,372,186,487,326,0.559
893,2140,car,0.5951,257,179,337,244,1.031
893,2144,car,0.3159,358,335,465,448,0.5
893,2157,person,0.6933,1813,350,1858,469,0.0
893,2208,car,0.3204,262,120,336,178,0.901
893,2184,motorcycle,0.3866,60,816,201,1019,11.236
893,2087,person,0.3179,50,803,214,1009,5.0
893,2143,bus,0.6891,997,55,1097,194,0.559
893,2219,car,0.2718,769,102,837,135,0.4
893,2185,bus,0.4362,351,68,460,248,1.045
894,1789,car,0.7355,310,440,480,609,2.462
894,2133,car,0.5666,639,349,746,473,1.768
894,1743,bus,0.3209,373,187,487,326,0.791
894,2140,car,0.5874,258,179,336,243,0.559
894,2144,car,0.3885,355,331,469,451,0.5
894,2157,person,0.7425,1813,350,1858,469,0.25
894,2208,car,0.3527,261,119,335,178,0.901
894,2184,motorcycle,0.4063,73,834,197,1012,7.766
894,2143,bus,0.7243,998,56,1097,195,1.0
894,2219,car,0.261,769,102,838,135,0.2
894,2185,bus,0.4444,351,67,460,247,1.001
894,2200,person,0.2853,1498,286,1530,376,0.177
895,1789,car,0.6105,311,437,482,606,2.926
895,2133,car,0.4621,640,343,748,467,2.761
895,1743,bus,0.4972,370,183,487,325,1.25
895,2140,car,0.5458,259,180,335,242,0.5
895,2144,car,0.3402,358,329,468,445,1.118
895,2157,person,0.664,1813,350,1858,470,0.0
895,2184,motorcycle,0.6567,81,839,197,1006,5.701
895,2143,bus,0.7145,999,57,1098,195,1.118
895,2219,car,0.2576,769,103,838,136,0.354
895,2185,bus,0.4376,352,67,457,241,1.014
895,2087,person,0.5471,82,792,204,947,5.8
896,1789,car,0.6811,310,437,482,607,2.236
896,2133,car,0.5052,639,340,747,464,3.0
896,1743,bus,0.6502,369,182,487,325,1.118
896,2140,car,0.5492,260,179,335,241,0.75
896,2144,car,0.3906,360,328,465,438,2.062
896,2157,person,0.7287,1813,351,1858,470,0.0
896,2184,motorcycle,0.6219,86,843,197,1003,3.536
896,2143,bus,0.761,1000,57,1099,195,0.707
896,2219,car,0.2613,771,103,837,135,0.559
896,2185,bus,0.5027,351,67,456,240,1.02
896,2260,truck,0.3186,369,182,489,325,0.0
896,2087,person,0.6333,91,789,203,932,9.675
896,2208,car,0.3241,257,120,330,178,1.2
897,1789,car,0.6929,311,435,483,605,1.803
897,2133,car,0.7214,639,338,747,463,3.01
897,1743,bus,0.5729,369,182,486,323,1.118
897,2140,car,0.5697,260,179,335,240,0.5
897,2144,car,0.2869,361,325,468,437,2.61
897,2157,person,0.7197,1814,351,1859,470,0.354
897,2184,motorcycle,0.6167,90,842,199,999,3.579
897,2143,bus,0.6829,1000,57,1100,196,0.901
897,2219,car,0.2646,770,103,837,135,0.25
897,2185,bus,0.4744,352,67,456,239,1.275
897,2260,truck,0.3479,370,183,489,325,1.0
897,2087,person,0.3864,99,785,201,916,11.847
897,2208,car,0.3442,261,121,329,176,1.077
898,1789,car,0.6843,311,434,482,603,1.521
898,2133,car,0.7224,640,336,747,459,3.509
898,1743,bus,0.3653,370,182,486,322,1.118
898,2140,car,0.5261,260,180,335,242,0.0
898,2144,car,0.4076,362,325,467,435,2.795
898,2157,person,0.7475,1813,351,1858,470,0.25
898,2184,motorcycle,0.6101,94,833,204,993,4.301
898,2143,bus,0.7085,998,57,1098,197,0.559
898,2219,car,0.2642,771,103,838,135,0.354
898,2185,bus,0.4302,353,67,457,239,1.0
898,2087,person,0.4976,101,780,204,912,12.649
899,1789,car,0.6827,312,433,484,603,0.901
899,2133,car,0.7204,640,334,746,456,2.512
899,1743,bus,0.4059,370,181,486,320,1.0
899,2140,car,0.5038,259,180,335,243,0.0
899,2144,truck,0.2509,361,322,471,436,2.136
899,2157,person,0.7137,1813,351,1858,469,0.0
899,2184,motorcycle,0.7056,99,832,205,984,4.776
899,2143,bus,0.7099,998,56,1099,197,0.0
899,2219,car,0.2649,772,104,839,136,0.559
899,2185,bus,0.3706,352,67,456,240,0.25
899,2087,person,0.4517,102,776,207,912,6.828
899,2208,car,0.2932,262,122,329,177,0.667
900,1789,car,0.6914,312,432,482,600,1.521
900,2133,car,0.7336,640,333,745,454,2.264
900,1743,bus,0.4871,370,181,486,320,0.75
900,2140,car,0.4875,258,178,337,243,0.0
900,2157,person,0.6985,1814,352,1858,469,0.25
900,2184,motorcycle,0.5448,100,821,211,981,6.519
900,2143,bus,0.7344,997,56,1098,198,0.559
900,2185,bus,0.4245,350,67,455,241,0.354
900,2266,car,0.3437,86,102,163,151,0.0
900,2208,car,0.2639,262,121,328,176,0.5
901,1789,car,0.6445,311,429,483,600,1.5
901,2133,car,0.6136,641,332,746,453,2.0
901,1743,bus,0.5818,370,181,486,320,0.559
901,2140,car,0.4222,257,178,336,244,0.559
901,2157,person,0.6751,1814,351,1858,468,0.25
901,2184,motorcycle,0.5984,104,819,214,978,6.657
901,2143,bus,0.7382,996,55,1098,198,0.75
901,2185,bus,0.3938,350,66,454,239,0.559
901,2266,car,0.3357,88,101,166,151,3.0
901,2208,car,0.355,262,122,326,176,0.2
901,2144,car,0.3951,361,320,471,435,1.442
902,1789,car,0.5241,313,427,484,598,1.581
902,2133,car,0.6698,642,330,746,450,1.768
902,1743,bus,0.5275,369,180,486,320,0.559
902,2140,car,0.5137,259,177,333,239,0.791
902,2157,person,0.658,1814,351,1859,469,0.25
902,2184,motorcycle,0.5679,104,797,223,972,8.051
902,2143,bus,0.7327,996,54,1098,197,0.559
902,2185,bus,0.3948,354,68,453,231,1.118
902,2266,car,0.3751,86,101,161,149,0.707
902,2208,car,0.4155,260,122,322,174,0.8
902,2144,car,0.4024,360,319,470,434,1.02
902,2219,car,0.2728,774,105,839,136,0.373
902,2087,person,0.3301,121,771,213,888,6.149
903,1789,car,0.5319,315,427,482,594,2.0
903,2133,car,0.7599,642,326,746,446,2.264
903,1743,bus,0.5067,369,180,487,321,0.0
903,2140,car,0.5237,259,176,331,236,1.346
903,2157,person,0.6582,1814,351,1859,470,0.25
903,2184,motorcycle,0.6345,112,805,221,966,6.731
903,2143,bus,0.6898,996,55,1098,198,0.25
903,2185,bus,0.41,354,68,453,231,1.031
903,2266,car,0.3261,86,99,163,148,1.0
903,2208,car,0.4191,260,123,320,175,1.25
903,2144,car,0.3477,360,318,471,434,0.825
903,2219,car,0.2616,773,105,838,136,0.373
903,2087,person,0.5114,123,767,213,881,5.27
904,1789,car,0.5585,317,424,483,590,2.372
904,2133,car,0.6753,643,324,747,444,2.372
904,1743,bus,0.5111,369,180,487,321,0.0
904,2140,car,0.5602,259,175,330,234,1.677
904,2157,person,0.6678,1814,351,1859,469,0.0
904,2184,motorcycle,0.4459,115,797,224,960,6.731
904,2143,bus,0.6506,998,55,1099,197,0.354
904,2185,bus,0.4587,353,68,453,233,1.031
904,2266,car,0.3005,84,98,163,149,0.791
904,2208,car,0.4207,262,125,319,175,1.346
904,2144,car,0.2797,359,318,469,434,0.721
904,2219,car,0.263,773,105,838,136,0.236
904,2087,person,0.3008,126,762,222,883,5.426
905,1789,car,0.6358,319,423,483,588,2.462
905,2133,car,0.7433,643,324,745,442,2.264
905,1743,bus,0.4188,369,179,488,321,0.0
905,2140,car,0.5238,259,177,328,234,1.677
905,2157,person,0.718,1814,352,1859,470,0.5
905,2184,motorcycle,0.4455,117,779,228,946,9.569
905,2143,bus,0.5969,998,56,1099,197,0.25
905,2185,bus,0.337,353,69,454,235,0.25
905,2266,car,0.343,84,99,161,149,1.346
905,2208,car,0.4182,261,124,318,174,1.25
905,2144,car,0.6094,360,317,469,432,0.901
905,2087,person,0.2701,127,758,222,878,5.467
906,1789,car,0.5717,319,422,483,587,2.136
906,2133,car,0.7285,642,320,745,440,2.512
906,2140,car,0.5459,259,175,330,233,1.118
906,2157,person,0.6774,1814,352,1858,469,0.0
906,2184,motorcycle,0.5114,125,787,226,938,6.265
906,2143,bus,0.5637,998,57,1099,198,0.559
906,2266,car,0.3322,91,101,162,148,0.791
906,2208,car,0.3127,259,123,315,173,1.0
906,2144,car,0.4885,360,317,468,431,0.559
906,2087,person,0.3169,135,749,220,855,7.198
907,1789,car,0.6262,320,422,484,588,1.601
907,2133,car,0.7516,642,318,743,436,2.305
907,2140,car,0.4812,258,175,329,232,0.901
907,2157,person,0.652,1814,354,1858,469,0.25
907,2184,motorcycle,0.6299,131,795,224,932,6.149
907,2143,bus,0.4871,998,57,1099,199,0.559
907,2266,car,0.2977,90,103,160,149,0.791
907,2208,car,0.2679,257,123,314,174,1.275
907,2144,car,0.2807,359,317,468,433,0.559
907,2087,person,0.4142,144,741,221,834,9.89
907,1743,bus,0.3039,369,180,484,318,0.283
908,1789,car,0.6676,320,416,486,584,1.904
908,2133,car,0.7467,644,316,743,432,2.55
908,2140,car,0.5607,259,175,328,231,0.354
908,2157,person,0.5144,1812,348,1857,466,0.901
908,2184,motorcycle,0.4895,136,799,225,929,4.451
908,2143,bus,0.46,997,53,1102,199,0.25
908,2266,car,0.2897,95,105,159,148,1.25
908,2208,car,0.2826,254,124,310,174,2.016
908,2144,car,0.3813,359,314,468,429,1.275
908,2087,person,0.4891,142,736,231,844,8.544
908,2276,person,0.3597,1242,159,1268,230,0.0
908,1743,bus,0.4606,369,177,487,318,0.6
908,2200,person,0.3017,1497,285,1530,376,0.106
908,2219,car,0.2555,773,105,838,136,0.0
908,2185,bus,0.36,358,70,449,216,1.0
909,1789,car,0.5658,321,414,485,580,2.062
909,2133,car,0.6934,643,312,742,427,3.536
909,2140,car,0.5185,256,175,326,231,0.707
909,2157,person,0.6138,1812,354,1855,466,0.791
909,2184,motorcycle,0.5382,137,794,229,928,2.761
909,2143,bus,0.4113,995,47,1104,200,0.791
909,2266,car,0.3287,88,104,155,148,0.559
909,2144,car,0.6539,360,314,470,430,0.559
909,2276,person,0.2685,1241,158,1267,230,1.0
909,1743,truck,0.3131,368,174,486,316,1.02
909,2200,person,0.4568,1497,284,1530,375,0.151
909,2219,car,0.3106,772,104,836,134,0.319
910,1789,car,0.6993,320,411,485,580,2.264
910,2133,car,0.7201,643,310,741,424,3.26
910,2140,car,0.4986,256,175,326,231,0.791
910,2157,person,0.4481,1811,346,1857,465,1.346
910,2184,motorcycle,0.4721,145,802,231,925,3.26
910,2143,bus,0.4864,995,48,1104,200,0.791
910,2266,car,0.3717,87,104,154,148,1.581
910,2144,truck,0.3121,360,314,466,426,1.031
910,2276,person,0.3547,1240,156,1266,229,1.414
910,1743,bus,0.3945,368,174,485,314,1.265
910,2200,person,0.2534,1497,284,1531,375,0.143
910,2219,car,0.2809,770,104,835,135,0.452
910,2087,person,0.6291,143,729,238,845,6.977
910,2185,bus,0.3531,351,69,451,229,0.286
911,1789,car,0.5104,321,407,487,578,3.288
911,2133,car,0.6547,646,311,742,422,2.795
911,2140,car,0.4801,258,175,327,230,0.354
911,2157,person,0.459,1812,348,1858,467,1.031
911,2184,motorcycle,0.4112,147,789,239,922,4.472
911,2143,bus,0.3241,997,47,1108,201,1.414
911,2266,car,0.4298,85,105,152,149,1.768
911,2144,truck,0.2742,360,312,468,425,1.768
911,2276,person,0.3681,1239,158,1265,231,1.0
911,1743,bus,0.4473,369,174,487,315,1.346
911,2200,person,0.441,1497,284,1530,374,0.132
911,2219,car,0.2954,772,104,836,134,0.202
911,2087,person,0.653,144,727,245,851,4.28
911,2185,bus,0.3244,356,69,449,216,1.152
911,1258,train,0.3436,1146,82,1916,541,0.231
911,2208,car,0.2605,247,121,304,171,2.386
912,1789,car,0.7557,329,409,491,576,2.658
912,2133,car,0.7503,650,308,748,421,2.915
912,2140,car,0.614,261,174,331,230,0.791
912,2157,person,0.4922,1820,346,1865,464,2.062
912,2184,motorcycle,0.519,154,766,258,918,8.515
912,2143,bus,0.4512,998,43,1111,201,1.601
912,2266,car,0.3627,94,105,160,148,0.0
912,2144,car,0.342,367,313,473,424,1.904
912,1743,bus,0.3669,375,173,491,313,1.601
912,2219,car,0.3154,775,102,843,134,1.118
912,2087,person,0.3237,158,724,252,839,4.754
912,1258,train,0.4107,1147,80,1919,543,0.201
913,1789,car,0.4998,344,407,503,572,5.385
913,2133,car,0.7475,664,307,760,417,5.297
913,2140,car,0.5492,274,173,344,228,4.562
913,2184,motorcycle,0.7118,173,767,270,909,11.105
913,2143,bus,0.4795,1012,48,1122,200,4.507
913,2266,car,0.4818,108,105,174,148,5.0
913,2144,car,0.3652,379,310,490,426,4.854
913,1743,truck,0.3404,388,173,505,314,4.776
913,2087,person,0.4362,178,719,271,833,8.099
913,2185,bus,0.4039,372,70,468,221,2.298
914,1789,car,0.6809,368,406,521,565,10.794
914,2133,car,0.7464,683,305,778,415,9.66
914,2140,car,0.5975,293,173,363,228,9.28
914,2184,motorcycle,0.5151,195,754,297,904,16.808
914,2143,bus,0.7104,1032,50,1141,201,9.253
914,2144,car,0.5032,402,309,506,418,10.398
914,1743,bus,0.3302,406,172,523,314,9.503
914,2087,person,0.4991,201,713,294,827,14.87
915,1789,car,0.4522,395,405,543,559,16.441
915,2133,car,0.7366,708,304,801,410,15.168
915,2140,car,0.6434,316,172,386,226,14.769
915,2184,motorcycle,0.5109,226,758,320,896,21.19
915,2143,bus,0.6235,1056,50,1165,200,14.502
915,1743,truck,0.3651,431,171,547,311,15.268
915,2087,person,0.6402,228,707,320,819,21.03
916,1789,car,0.7008,423,402,572,557,21.991
916,2133,car,0.7581,736,301,829,407,20.9
916,2184,motorcycle,0.6443,259,749,351,885,25.527
916,2143,bus,0.7465,1083,52,1192,201,20.774
916,2087,person,0.5661,255,700,353,823,25.25
917,1789,car,0.6324,453,399,603,556,26.421
917,2133,car,0.7422,765,297,858,403,24.931
917,2184,motorcycle,0.6507,292,743,383,879,29.775
917,2143,bus,0.6558,1117,50,1226,199,26.0
917,2087,person,0.6055,291,694,383,808,28.933
917,2101,person,0.436,151,427,197,522,0.137
917,2232,car,0.5203,225,103,282,143,0.161
918,1789,car,0.6951,475,399,623,554,26.346
918,2133,car,0.6178,787,295,880,401,25.924
918,2184,motorcycle,0.4969,316,737,405,870,29.232
918,2143,bus,0.6828,1138,50,1247,200,26.5
918,2087,person,0.634,303,687,416,832,28.135
918,2320,car,0.4949,399,169,473,221,0.0
919,1789,car,0.5666,486,398,633,553,22.568
919,2133,car,0.6737,799,294,892,399,22.916
919,2184,motorcycle,0.5118,326,724,419,864,26.089
919,2143,bus,0.5092,1153,54,1260,199,24.001
919,2087,person,0.5099,323,684,421,810,24.824
919,2320,car,0.5564,407,170,479,221,7.0
919,2329,car,0.4602,256,104,304,142,0.0
920,1789,car,0.5755,491,395,637,549,16.841
920,2133,car,0.5689,803,294,894,398,16.621
920,2143,bus,0.4103,1156,56,1264,202,18.265
920,2087,person,0.5578,333,684,422,797,18.99
920,2320,car,0.5747,410,169,482,220,5.025
920,2329,car,0.3134,255,102,308,144,1.0
920,2335,person,0.4048,1659,288,1687,375,0.0
920,2336,truck,0.4151,1148,57,1262,203,0.0
920,2337,car,0.3793,525,304,618,397,0.0
921,1789,car,0.5107,495,396,640,548,9.83
921,2133,car,0.6198,804,292,895,394,9.66
921,2087,person,0.5805,340,683,424,789,11.859
921,2320,car,0.5165,411,170,482,220,3.333
921,2329,car,0.286,255,101,309,143,1.118
921,2335,person,0.4768,1659,287,1688,376,0.0
921,2336,truck,0.4688,1149,56,1263,202,1.414
921,2337,car,0.3551,522,301,621,400,0.0
921,2344,bus,0.3208,499,61,608,209,0.0
921,2347,person,0.3516,1711,311,1753,434,0.0
921,2348,motorcycle,0.4303,340,742,419,860,0.0
922,1789,car,0.6149,497,395,643,548,5.397
922,2133,car,0.7084,803,289,895,392,4.472
922,2087,person,0.489,342,679,425,783,9.22
922,2320,car,0.5701,410,169,481,219,2.264
922,2329,car,0.3083,255,103,307,144,0.333
922,2335,person,0.4304,1659,287,1688,376,0.0
922,2336,truck,0.3798,1150,58,1263,202,0.5
922,2337,car,0.3221,523,298,621,397,1.581
922,2344,bus,0.3066,499,60,608,208,1.0
922,2348,motorcycle,0.3164,339,731,421,854,9.055
922,2350,person,0.3327,173,431,220,524,0.0
922,2143,bus,0.3581,1159,59,1266,203,8.319
923,1789,car,0.6193,498,396,641,546,2.693
923,2133,car,0.689,801,284,895,390,2.372
923,2087,person,0.44,333,672,438,807,3.816
923,2320,car,0.547,409,169,479,219,0.354
923,2329,car,0.5681,254,102,305,142,0.354
923,2335,person,0.6366,1660,284,1690,375,0.943
923,2336,bus,0.5538,1152,57,1265,202,1.054
923,2344,bus,0.3139,496,57,611,213,0.0
923,2350,person,0.4655,173,428,221,523,2.236
923,2352,bus,0.3943,531,162,637,300,0.0
924,1789,car,0.6228,498,397,636,541,1.061
924,2133,car,0.6846,801,283,895,390,2.5
924,2087,person,0.5353,343,669,435,786,4.423
924,2320,car,0.5487,409,169,479,219,0.5
924,2329,car,0.3979,252,100,306,143,0.707
924,2335,person,0.6513,1659,286,1689,377,0.25
924,2336,bus,0.4439,1150,57,1266,207,0.901
924,2344,bus,0.2619,497,59,609,211,0.0
924,2350,person,0.2877,173,429,221,523,0.707
924,2355,car,0.3501,921,100,991,131,0.0
924,2348,motorcycle,0.3162,351,735,425,846,4.738
925,1789,car,0.635,499,397,637,541,0.791
925,2133,car,0.6724,800,282,892,387,2.372
925,2087,person,0.4051,337,668,441,803,1.768
925,2320,car,0.4499,407,169,477,219,1.031
925,2329,car,0.4597,254,102,303,141,1.031
925,2335,person,0.483,1658,288,1687,378,0.559
925,2336,bus,0.446,1151,58,1266,206,0.901
925,2344,bus,0.3078,497,59,612,216,0.559
925,2355,car,0.3111,920,100,989,131,2.0
925,2357,truck,0.3324,1155,57,1264,205,0.0
925,2348,motorcycle,0.2799,349,726,428,845,4.589
925,2347,person,0.4464,1712,309,1755,435,0.25
925,2352,bus,0.4097,530,162,636,300,0.5
926,1789,car,0.6243,496,399,631,540,1.82
926,2133,car,0.4798,798,280,890,385,2.358
926,2087,person,0.5029,343,662,435,780,2.915
926,2320,car,0.4462,404,167,474,217,1.581
926,2329,car,0.3857,249,103,300,144,1.75
926,2336,bus,0.6785,1148,56,1264,206,0.25
926,2344,truck,0.2612,488,59,610,226,2.236
926,2348,motorcycle,0.3276,340,702,431,839,6.315
926,2352,bus,0.3408,529,162,635,299,0.745
927,1789,car,0.7572,493,401,626,539,2.512
927,2133,car,0.6278,795,277,887,382,2.658
927,2320,car,0.4411,400,168,473,220,2.0
927,2329,car,0.5101,245,102,299,145,1.768
927,2336,bus,0.604,1143,55,1261,208,1.581
927,2344,bus,0.3817,484,60,604,225,2.85
927,2348,person,0.5509,331,670,437,832,8.239
927,2352,bus,0.4059,524,163,629,299,2.0
927,2350,person,0.514,164,431,210,521,1.811
927,2335,person,0.3468,1653,287,1682,375,1.2
928,1789,car,0.5195,485,391,627,538,3.021
928,2133,car,0.7805,791,276,882,379,3.75
928,2329,car,0.6125,241,100,293,143,3.0
928,2336,bus,0.6495,1140,56,1257,207,2.512
928,2344,bus,0.3633,481,58,599,220,3.4
928,2348,person,0.5329,330,658,436,822,12.562
928,2352,bus,0.2617,520,159,627,297,2.28
928,2350,person,0.4926,159,429,205,522,2.357
928,2335,person,0.4054,1648,287,1677,374,2.608
928,2140,car,0.3976,388,168,459,222,7.95
928,2355,car,0.2929,914,102,979,131,2.512
929,1789,car,0.4863,476,386,619,535,5.712
929,2133,car,0.76,780,271,872,376,5.706
929,2336,bus,0.8217,1132,50,1250,204,4.43
929,2344,bus,0.536,471,55,590,220,6.0
929,2352,bus,0.5255,511,158,617,294,4.912
929,2335,person,0.5543,1638,286,1667,374,4.405
929,2101,person,0.2715,149,428,195,522,0.112
929,2232,car,0.4209,227,103,278,140,0.128
930,1789,car,0.5805,468,384,609,531,6.933
930,2133,car,0.6865,771,268,863,373,7.387
930,2336,bus,0.637,1124,53,1240,205,6.021
930,2344,bus,0.713,458,53,580,222,7.603
930,2352,bus,0.5292,502,158,608,294,6.824
930,2368,motorcycle,0.4139,331,728,406,821,0.0
930,2369,car,0.4374,365,162,442,218,0.0
930,2101,person,0.352,142,428,187,520,0.198
930,2232,car,0.44,220,100,272,140,0.266
930,2348,person,0.5102,325,647,420,796,13.194
931,1789,car,0.6256,464,387,601,531,7.289
931,2133,car,0.6268,767,264,860,370,7.616
931,2336,bus,0.7231,1119,51,1235,204,6.329
931,2344,bus,0.6668,456,53,574,218,7.458
931,2352,bus,0.3571,499,160,602,292,6.619
931,2368,motorcycle,0.3206,324,706,413,816,13.0
931,2369,car,0.3483,361,162,441,220,2.236
931,2232,car,0.4555,219,100,269,139,0.31
931,2374,person,0.4209,1353,158,1380,226,0.0
931,2375,person,0.4215,1399,168,1431,233,0.0
931,2348,person,0.4642,323,642,417,791,11.209
931,2335,person,0.5864,1625,286,1654,372,5.54
932,1789,car,0.6559,463,389,597,529,6.619
932,2133,car,0.6749,764,265,855,370,7.198
932,2336,bus,0.6561,1116,51,1233,204,6.083
932,2344,bus,0.4657,455,52,570,213,7.215
932,2352,bus,0.2517,495,161,599,293,6.505
932,2368,motorcycle,0.356,317,670,422,801,19.506
932,2369,car,0.4115,361,164,437,219,2.062
932,2232,car,0.321,215,99,266,139,0.907
932,2348,person,0.596,321,638,416,790,8.062
932,2335,person,0.4629,1621,284,1650,371,6.45
932,2144,car,0.3976,487,300,582,398,5.785
932,2101,person,0.412,136,429,181,522,0.258
933,1789,car,0.382,463,391,597,530,4.25
933,2133,car,0.6655,759,258,854,368,5.59
933,2336,bus,0.6764,1114,51,1231,205,4.757
933,2344,bus,0.3286,455,58,567,214,4.757
933,2352,bus,0.3909,493,161,597,292,4.75
933,2368,motorcycle,0.4654,316,662,423,797,15.004
933,2369,car,0.3803,348,163,439,230,3.887
933,2232,car,0.283,212,98,263,140,3.783
933,2348,person,0.3942,330,635,408,758,9.235
933,2335,person,0.3656,1618,283,1648,373,5.814
933,2379,car,0.4045,1059,74,1107,111,0.0
933,2380,motorcycle,0.4195,332,730,404,809,0.0
933,2101,person,0.2643,133,430,177,521,1.189
933,2374,person,0.3535,1348,158,1375,225,2.55
934,1789,car,0.5301,462,385,597,525,2.305
934,2133,car,0.7852,759,258,853,367,3.4
934,2336,bus,0.6382,1113,51,1230,205,2.761
934,2352,bus,0.4036,492,159,597,290,2.795
934,2368,motorcycle,0.4567,320,663,425,797,11.045
934,2369,car,0.3338,352,163,434,223,2.61
934,2232,car,0.3305,212,97,261,139,2.55
934,2348,person,0.4429,337,630,407,738,9.25
934,2335,person,0.349,1617,284,1646,372,4.219
934,2379,car,0.3483,1061,75,1108,111,1.414
934,2101,person,0.3255,136,427,176,507,3.578
934,2382,car,0.3389,1029,79,1095,116,0.0
934,2374,person,0.4039,1348,158,1374,224,1.7
934,2375,person,0.3257,1391,159,1428,233,2.404
934,2144,car,0.2794,486,300,585,401,5.291
935,1789,car,0.5409,464,386,596,523,1.346
935,2133,car,0.8061,758,257,850,365,2.704
935,2336,bus,0.7219,1112,53,1230,208,1.677
935,2352,bus,0.3974,490,160,596,291,1.768
935,2368,motorcycle,0.4636,324,661,425,792,8.878
935,2369,car,0.3816,351,163,431,221,2.512
935,2348,person,0.4932,341,628,407,729,9.552
935,2335,person,0.4357,1617,282,1647,372,1.82
935,2379,car,0.4721,1058,74,1109,113,0.5
935,2374,person,0.3487,1347,157,1374,224,1.581
935,2375,person,0.3068,1390,159,1427,234,2.016
935,2344,bus,0.3763,457,57,565,208,1.887
936,1789,car,0.6251,466,389,593,520,1.275
936,2133,car,0.7969,759,258,848,362,2.305
936,2336,bus,0.7504,1112,52,1230,208,1.061
936,2352,bus,0.4266,491,159,597,291,0.901
936,2368,motorcycle,0.3323,321,640,434,788,5.618
936,2369,car,0.3425,351,162,431,219,2.016
936,2348,person,0.5135,345,625,411,723,10.308
936,2335,person,0.3844,1617,281,1647,372,0.791
936,2379,car,0.3514,1060,73,1110,111,0.667
936,2374,person,0.3635,1346,158,1372,223,1.456
936,2344,bus,0.3163,456,56,562,202,1.697
936,2380,motorcycle,0.3994,337,709,416,795,6.263
936,2232,car,0.3532,211,99,256,137,2.209
936,2382,car,0.411,1030,79,1095,115,0.0
937,1789,car,0.6554,466,385,593,515,2.512
937,2133,car,0.7934,759,256,848,360,1.458
937,2336,bus,0.7605,1112,52,1230,207,0.354
937,2352,bus,0.404,491,159,597,290,0.559
937,2369,car,0.3716,346,162,431,223,1.601
937,2348,person,0.423,346,622,410,715,7.353
937,2335,person,0.29,1617,282,1647,371,0.559
937,2379,car,0.4056,1057,73,1108,112,0.25
937,2374,person,0.3402,1345,158,1370,222,1.031
937,2344,bus,0.3192,453,55,562,204,1.166
937,2390,truck,0.3508,490,161,602,290,0.0
937,2380,motorcycle,0.5333,330,681,427,789,8.86
937,2232,car,0.2963,212,101,254,137,1.4
937,2382,car,0.3691,1030,78,1098,116,0.667
938,1789,car,0.6938,467,387,592,514,1.25
938,2133,car,0.811,759,255,847,358,1.677
938,2336,bus,0.8171,1112,52,1230,208,0.5
938,2352,bus,0.3911,492,158,599,290,0.25
938,2369,car,0.4311,347,160,430,220,1.458
938,2348,person,0.4984,348,619,410,709,5.297
938,2335,person,0.3228,1617,282,1647,371,0.559
938,2374,person,0.3949,1345,158,1371,224,0.75
938,2344,bus,0.4678,452,52,561,200,2.236
938,2390,truck,0.4072,489,160,603,292,1.0
938,2380,motorcycle,0.4413,327,666,433,786,8.929
938,2232,car,0.387,208,102,250,136,1.6
938,2382,car,0.3,1029,80,1092,116,0.559
938,2350,person,0.3312,133,428,178,518,2.803
938,2375,person,0.362,1389,164,1423,233,1.317
939,1789,car,0.5957,467,387,593,514,1.0
939,2133,car,0.8533,759,255,845,356,1.581
939,2336,bus,0.7571,1112,53,1231,210,0.25
939,2352,bus,0.5065,491,158,599,291,0.559
939,2369,car,0.4277,343,157,427,218,1.953
939,2348,person,0.383,348,619,411,708,3.953
939,2335,person,0.4545,1616,280,1647,371,0.559
939,2374,person,0.3396,1344,158,1370,224,0.791
939,2344,bus,0.5678,448,53,564,212,1.25
939,2390,truck,0.3021,489,158,602,289,1.118
939,2380,motorcycle,0.5385,322,643,442,782,9.782
939,2232,car,0.3562,208,101,251,136,1.4
939,2382,car,0.3718,1027,78,1093,115,0.447
939,2375,person,0.2774,1389,166,1422,233,1.256
939,2379,car,0.3299,1057,74,1106,112,0.6
940,1789,car,0.6156,461,381,592,514,1.904
940,2133,car,0.7075,757,254,841,352,2.016
940,2336,bus,0.7194,1111,52,1230,209,0.25
940,2352,bus,0.4625,487,154,595,286,1.458
940,2369,car,0.3984,343,156,423,214,2.358
940,2348,person,0.4499,348,615,411,704,3.758
940,2335,person,0.4094,1614,279,1645,371,0.791
940,2380,motorcycle,0.442,324,639,440,776,11.35
940,2232,car,0.3517,206,100,249,136,1.5
940,2382,car,0.3106,1032,81,1093,115,0.25
940,2375,person,0.3345,1387,165,1421,234,0.972
940,2350,person,0.3236,126,425,174,521,2.943
941,1789,car,0.4708,461,381,591,512,1.25
941,2133,car,0.713,757,252,840,348,2.358
941,2336,bus,0.6734,1111,52,1229,208,0.354
941,2352,bus,0.3895,486,153,594,286,1.601
941,2369,car,0.3985,345,155,422,211,2.574
941,2348,person,0.3924,349,612,413,701,3.092
941,2380,motorcycle,0.5975,330,642,438,771,7.404
941,2232,car,0.3288,204,102,247,138,2.016
941,2382,car,0.2873,1033,82,1090,114,0.791
941,2395,car,0.3876,478,280,576,379,0.0
941,2350,person,0.3101,126,424,174,521,2.658
942,1789,car,0.4922,459,380,588,510,1.953
942,2133,car,0.7258,756,251,838,346,2.5
942,2336,bus,0.5348,1108,51,1228,208,0.791
942,2352,truck,0.3047,486,152,594,284,1.953
942,2369,car,0.3969,347,153,423,209,2.372
942,2348,person,0.501,349,606,417,699,3.162
942,2380,motorcycle,0.5054,333,645,434,769,4.809
942,2232,car,0.3279,204,101,246,137,1.0
942,2350,person,0.2733,125,424,173,521,2.367
942,2344,truck,0.284,445,51,561,209,1.014
942,2335,person,0.3678,1612,279,1643,371,1.02
942,2375,person,0.2756,1385,164,1419,233,0.904
943,1789,car,0.4322,455,371,591,509,3.052
943,2133,car,0.7735,753,249,836,344,3.01
943,2336,bus,0.569,1105,50,1226,208,1.581
943,2369,car,0.3456,342,153,420,210,1.803
943,2348,person,0.5325,346,598,419,699,3.824
943,2380,motorcycle,0.4397,335,641,433,764,2.55
943,2232,car,0.4059,204,99,250,137,0.5
943,2350,person,0.4238,120,421,169,521,2.236
943,2344,truck,0.2546,436,49,557,215,1.9
943,1258,train,0.3214,1268,71,1897,439,1.295
943,2395,car,0.2703,481,287,566,372,2.0
944,1789,car,0.6451,454,370,590,508,2.236
944,2133,car,0.6942,751,247,834,342,2.85
944,2336,bus,0.5898,1104,50,1226,210,1.25
944,2369,car,0.324,341,153,418,210,1.414
944,2348,person,0.5254,348,594,422,695,4.039
944,2380,motorcycle,0.4481,341,644,434,762,1.601
944,2232,car,0.3018,205,99,252,137,0.25
944,2350,person,0.3064,119,420,168,521,1.904
944,2398,person,0.4171,1663,310,1704,426,0.0
944,1258,train,0.2849,1264,67,1902,440,1.389
944,2395,car,0.4654,480,281,567,368,2.134
945,1789,car,0.505,451,363,591,507,3.021
945,2133,car,0.7524,751,243,834,339,2.704
945,2336,bus,0.5249,1103,50,1225,210,1.5
945,2369,car,0.4191,339,152,416,209,1.677
945,2348,person,0.7267,340,590,431,718,1.118
945,2350,person,0.4862,119,420,167,520,1.82
945,2398,person,0.2652,1663,310,1703,425,1.0
945,1258,train,0.3908,1253,63,1892,440,2.137
945,2395,car,0.3709,478,280,568,370,1.414
945,2382,car,0.3404,1025,75,1089,112,0.833
945,2352,truck,0.3156,484,155,587,280,2.034
945,2344,bus,0.2523,433,50,554,217,2.109
946,1789,car,0.4768,450,362,590,507,2.85
946,2133,car,0.7947,749,240,833,336,2.915
946,2336,bus,0.5583,1103,50,1226,211,1.031
946,2369,car,0.388,341,152,417,208,1.521
946,2348,person,0.5525,342,589,431,716,0.75
946,2350,person,0.5327,118,421,165,520,2.062
946,1258,train,0.3363,1249,64,1886,443,1.977
946,2402,motorcycle,0.4245,355,673,424,758,0.0
946,2403,truck,0.3907,1103,52,1227,210,0.0
946,2352,truck,0.263,483,153,587,279,1.202
947,1789,car,0.3491,451,360,591,505,2.062
947,2133,car,0.8053,748,239,831,334,2.795
947,2369,car,0.3666,337,152,417,212,1.031
947,2348,person,0.6843,339,589,436,732,3.25
947,2350,person,0.5725,118,421,164,519,0.791
947,1258,train,0.4639,1242,66,1877,448,5.772
947,2352,bus,0.3162,479,150,587,281,1.344
947,2382,car,0.2828,1028,75,1091,112,0.395
948,1789,car,0.4347,452,361,589,504,1.82
948,2133,car,0.7942,747,236,831,332,2.61
948,2369,car,0.4803,328,152,411,214,2.55
948,2348,person,0.5204,347,587,430,708,1.061
948,2350,person,0.4755,118,421,163,518,0.791
948,1258,train,0.3582,1246,61,1893,448,3.509
948,2352,bus,0.2969,479,149,586,279,1.491
948,2335,person,0.4487,1608,281,1638,370,0.906
948,2380,motorcycle,0.3211,348,635,433,744,2.575
948,2336,bus,0.55,1103,49,1227,212,0.2
949,1789,car,0.451,454,362,587,501,1.031
949,2133,car,0.7614,747,236,830,331,2.236
949,2369,car,0.4577,323,151,408,214,3.041
949,2348,person,0.4247,346,587,435,719,1.275
949,2350,person,0.3875,118,423,162,518,0.75
949,1258,train,0.2696,1246,57,1899,446,0.0
949,2335,person,0.4543,1608,279,1638,369,0.806
949,2380,motorcycle,0.4021,352,638,432,743,2.748
949,2336,bus,0.5171,1103,48,1228,212,0.0
950,1789,car,0.5593,455,362,588,501,0.791
950,2133,car,0.7647,746,233,829,329,2.016
950,2369,car,0.489,320,150,406,214,4.031
950,2350,person,0.4114,118,423,162,517,0.25
950,1258,train,0.3828,1248,59,1900,447,1.75
950,2335,person,0.4438,1608,279,1638,369,0.608
950,2336,bus,0.6449,1104,49,1227,210,0.283
950,2402,motorcycle,0.407,362,662,428,744,3.354
951,1789,car,0.6237,454,355,589,497,1.5
951,2133,car,0.7661,745,231,828,326,2.136
951,2369,car,0.5304,320,150,406,214,3.5
951,2350,person,0.277,119,424,163,518,0.25
951,1258,train,0.3403,1254,63,1901,447,4.528
951,2335,person,0.3695,1607,279,1637,370,0.567
951,2336,bus,0.607,1104,50,1228,212,0.447
951,2395,car,0.2505,471,272,571,373,0.922
951,2348,motorcycle,0.3472,348,584,443,730,2.059
952,1789,car,0.7539,456,354,588,493,2.305
952,2133,car,0.7423,746,229,826,320,2.61
952,2369,car,0.4533,319,150,404,213,2.062
952,1258,train,0.4068,1258,64,1905,448,3.041
952,2335,person,0.2722,1607,279,1637,370,0.354
952,2336,bus,0.657,1105,50,1229,211,0.5
952,2395,car,0.344,473,272,569,368,1.024
952,2348,motorcycle,0.4321,352,589,443,732,2.0
952,2352,bus,0.4334,473,145,583,280,1.229
953,1789,car,0.6103,457,354,587,492,2.062
953,2133,car,0.8116,746,229,826,320,2.305
953,2369,car,0.4847,319,151,401,212,1.275
953,1258,train,0.388,1257,60,1909,447,2.795
953,2335,person,0.2821,1607,279,1636,369,0.5
953,2336,bus,0.7241,1105,50,1230,212,0.559
953,2348,person,0.5511,364,578,435,688,3.561
953,2352,bus,0.4143,474,146,582,279,1.152
953,2380,motorcycle,0.4983,357,617,442,731,3.176
954,1789,car,0.6593,457,353,586,490,2.5
954,2133,car,0.8165,746,229,825,320,1.82
954,2369,car,0.4458,317,149,399,210,1.458
954,1258,train,0.3876,1259,63,1908,448,2.305
954,2336,bus,0.7328,1106,51,1230,213,1.061
954,2348,person,0.5145,359,572,441,700,3.945
954,2352,bus,0.3408,474,147,582,279,0.769
954,2380,motorcycle,0.3976,357,604,445,726,4.05
955,1789,car,0.7958,457,354,586,490,1.0
955,2133,car,0.7795,746,228,825,319,1.275
955,2369,car,0.5586,313,150,397,212,2.016
955,1258,train,0.3047,1259,66,1905,449,1.346
955,2336,bus,0.702,1107,52,1230,212,0.559
955,2348,person,0.5055,362,569,442,696,6.49
955,2352,bus,0.2969,474,146,581,277,0.833
955,2380,motorcycle,0.3764,354,582,450,720,5.693
955,2402,motorcycle,0.2866,369,640,435,723,4.045
955,2395,car,0.2593,471,271,569,370,0.455
956,1789,car,0.7147,459,358,584,491,0.354
956,2133,car,0.7394,745,226,825,317,0.791
956,2369,car,0.5955,310,145,397,209,2.236
956,1258,train,0.3971,1251,66,1897,451,1.82
956,2336,bus,0.6259,1108,52,1231,212,0.707
956,2348,person,0.6401,369,566,437,672,10.359
956,2352,bus,0.3205,474,145,581,276,0.559
956,2402,motorcycle,0.3656,372,639,436,720,3.9
956,2395,car,0.2663,472,271,568,369,0.53
957,1789,car,0.7162,461,362,583,491,0.75
957,2133,car,0.6888,744,224,824,315,1.346
957,2369,car,0.4497,312,144,394,204,2.475
957,1258,train,0.3809,1254,67,1899,452,2.305
957,2336,bus,0.5947,1108,52,1233,213,0.791
957,2348,person,0.7084,365,564,445,691,2.121
957,2352,bus,0.306,474,145,580,276,0.559
957,2402,motorcycle,0.4047,373,632,440,716,4.035
958,1789,car,0.6237,460,361,584,491,1.275
958,2133,car,0.7657,743,224,822,313,1.677
958,2369,car,0.5247,309,142,395,205,2.121
958,1258,train,0.3803,1242,62,1891,451,4.257
958,2336,bus,0.6489,1108,51,1234,213,0.75
958,2348,person,0.6051,366,561,447,691,2.915
958,2352,truck,0.2819,476,145,581,274,1.0
958,2402,motorcycle,0.3205,376,633,439,712,4.155
958,2344,bus,0.3503,427,48,537,193,1.412
959,1789,car,0.6428,460,362,583,491,1.0
959,2133,car,0.7093,742,222,821,312,1.803
959,2369,car,0.4802,310,143,393,204,2.236
959,1258,train,0.3592,1242,59,1892,450,3.824
959,2336,bus,0.6884,1108,51,1236,215,1.031
959,2348,person,0.5773,366,558,449,692,2.151
959,2352,truck,0.2988,478,145,582,273,0.901
959,2402,motorcycle,0.3087,374,622,444,711,4.138
959,2344,bus,0.3069,426,48,539,191,1.395
960,1789,car,0.7158,462,365,582,490,0.791
960,2133,car,0.7643,741,221,819,310,1.953
960,2369,car,0.4627,308,142,392,203,1.458
960,1258,train,0.2547,1252,59,1902,450,1.25
960,2336,bus,0.7792,1108,48,1238,215,1.031
960,2348,person,0.5774,366,555,450,692,1.601
960,2352,truck,0.3087,477,143,583,273,0.901
960,2402,motorcycle,0.3437,376,625,443,710,3.25
960,2344,bus,0.3087,422,47,541,196,1.094
960,2431,car,0.3249,355,90,409,116,0.0
961,1789,car,0.6691,461,362,583,489,0.25
961,2133,car,0.8124,741,220,819,308,1.601
961,2369,car,0.4832,308,141,390,200,1.414
961,1258,train,0.5004,1252,54,1907,447,2.372
961,2336,bus,0.7638,1107,49,1237,216,0.5
961,2348,person,0.6341,369,552,449,684,2.462
961,2352,bus,0.3769,475,142,581,273,0.791
961,2402,motorcycle,0.402,379,623,444,705,2.795
961,2344,bus,0.3968,421,47,539,193,1.149
961,2431,car,0.3599,356,90,410,116,1.0
961,2350,person,0.3899,116,423,160,517,0.172
961,2395,car,0.3085,472,267,567,364,0.728
962,1789,car,0.4719,459,357,584,487,1.031
962,2133,car,0.8035,740,219,817,307,1.601
962,2369,car,0.474,313,142,392,198,0.75
962,1258,train,0.4674,1251,53,1908,447,3.579
962,2336,bus,0.7884,1108,50,1238,217,0.559
962,2348,person,0.3969,372,549,450,677,3.482
962,2352,bus,0.4064,475,142,582,274,0.25
962,2344,bus,0.4461,419,47,539,193,0.75
962,2431,car,0.3088,356,90,412,117,1.0
962,2350,person,0.3983,116,423,160,517,0.154
962,2380,motorcycle,0.4153,368,561,455,691,5.135
963,1789,car,0.3197,454,343,588,485,3.0
963,2133,car,0.8124,740,219,816,305,1.458
963,2369,car,0.4393,309,139,391,197,1.275
963,1258,train,0.495,1252,52,1910,445,3.808
963,2336,bus,0.8284,1109,50,1239,216,0.5
963,2348,person,0.4139,373,546,452,677,3.717
963,2344,bus,0.4051,418,47,538,193,1.031
963,2431,car,0.3582,356,90,412,117,0.667
963,2350,person,0.3089,117,423,161,517,0.077
963,2380,motorcycle,0.4559,370,555,457,688,5.482
963,2402,motorcycle,0.3852,384,620,445,697,3.13
964,1789,car,0.5039,456,345,587,484,3.26
964,2133,car,0.7687,740,218,816,304,1.118
964,2369,car,0.4566,307,137,390,196,1.581
964,1258,train,0.3903,1250,52,1909,446,1.346
964,2336,bus,0.8401,1110,50,1240,216,0.707
964,2348,person,0.3309,375,546,452,673,3.717
964,2344,bus,0.4694,417,47,539,195,0.75
964,2431,car,0.3065,357,90,412,116,0.5
964,2350,person,0.3652,116,423,159,517,0.317
964,2380,motorcycle,0.4381,375,566,454,687,4.111
965,1789,car,0.5549,457,344,585,481,3.26
965,2133,car,0.7535,740,216,815,301,1.677
965,2369,car,0.4983,302,138,388,199,1.118
965,1258,train,0.3594,1253,56,1906,446,0.25
965,2336,bus,0.7842,1109,50,1241,218,0.901
965,2348,person,0.3268,378,544,454,671,3.26
965,2344,bus,0.5041,416,45,540,195,0.5
965,2431,car,0.3201,357,91,412,117,0.354
965,2350,person,0.2987,117,422,160,517,0.25
965,2380,motorcycle,0.3297,374,551,456,679,3.828
965,2352,bus,0.2727,475,142,581,274,0.373
965,2402,motorcycle,0.3297,389,619,445,689,2.404
966,1789,car,0.3694,457,345,585,482,2.25
966,2133,car,0.7332,739,215,814,300,1.581
966,2369,car,0.3927,301,138,388,200,2.016
966,1258,train,0.3172,1251,56,1905,446,0.354
966,2336,bus,0.7917,1109,49,1241,218,0.5
966,2348,motorcycle,0.4077,377,542,459,681,1.82
966,2344,bus,0.4314,415,46,539,195,0.5
966,2431,car,0.302,357,91,412,117,0.25
966,2350,person,0.267,116,422,159,517,0.354
967,1789,car,0.6054,459,347,582,479,0.354
967,2133,car,0.6266,738,213,813,297,1.904
967,2369,car,0.3685,299,140,386,202,2.136
967,2336,bus,0.7713,1109,48,1242,218,0.25
967,2348,person,0.4396,378,538,461,681,1.82
967,2344,bus,0.3965,413,46,539,197,0.559
967,2431,car,0.3084,356,90,412,117,0.0
967,2402,motorcycle,0.2521,391,613,450,686,3.014
968,1789,car,0.5195,460,348,582,479,0.25
968,2133,car,0.7169,738,211,814,295,2.062
968,2369,car,0.2921,303,142,387,202,1.677
968,2336,bus,0.7438,1108,46,1243,219,0.25
968,2348,motorcycle,0.3601,382,542,461,680,2.062
968,2344,bus,0.468,411,46,540,200,0.901
968,2431,car,0.3201,355,90,413,118,0.25
968,2402,motorcycle,0.2639,392,606,454,683,3.332
969,1789,car,0.6972,463,352,581,478,0.791
969,2133,car,0.7207,739,210,813,293,1.768
969,2369,car,0.319,305,142,386,201,0.75
969,2336,bus,0.7469,1109,46,1244,218,0.559
969,2348,person,0.4521,387,536,459,661,2.85
969,2344,bus,0.4772,410,47,537,199,1.458
969,2431,car,0.3545,355,90,414,118,0.0
969,2402,motorcycle,0.269,393,602,454,679,3.354
969,2435,person,0.3367,1605,276,1632,368,0.0
969,2437,motorcycle,0.3746,390,546,455,669,0.0
970,1789,car,0.6012,464,354,580,478,0.791
970,2133,car,0.6775,736,208,812,293,1.82
970,2369,car,0.2807,309,141,387,198,1.0
970,2336,bus,0.8072,1109,47,1244,219,0.25
970,2348,person,0.4108,389,528,460,654,5.22
970,2344,bus,0.3612,412,49,536,198,1.061
970,2431,car,0.3223,354,90,414,118,0.0
970,2435,person,0.2793,1605,276,1632,368,0.0
970,2437,motorcycle,0.4724,394,552,455,668,3.606
970,2352,bus,0.2733,476,141,581,271,0.283
971,1789,car,0.5453,465,351,581,474,0.791
971,2133,car,0.6771,737,207,811,290,1.768
971,2369,car,0.2535,308,141,384,197,1.118
971,2336,bus,0.8223,1109,49,1244,220,0.354
971,2348,person,0.5099,391,524,464,654,5.385
971,2344,bus,0.3767,412,49,536,197,0.707
971,2431,car,0.2828,355,90,414,118,0.25
971,2435,person,0.3364,1604,276,1631,368,0.5
971,2437,motorcycle,0.3884,397,556,456,667,2.828
972,1789,car,0.6045,467,352,580,471,0.707
972,2133,car,0.6683,735,208,810,290,1.414
972,2369,car,0.2785,308,144,381,198,0.354
972,2336,bus,0.8419,1110,49,1245,220,0.707
972,2348,person,0.4832,397,521,458,629,9.124
972,2344,bus,0.5192,411,47,536,197,0.559
972,2435,person,0.3562,1604,276,1631,368,0.333
972,2437,motorcycle,0.5113,402,569,453,664,3.432
973,2133,car,0.6361,734,207,809,288,1.601
973,2369,car,0.2704,307,144,381,199,0.25
973,2336,bus,0.8416,1110,49,1245,220,0.559
973,2348,person,0.5172,396,518,462,635,5.701
973,2344,bus,0.5532,409,45,537,197,0.5
973,2435,person,0.3583,1604,276,1631,368,0.25
973,2402,motorcycle,0.4159,393,567,466,661,5.22
973,2352,bus,0.3007,475,139,579,268,0.344
974,2133,car,0.6994,733,206,809,288,1.061
974,2336,bus,0.8617,1109,49,1245,221,0.559
974,2348,person,0.6729,395,516,466,643,3.354
974,2344,bus,0.5178,406,43,536,199,0.901
974,2435,person,0.3318,1603,275,1630,368,0.559
974,2352,bus,0.2529,476,140,578,266,0.425
974,1789,car,0.4047,466,347,582,469,1.456
974,2437,motorcycle,0.327,410,589,451,665,4.308
975,2133,car,0.5681,733,203,810,286,1.25
975,2336,bus,0.8557,1109,49,1246,221,0.354
975,2348,person,0.6589,398,515,465,634,3.881
975,2344,bus,0.586,406,42,537,198,1.061
975,2435,person,0.3825,1603,275,1630,369,0.25
975,2352,bus,0.2696,477,140,576,262,0.728
975,1789,car,0.4497,464,344,582,468,2.01
975,2369,car,0.2676,300,144,374,198,2.236
976,2133,car,0.4972,732,202,808,284,1.581
976,2336,bus,0.812,1109,49,1248,222,0.354
976,2348,person,0.6035,399,515,468,640,1.581
976,2344,bus,0.6867,405,42,535,197,1.061
976,2435,person,0.3841,1603,274,1630,368,0.354
976,2352,bus,0.3887,474,140,575,262,1.067
976,1789,car,0.3561,465,346,581,467,1.2
976,2369,car,0.3395,303,147,372,198,1.897
977,2133,car,0.4732,728,199,807,283,1.803
977,2336,bus,0.8394,1109,50,1248,223,0.559
977,2348,person,0.5772,401,512,468,633,1.601
977,2344,bus,0.4313,406,43,534,196,0.901
977,2435,person,0.3544,1603,274,1630,369,0.354
977,2352,truck,0.2935,474,140,576,264,0.559
977,1789,car,0.5542,464,346,580,466,1.02
977,2369,car,0.2527,304,145,374,197,1.0
977,2350,person,0.3161,116,422,159,518,0.143
978,2133,car,0.5465,731,199,807,280,2.062
978,2336,bus,0.8712,1109,50,1249,224,0.707
978,2348,person,0.3455,402,511,469,633,2.151
978,2344,bus,0.6256,405,43,533,196,0.707
978,2435,person,0.4074,1603,274,1630,369,0.0
978,2352,bus,0.2936,471,137,575,264,1.25
978,1789,car,0.6119,462,341,583,467,1.118
978,2369,car,0.2952,307,146,374,196,0.8
978,2350,person,0.2541,117,422,158,513,0.214
978,2402,motorcycle,0.5162,396,540,476,647,5.295
979,2133,car,0.5468,732,199,807,278,1.581
979,2336,bus,0.8793,1109,50,1250,225,0.707
979,2348,person,0.5349,403,508,471,632,1.803
979,2344,bus,0.6115,404,44,532,197,0.75
979,2435,person,0.4994,1603,274,1630,369,0.25
979,2352,bus,0.2812,470,136,576,265,0.791
979,1789,car,0.4027,463,341,583,466,0.75
979,2369,car,0.3061,306,145,373,196,0.559
979,2350,person,0.2536,116,422,159,516,0.071
979,2402,motorcycle,0.4564,402,548,472,644,4.545
980,2133,car,0.5407,731,197,808,278,1.521
980,2336,bus,0.8397,1110,51,1251,227,1.118
980,2348,motorcycle,0.3295,403,506,474,638,1.768
980,2344,bus,0.4953,403,44,531,198,0.901
980,2435,person,0.5031,1602,273,1629,369,0.25
980,2352,bus,0.3321,470,136,575,264,0.559
980,1789,car,0.4253,462,337,585,465,1.25
980,2369,car,0.2977,309,147,370,193,0.707
980,2350,person,0.3602,115,422,158,518,0.101
981,2133,car,0.4177,727,196,804,276,1.346
981,2336,bus,0.8669,1110,50,1253,227,0.901
981,2348,person,0.285,404,505,476,638,1.521
981,2344,bus,0.4522,403,44,530,198,1.118
981,2435,person,0.5014,1602,273,1630,369,0.0
981,2352,bus,0.253,471,138,575,264,0.559
981,1789,car,0.4693,461,335,584,465,1.5
981,2369,car,0.3725,309,147,366,190,0.901
981,2350,person,0.3388,115,421,159,517,0.25
981,2402,motorcycle,0.3169,397,516,485,641,5.38
982,2133,car,0.5512,729,196,804,274,1.25
982,2336,bus,0.8586,1110,50,1254,227,0.791
982,2348,motorcycle,0.4835,404,503,477,639,1.275
982,2344,bus,0.5267,403,43,530,197,0.791
982,2435,person,0.5478,1602,273,1630,369,0.0
982,2369,car,0.359,308,147,365,190,1.25
983,2133,car,0.5978,728,195,804,273,1.25
983,2336,bus,0.8495,1112,51,1256,228,1.346
983,2344,bus,0.416,402,43,528,197,0.75
983,2435,person,0.5265,1602,272,1630,368,0.25
983,2350,person,0.3498,114,421,158,518,0.447
984,2133,car,0.5093,727,192,804,272,1.601
984,2336,bus,0.8498,1113,51,1258,228,1.25
984,2344,truck,0.3127,400,43,526,197,1.031
984,2435,person,0.5118,1601,272,1629,369,0.25
984,2460,car,0.3212,1014,75,1083,110,0.0
984,2461,person,0.3258,1319,154,1341,212,0.0
984,2350,person,0.2935,114,421,158,518,0.2
984,1789,truck,0.3552,432,259,614,459,7.502
984,2348,motorcycle,0.3348,406,499,479,637,1.077
985,2133,car,0.3809,725,190,802,270,1.581
985,2336,bus,0.8921,1114,52,1258,228,1.346
985,2344,truck,0.363,399,43,524,195,1.346
985,2435,person,0.5397,1601,272,1629,369,0.354
985,2460,car,0.2976,1014,75,1082,110,0.0
985,2461,person,0.346,1319,154,1341,211,1.0
985,2350,person,0.2875,114,421,159,518,0.2
985,2348,motorcycle,0.5007,407,497,479,636,1.562
986,2336,bus,0.8893,1115,52,1260,228,1.346
986,2344,bus,0.3374,399,43,523,195,1.275
986,2435,person,0.6637,1601,272,1629,368,0.354
986,2461,person,0.3625,1319,154,1341,211,0.5
986,2350,person,0.3194,113,421,158,518,0.4
986,2348,motorcycle,0.4006,409,495,480,632,1.789
987,2336,bus,0.8525,1115,52,1261,228,1.031
987,2344,bus,0.3909,399,43,523,194,1.118
987,2435,person,0.6411,1601,272,1629,368,0.25
987,2461,person,0.342,1318,153,1340,211,0.471
987,2350,person,0.3501,113,421,158,517,0.25
987,2348,motorcycle,0.3299,413,494,478,621,2.973
987,2467,truck,0.3218,465,246,581,456,0.0
987,2133,car,0.6378,722,188,799,268,1.844
988,2336,bus,0.8537,1115,52,1262,229,0.791
988,2344,bus,0.3907,399,43,522,194,0.901
988,2435,person,0.6213,1601,272,1630,368,0.0
988,2461,person,0.2831,1318,153,1340,211,0.354
988,2350,person,0.3598,113,421,158,517,0.25
988,2348,person,0.3248,417,493,480,615,3.808
988,2467,truck,0.3025,465,246,580,456,1.0
988,2133,car,0.6581,722,188,799,267,1.844
989,2336,bus,0.841,1115,51,1263,230,0.75
989,2344,bus,0.4089,400,43,522,193,0.25
989,2435,person,0.6114,1601,272,1630,368,0.0
989,2461,person,0.2862,1317,154,1339,211,0.5
989,2350,person,0.3913,113,422,158,518,0.354
989,2348,motorcycle,0.2827,418,493,480,614,3.579
989,2467,truck,0.4062,465,245,580,455,0.707
989,2133,car,0.7945,723,188,797,264,1.562
989,2352,bus,0.2641,468,130,576,262,0.375
990,2336,bus,0.8132,1115,51,1264,231,0.559
990,2344,bus,0.5181,399,43,522,194,0.354
990,2435,person,0.6117,1601,272,1630,368,0.0
990,2461,person,0.3032,1317,153,1339,210,0.559
990,2350,person,0.3379,113,422,158,518,0.25
990,2467,truck,0.3381,465,244,581,455,0.667
990,2133,car,0.7954,721,187,795,263,1.414
990,2460,car,0.2521,1012,74,1082,110,0.167
991,2336,bus,0.7294,1115,50,1266,231,0.5
991,2344,bus,0.3225,401,45,522,192,0.0
991,2435,person,0.591,1600,272,1629,368,0.25
991,2350,person,0.3774,113,422,158,518,0.25
991,2467,bus,0.3073,465,245,580,454,0.559
991,2133,car,0.8473,721,186,795,262,1.118
991,2460,car,0.2533,1011,74,1082,110,0.286
991,2348,motorcycle,0.2572,418,483,484,611,3.493
992,2336,bus,0.8116,1115,50,1266,231,0.5
992,2344,bus,0.3363,399,44,520,191,0.354
992,2435,person,0.5076,1600,273,1628,369,0.354
992,2350,person,0.3076,114,422,159,517,0.25
992,2467,truck,0.2684,467,245,580,452,0.791
992,2133,car,0.7504,720,185,794,261,1.25
992,2460,car,0.2763,1009,74,1080,110,0.5
992,2348,person,0.4668,418,480,484,610,2.683
992,2461,person,0.2587,1316,151,1338,209,0.566
993,2336,bus,0.8786,1116,52,1267,232,0.707
993,2435,person,0.4392,1600,273,1628,369,0.354
993,2350,person,0.2568,114,422,159,517,0.354
993,2467,car,0.4112,481,302,566,451,6.505
993,2133,car,0.7702,720,183,794,259,1.458
993,2460,car,0.301,1008,74,1078,110,0.625
993,2461,person,0.2781,1315,151,1337,209,0.721
994,2336,bus,0.831,1117,52,1269,233,1.031
994,2435,person,0.3948,1600,273,1628,368,0.25
994,2350,person,0.257,114,422,159,517,0.354
994,2133,car,0.6253,720,184,792,258,1.118
994,2460,car,0.2809,1008,74,1078,110,1.0
994,2348,person,0.3777,421,477,484,602,2.587
995,2336,bus,0.8625,1117,52,1271,234,1.25
995,2435,person,0.302,1600,273,1628,368,0.0
995,2350,person,0.2629,114,422,159,516,0.354
995,2133,car,0.4018,718,181,791,256,1.803
995,2460,car,0.2729,1007,74,1077,110,1.0
995,2348,person,0.3663,423,475,483,593,3.236
995,2344,truck,0.266,399,49,517,191,0.601
996,2336,bus,0.8561,1116,51,1273,236,1.25
996,2350,person,0.3054,114,422,159,515,0.25
996,2133,car,0.5673,716,178,790,254,2.016
996,2460,car,0.2643,1006,74,1076,110,0.75
996,2348,person,0.5664,423,472,485,594,2.864
996,2344,truck,0.42,398,48,517,190,0.527
996,2467,car,0.5124,487,328,559,448,6.5
997,2336,bus,0.8512,1115,51,1273,237,0.901
997,2350,person,0.3661,114,422,159,514,0.25
997,2133,car,0.5062,716,177,790,253,1.803
997,2460,car,0.2679,1006,74,1076,110,0.5
997,2348,person,0.3942,424,471,484,588,3.256
997,2344,truck,0.4371,397,47,517,190,0.667
997,2467,car,0.4121,487,331,560,446,6.502
997,2352,truck,0.3741,472,134,569,251,0.475
998,2336,bus,0.8407,1116,52,1275,239,0.901
998,2350,person,0.3144,114,423,159,515,0.0
998,2133,car,0.4382,714,176,788,251,2.358
998,2460,car,0.272,1003,73,1075,110,1.031
998,2348,person,0.4646,425,470,485,586,2.85
998,2344,truck,0.3563,395,46,516,189,0.667
998,2467,car,0.5252,485,332,561,446,6.833
998,2477,bus,0.323,468,128,571,252,0.0
998,2352,truck,0.3131,471,135,568,250,0.475
999,2336,bus,0.7476,1116,51,1276,238,0.559
999,2350,person,0.3853,113,422,159,515,0.25
999,2133,car,0.6329,713,175,786,250,1.953
999,2460,car,0.2544,1002,73,1075,110,1.031
999,2348,person,0.5525,426,467,485,580,2.795
999,2344,truck,0.447,393,45,516,188,1.414
999,2467,car,0.4711,484,333,562,446,2.167
999,2477,bus,0.2594,468,126,573,252,1.414
999,2352,truck,0.3155,471,133,569,249,0.58
999,2480,car,0.3914,227,138,273,178,0.0
999,2482,car,0.3377,775,143,862,244,0.0
1000,2336,bus,0.7173,1115,50,1276,238,0.354
1000,2350,person,0.3988,113,422,159,516,0.25
1000,2133,car,0.6133,712,175,785,249,1.601
1000,2460,car,0.2524,1002,72,1075,109,0.901
1000,2348,person,0.5292,426,464,487,580,2.795
1000,2344,truck,0.4897,391,44,515,188,1.25
1000,2467,car,0.7123,482,332,563,445,0.25
1000,2480,car,0.4466,228,140,273,179,1.0
1000,2482,car,0.3608,773,142,861,244,1.0
1001,2336,bus,0.8177,1117,52,1277,238,0.791
1001,2350,person,0.3348,112,423,158,517,0.559
1001,2133,car,0.5434,712,175,784,248,1.601
1001,2348,person,0.5941,425,463,488,584,1.581
1001,2344,bus,0.3375,390,44,516,190,1.031
1001,2467,car,0.5991,480,328,566,444,0.5
1001,2480,car,0.4999,227,141,273,181,1.5
1001,2482,car,0.3845,772,141,861,244,1.118
1002,2336,bus,0.7579,1118,53,1278,239,0.791
1002,2350,person,0.3574,111,422,157,516,0.5
1002,2133,car,0.6718,710,174,782,247,1.458
1002,2348,person,0.613,424,461,489,587,1.031
1002,2344,truck,0.5345,389,44,516,190,0.75
1002,2467,car,0.459,477,323,569,445,1.25
1002,2480,car,0.4387,226,140,273,180,0.745
1002,2482,car,0.3959,772,141,861,244,0.745
1002,2487,bus,0.3405,385,44,520,192,0.0
1002,2477,truck,0.3788,469,123,570,244,1.75
1002,2352,bus,0.2996,466,120,571,245,1.12
1003,2336,bus,0.8021,1118,52,1280,240,0.901
1003,2350,person,0.3465,111,422,157,516,0.559
1003,2133,car,0.6404,711,174,782,246,0.901
1003,2348,person,0.5709,425,460,491,587,0.75
1003,2344,bus,0.3126,390,45,516,190,0.354
1003,2467,car,0.504,477,324,569,444,1.25
1003,2480,car,0.4212,225,140,270,179,0.791
1003,2482,car,0.3604,771,142,860,244,0.75
1003,2487,truck,0.3089,386,44,519,190,1.0
1003,2477,truck,0.5721,468,120,570,243,1.8
1003,2352,bus,0.3447,467,118,573,244,1.833
1004,2336,bus,0.7988,1119,52,1281,239,1.275
1004,2350,person,0.3352,111,422,157,516,0.5
1004,2133,car,0.6253,709,173,780,245,1.25
1004,2348,person,0.5159,427,458,490,580,0.901
1004,2344,bus,0.311,389,43,516,189,0.25
1004,2467,car,0.7518,476,326,569,443,1.0
1004,2480,car,0.5171,222,139,269,179,1.25
1004,2482,car,0.2642,772,142,861,244,0.25
1004,2477,truck,0.5013,468,121,569,242,1.509
1004,2352,bus,0.2911,468,118,573,243,2.007
1005,2336,bus,0.7808,1121,54,1282,239,1.031
1005,2350,person,0.3494,110,422,156,516,0.559
1005,2133,car,0.5746,707,172,779,244,1.458
1005,2348,person,0.5264,428,457,492,581,1.414
1005,2344,truck,0.2901,388,42,515,187,0.901
1005,2467,car,0.7012,475,327,569,444,0.354
1005,2480,car,0.4813,220,138,270,179,1.458
1005,2477,truck,0.469,467,120,568,241,1.581
1005,2352,bus,0.2705,468,119,571,241,1.841
1005,2435,person,0.2733,1598,273,1626,368,0.172
1006,2336,bus,0.7514,1121,55,1283,239,1.031
1006,2350,person,0.3348,110,422,156,516,0.25
1006,2133,car,0.5889,707,171,779,244,1.061
1006,2348,person,0.528,430,455,492,578,2.358
1006,2467,car,0.6473,474,324,572,443,0.25
1006,2480,car,0.4466,222,136,275,178,0.791
1006,2477,truck,0.3434,466,119,568,242,0.901
1006,2352,bus,0.3767,466,119,570,242,0.5
1006,2435,person,0.2566,1598,273,1626,368,0.172
1007,2336,bus,0.8089,1124,57,1285,239,1.346
1007,2350,person,0.461,110,422,155,516,0.5
1007,2133,car,0.4678,705,168,778,242,1.768
1007,2348,person,0.5185,431,454,492,576,2.136
1007,2467,car,0.6501,472,318,575,443,1.0
1007,2480,car,0.3693,214,134,269,178,1.677
1007,2477,truck,0.2862,466,118,568,240,0.707
1007,2352,bus,0.4129,466,118,570,241,0.707
1007,2435,person,0.2699,1598,273,1626,367,0.154
1007,2493,car,0.3645,1085,57,1127,88,0.0
1007,2344,bus,0.3085,386,42,515,188,0.566
1008,2336,bus,0.7765,1125,58,1286,240,1.601
1008,2350,person,0.4748,110,422,155,516,0.5
1008,2133,car,0.5474,702,166,776,240,1.953
1008,2348,person,0.4725,432,451,493,572,2.236
1008,2467,car,0.6858,472,319,575,442,1.031
1008,2480,car,0.3708,209,131,267,177,2.151
1008,2477,truck,0.2678,465,117,567,240,0.901
1008,2352,bus,0.3728,464,117,570,242,0.791
1008,2493,car,0.4156,1085,56,1126,86,1.414
1008,2344,bus,0.3051,384,41,513,188,1.166
1009,2336,bus,0.8244,1126,59,1288,240,1.677
1009,2350,person,0.4716,110,422,155,516,0.25
1009,2133,car,0.395,702,165,775,239,1.953
1009,2348,person,0.4218,435,450,490,558,3.783
1009,2467,car,0.6493,470,314,577,442,1.768
1009,2480,car,0.3135,207,130,269,179,2.016
1009,2477,truck,0.2595,466,119,567,240,0.354
1009,2352,bus,0.3295,464,117,569,242,0.791
1009,2493,car,0.3507,1087,57,1127,87,0.5
1009,2344,bus,0.3291,382,41,512,188,1.077
1010,2336,bus,0.839,1127,61,1290,241,1.803
1010,2350,person,0.5048,110,422,155,516,0.25
1010,2133,car,0.4533,701,164,774,238,2.121
1010,2348,person,0.4413,434,448,494,568,2.136
1010,2467,car,0.6224,469,310,578,439,2.25
1010,2480,car,0.3056,201,129,264,178,4.123
1010,2477,truck,0.2825,466,118,568,240,0.25
1010,2352,bus,0.3833,464,117,570,242,0.354
1010,2493,car,0.3215,1087,57,1127,86,0.471
1010,2435,person,0.2764,1599,272,1627,366,0.094
1011,2336,bus,0.786,1127,61,1291,242,1.458
1011,2350,person,0.4375,110,422,155,516,0.0
1011,2133,car,0.6103,701,163,774,237,1.601
1011,2348,person,0.432,436,447,492,561,2.85
1011,2467,car,0.5106,467,309,578,440,1.521
1011,2493,car,0.3448,1087,57,1127,86,0.354
1011,2435,person,0.2889,1598,272,1626,366,0.167
1011,2344,bus,0.4253,379,41,509,186,1.179
1012,2336,bus,0.7522,1127,61,1292,242,1.118
1012,2350,person,0.4485,109,421,154,515,0.354
1012,2133,car,0.6438,699,163,771,237,1.25
1012,2348,person,0.5401,438,446,494,559,2.462
1012,2467,car,0.4466,468,311,578,440,1.25
1012,2493,car,0.3888,1087,57,1127,86,0.5
1012,2435,person,0.2928,1598,272,1626,366,0.167
1012,2344,bus,0.3603,376,41,506,186,1.844
1012,2352,truck,0.3229,465,120,567,240,0.447
1013,2336,bus,0.7953,1128,60,1296,242,1.346
1013,2350,person,0.2928,110,421,155,515,0.25
1013,2133,car,0.6638,700,164,770,236,0.901
1013,2348,person,0.5757,439,444,497,561,1.581
1013,2467,car,0.4723,470,314,576,438,0.5
1013,2493,car,0.4795,1085,56,1127,86,0.354
1013,2435,person,0.3274,1598,272,1626,365,0.333
1013,2344,truck,0.3046,378,42,507,185,1.217
1014,2336,bus,0.7301,1128,59,1298,242,1.275
1014,2133,car,0.7075,700,164,769,234,0.901
1014,2348,person,0.4679,439,443,497,561,1.803
1014,2467,car,0.6714,471,316,575,437,0.5
1014,2493,car,0.4746,1086,56,1128,86,0.0
1014,2435,person,0.3001,1598,272,1626,365,0.354
1014,2344,bus,0.3544,377,41,508,185,1.02
1014,2480,car,0.258,194,128,257,176,2.356
1014,2352,bus,0.3451,463,118,565,238,0.527
1015,2336,bus,0.6834,1129,58,1302,243,1.521
1015,2133,car,0.6294,701,164,768,233,0.901
1015,2348,person,0.5366,439,442,498,562,1.118
1015,2467,car,0.5802,470,314,575,436,0.25
1015,2493,car,0.4107,1086,56,1127,85,0.354
1015,2435,person,0.3053,1598,272,1626,365,0.25
1015,2344,bus,0.3729,377,41,508,185,0.5
1015,2480,car,0.2583,192,127,257,177,2.02
1015,2352,bus,0.4368,461,118,564,239,0.687
1016,2336,bus,0.7748,1128,59,1302,245,1.521
1016,2133,car,0.7163,700,163,767,232,0.901
1016,2348,person,0.4271,439,439,497,559,0.901
1016,2467,car,0.5618,470,314,574,434,0.354
1016,2493,car,0.3673,1087,56,1129,86,0.25
1016,2344,bus,0.3868,376,40,507,184,0.25
1016,2480,car,0.2685,190,125,256,175,2.218
1016,2352,bus,0.4288,461,117,564,237,0.898
1017,2336,bus,0.725,1129,58,1305,246,1.275
1017,2133,car,0.6823,700,164,766,231,0.901
1017,2348,person,0.5092,439,437,498,559,1.0
1017,2467,car,0.5369,471,314,573,430,1.031
1017,2493,car,0.3866,1087,56,1129,86,0.5
1017,2344,bus,0.2943,375,40,504,180,1.061
1017,2480,car,0.3083,189,125,256,175,1.491
1018,2336,bus,0.7322,1129,58,1305,246,1.118
1018,2133,car,0.6416,699,163,766,230,0.901
1018,2348,person,0.5094,440,434,498,555,2.016
1018,2467,car,0.4379,469,308,576,430,1.768
1018,2493,car,0.3904,1086,56,1129,86,0.0
1018,2344,bus,0.3467,373,40,503,179,1.414
1018,2480,car,0.3258,190,126,255,175,0.901
1018,2435,person,0.2521,1597,272,1625,363,0.373
1018,2352,bus,0.2544,463,119,562,234,0.943
1019,2336,bus,0.7357,1129,57,1308,247,0.901
1019,2133,car,0.5651,698,163,763,228,1.25
1019,2348,person,0.529,442,433,499,553,2.305
1019,2467,car,0.4004,468,307,575,430,1.768
1019,2493,car,0.4003,1086,56,1130,86,0.559
1019,2344,bus,0.5542,369,38,501,179,2.151
1019,2352,bus,0.4514,462,119,561,234,0.721
1019,2350,person,0.2663,110,420,155,515,0.222
1020,2336,bus,0.7607,1130,58,1310,248,1.275
1020,2133,car,0.4554,695,161,761,226,1.601
1020,2348,person,0.5096,442,432,498,551,2.062
1020,2467,car,0.3952,470,309,573,426,1.768
1020,2493,car,0.3659,1086,56,1130,87,0.0
1020,2344,bus,0.4332,370,38,503,180,1.458
1020,2352,bus,0.2651,462,117,560,230,1.02
1020,2350,person,0.279,110,420,155,515,0.222
1021,2336,bus,0.7984,1130,57,1311,248,0.75
1021,2133,car,0.5022,694,161,760,225,1.803
1021,2348,person,0.449,443,431,499,550,2.136
1021,2467,car,0.4046,471,311,573,426,1.0
1021,2493,car,0.3686,1086,55,1131,86,0.25
1021,2344,bus,0.3836,369,39,502,180,1.031
1021,2350,person,0.3038,110,420,154,515,0.157
1021,2480,car,0.2897,191,124,261,175,0.601
1021,2435,person,0.2623,1595,273,1623,363,0.375
1022,2336,bus,0.7381,1131,57,1313,247,1.25
1022,2133,car,0.469,692,159,760,225,1.803
1022,2348,person,0.4138,443,429,500,549,1.346
1022,2493,car,0.4202,1086,56,1130,86,0.25
1022,2344,bus,0.4579,367,39,499,178,1.275
1022,2350,person,0.3863,110,419,154,515,0.111
1022,2480,car,0.3428,192,125,262,175,0.667
1023,2336,bus,0.7793,1132,58,1314,247,1.25
1023,2133,car,0.5077,690,157,758,223,1.953
1023,2348,person,0.3964,444,427,500,547,1.581
1023,2493,car,0.4423,1085,56,1129,87,0.25
1023,2344,bus,0.3307,365,39,497,177,1.0
1023,2350,person,0.405,110,419,154,515,0.0
1023,2480,car,0.3707,192,126,261,175,0.667
1023,2352,bus,0.2881,462,117,561,231,0.452
1023,2435,person,0.2517,1595,273,1624,363,0.333
1024,2336,bus,0.8504,1133,59,1315,247,1.0
1024,2133,car,0.4606,688,155,758,222,1.768
1024,2348,person,0.4116,445,426,499,543,1.82
1024,2493,car,0.429,1085,55,1131,86,0.25
1024,2344,bus,0.3069,365,40,497,177,1.275
1024,2350,person,0.3833,110,419,154,515,0.0
1024,2480,car,0.3203,194,127,263,175,1.014
1024,2352,bus,0.3184,460,119,563,238,0.373
1024,2435,person,0.2541,1595,273,1624,363,0.333
1025,2336,bus,0.7999,1133,58,1317,247,1.25
1025,2133,car,0.4548,686,154,757,222,1.953
1025,2348,person,0.6291,446,425,500,541,1.82
1025,2493,car,0.3987,1085,56,1131,87,0.25
1025,2344,bus,0.5147,362,40,495,177,1.768
1025,2350,person,0.3695,110,419,154,516,0.0
1025,2480,car,0.4128,190,125,263,176,0.25
1025,2352,bus,0.2946,459,119,561,237,0.373
1025,2467,car,0.3278,474,314,571,423,0.143
1026,2336,bus,0.8609,1133,58,1319,248,1.031
1026,2133,car,0.422,681,155,752,221,2.693
1026,2348,person,0.6162,446,423,500,540,2.062
1026,2493,car,0.4042,1084,56,1130,87,0.25
1026,2344,bus,0.3919,360,40,495,177,1.5
1026,2350,person,0.3917,110,418,155,515,0.25
1026,2480,car,0.4746,189,124,263,175,0.354
1026,2352,bus,0.2554,460,118,561,234,0.527
1026,2467,car,0.3418,474,315,570,421,0.143
1027,2336,bus,0.7971,1132,57,1320,249,0.791
1027,2133,car,0.4557,680,153,752,220,2.236
1027,2348,person,0.6072,447,421,501,538,2.062
1027,2493,car,0.4081,1084,56,1130,88,0.25
1027,2344,bus,0.4887,360,40,496,177,0.75
1027,2350,person,0.3826,110,418,155,516,0.0
1027,2480,car,0.4276,189,125,262,175,0.25
1027,2352,bus,0.3598,462,120,559,231,0.354
1028,2336,bus,0.8674,1132,57,1322,251,0.791
1028,2133,car,0.3473,680,153,752,220,1.82
1028,2348,person,0.4628,447,419,501,538,1.581
1028,2493,car,0.3775,1084,56,1130,87,0.354
1028,2344,bus,0.3797,358,39,495,176,1.275
1028,2350,person,0.4144,110,418,155,516,0.0
1028,2480,car,0.418,190,127,261,175,0.75
1028,2352,bus,0.4428,462,119,559,228,1.275
1028,2467,car,0.3864,474,313,571,419,0.177
1029,2336,bus,0.86,1132,57,1324,251,0.901
1029,2133,car,0.5401,676,152,749,219,2.372
1029,2348,person,0.5228,447,417,501,538,1.521
1029,2493,car,0.3409,1084,57,1129,88,0.559
1029,2344,bus,0.4187,357,39,494,176,0.791
1029,2350,person,0.4459,109,418,154,517,0.25
1029,2480,car,0.4392,190,128,260,174,0.354
1029,2352,bus,0.3766,462,119,558,226,1.5
1029,2467,car,0.5872,474,313,572,419,0.28
1030,2336,bus,0.8775,1133,57,1324,251,0.559
1030,2133,car,0.5383,677,149,750,216,1.677
1030,2348,person,0.5799,448,416,502,537,1.346
1030,2493,car,0.3279,1084,57,1129,88,0.354
1030,2344,bus,0.4249,356,40,493,176,0.75
1030,2350,person,0.4541,109,418,154,517,0.354
1030,2480,car,0.4353,191,130,258,175,0.901
1030,2467,car,0.4652,474,314,572,419,0.447
1030,2502,person,0.616,0,964,58,1079,0.0
1031,2336,bus,0.8934,1135,58,1326,250,1.031
1031,2133,car,0.6038,676,148,749,215,1.601
1031,2348,person,0.6217,448,414,503,538,0.791
1031,2493,car,0.3056,1085,56,1131,87,0.354
1031,2344,bus,0.413,355,40,493,176,1.0
1031,2350,person,0.4581,109,418,154,517,0.25
1031,2480,car,0.3591,187,129,255,175,1.118
1031,2467,car,0.3921,473,313,572,418,0.6
1032,2336,bus,0.8632,1135,58,1328,252,1.031
1032,2133,car,0.6516,674,148,746,215,1.953
1032,2348,person,0.6724,449,413,503,537,0.901
1032,2493,car,0.3322,1085,56,1131,87,0.25
1032,2344,bus,0.4907,353,39,492,175,1.0
1032,2350,person,0.4703,109,418,154,517,0.25
1032,2480,car,0.4258,186,129,253,175,1.521
1032,2467,car,0.5075,472,310,573,417,0.75
1033,2336,bus,0.868,1137,58,1331,253,1.521
1033,2133,car,0.6738,673,148,745,214,1.25
1033,2348,person,0.6832,449,411,503,534,1.346
1033,2493,car,0.3604,1085,56,1131,87,0.559
1033,2344,bus,0.4903,351,39,491,175,1.0
1033,2350,person,0.464,109,418,155,517,0.25
1033,2480,car,0.4994,185,129,253,176,1.521
1033,2467,car,0.5612,471,309,574,417,0.791
1034,2336,bus,0.8432,1138,58,1333,253,1.768
1034,2133,car,0.6515,672,148,743,213,1.581
1034,2348,person,0.5566,451,411,502,528,1.768
1034,2493,car,0.2525,1088,57,1133,87,1.0
1034,2344,truck,0.4447,350,39,490,174,1.118
1034,2350,person,0.5204,108,417,154,517,0.0
1034,2480,car,0.5838,184,129,250,175,1.75
1034,2467,car,0.4311,471,308,573,414,1.275
1034,2504,bus,0.3968,345,38,495,173,0.0
1035,2336,bus,0.8235,1140,59,1335,253,1.82
1035,2133,car,0.628,671,145,744,212,1.458
1035,2348,person,0.4389,452,412,501,525,2.016
1035,2493,car,0.2518,1088,57,1133,87,0.559
1035,2344,bus,0.461,349,37,489,172,1.601
1035,2350,person,0.5265,108,417,154,517,0.0
1035,2480,car,0.6381,183,129,248,174,1.521
1035,2467,car,0.4075,470,306,574,413,1.5
1035,2504,truck,0.397,344,39,495,175,2.236
1036,2336,bus,0.8438,1141,61,1334,254,1.581
1036,2133,car,0.5717,669,142,744,212,1.414
1036,2348,person,0.4456,451,411,501,525,1.75
1036,2493,car,0.2636,1088,57,1133,87,0.559
1036,2344,truck,0.4567,346,36,487,172,1.677
1036,2350,person,0.4983,108,417,154,517,0.0
1036,2480,car,0.6028,182,129,247,174,1.275
1036,2467,car,0.3353,470,306,574,413,1.0
1036,2504,bus,0.3596,340,37,494,176,1.581
1037,2336,bus,0.8146,1141,60,1337,255,1.346
1037,2133,car,0.4879,668,142,743,212,1.414
1037,2348,person,0.5048,451,411,502,528,0.75
1037,2493,car,0.252,1087,56,1133,87,0.5
1037,2344,truck,0.3553,342,36,484,171,2.236
1037,2350,person,0.4955,108,417,154,517,0.25
1037,2480,car,0.556,181,129,246,175,1.5
1037,2504,bus,0.261,338,37,493,176,1.7
1038,2336,bus,0.8698,1142,60,1340,256,1.677
1038,2133,car,0.4583,668,141,742,210,1.346
1038,2348,person,0.5441,451,409,502,528,0.25
1038,2493,car,0.2647,1087,56,1132,86,0.354
1038,2350,person,0.497,108,417,154,517,0.0
1038,2480,car,0.5523,180,129,244,175,1.25
1038,2467,car,0.324,470,304,574,411,1.2
1039,2336,bus,0.8579,1144,60,1343,256,1.581
1039,2133,car,0.4959,667,141,741,210,1.061
1039,2348,person,0.4696,450,407,503,529,0.0
1039,2493,car,0.2669,1087,56,1132,86,0.354
1039,2350,person,0.5372,108,417,154,517,0.0
1039,2480,car,0.4996,178,127,243,174,1.275
1039,2467,car,0.4232,468,297,576,409,1.6
1039,2344,bus,0.4066,342,36,484,171,1.523
1040,2336,bus,0.8574,1144,61,1344,257,1.82
1040,2133,car,0.4295,665,138,740,208,1.414
1040,2348,person,0.4475,452,404,501,518,1.75
1040,2493,car,0.2852,1087,56,1131,87,0.354
1040,2350,person,0.4875,108,417,154,517,0.0
1040,2480,car,0.464,177,127,242,175,1.25
1040,2467,car,0.4134,469,297,576,407,1.4
1040,2344,bus,0.3215,341,36,483,170,1.414
1041,2336,bus,0.8412,1144,61,1344,257,1.346
1041,2133,car,0.4952,663,136,738,207,1.953
1041,2348,person,0.5256,452,405,502,522,1.521
1041,2493,car,0.2735,1087,56,1131,87,0.25
1041,2350,person,0.4714,108,417,154,517,0.0
1041,2480,car,0.459,177,128,240,176,1.25
1041,2467,car,0.2726,470,300,573,407,1.217
1041,2344,bus,0.3155,340,36,486,174,0.632
1041,2435,person,0.2969,1595,272,1625,363,0.043
1042,2336,bus,0.8456,1145,62,1345,258,1.118
1042,2133,car,0.5296,662,137,735,206,2.016
1042,2348,person,0.4751,453,403,502,517,2.016
1042,2493,car,0.2771,1087,56,1131,86,0.0
1042,2350,person,0.4384,108,417,154,517,0.0
1042,2480,car,0.3339,176,128,235,173,1.82
1042,2467,car,0.2726,470,300,574,407,1.0
1042,2344,bus,0.3534,338,35,484,172,0.4
1042,2435,person,0.2853,1595,272,1625,363,0.067
1043,2336,bus,0.8342,1147,63,1347,258,1.118
1043,2133,car,0.53,662,136,734,204,1.953
1043,2348,person,0.5248,453,400,502,515,2.761
1043,2493,car,0.2814,1088,56,1131,86,0.0
1043,2350,person,0.4488,108,417,154,517,0.0
1043,2480,car,0.3246,176,128,232,172,1.5
1043,2467,car,0.3921,469,295,575,405,0.75
1043,2344,bus,0.3917,337,35,483,172,0.75
1043,2435,person,0.2795,1595,272,1625,362,0.071
1044,2336,bus,0.8494,1148,63,1349,258,1.031
1044,2133,car,0.4669,662,136,732,203,1.601
1044,2348,person,0.4285,454,399,502,512,1.581
1044,2493,car,0.2921,1088,55,1131,85,0.25
1044,2350,person,0.4228,108,417,154,517,0.0
1044,2480,car,0.2835,175,128,229,172,1.768
1044,2467,car,0.5159,468,292,576,405,1.0
1044,2344,truck,0.2874,337,36,483,172,0.559
1044,2435,person,0.2669,1595,272,1625,362,0.071
1044,2506,car,0.6004,0,808,159,1072,0.0
1045,2336,bus,0.8736,1148,63,1351,260,1.346
1045,2133,car,0.5147,661,137,730,203,1.275
1045,2348,person,0.3421,454,398,503,513,2.016
1045,2493,car,0.3165,1088,56,1131,86,0.0
1045,2350,person,0.3246,107,417,154,517,0.25
1045,2467,car,0.4323,469,294,575,404,1.031
1045,2344,truck,0.2651,336,35,482,172,1.118
1045,2435,person,0.2719,1595,272,1625,363,0.0
1045,2506,car,0.7445,0,795,166,1068,9.849
1046,2336,bus,0.8794,1149,63,1353,261,1.581
1046,2133,car,0.6007,658,136,729,203,1.346
1046,2348,person,0.3179,455,396,505,513,1.677
1046,2493,car,0.2863,1088,56,1130,86,0.0
1046,2350,person,0.3097,108,417,155,517,0.0
1046,2467,car,0.4531,470,295,573,403,1.031
1046,2344,bus,0.4044,333,34,480,172,1.25
1046,2506,car,0.4897,0,786,171,1069,7.159
1047,2336,bus,0.8326,1150,63,1356,262,1.581
1047,2133,car,0.6258,656,136,726,202,1.768
1047,2493,car,0.2856,1087,56,1128,86,0.5
1047,2350,person,0.3447,108,417,155,517,0.0
1047,2467,car,0.6113,471,294,574,402,0.5
1047,2344,truck,0.4203,333,33,481,171,0.791
1047,2506,truck,0.4616,0,773,179,1070,7.157
1048,2336,bus,0.7635,1150,62,1359,263,1.581
1048,2133,car,0.6638,654,137,724,202,2.0
1048,2493,car,0.261,1088,56,1129,86,0.354
1048,2350,person,0.3185,107,417,154,517,0.25
1048,2467,car,0.6217,469,289,575,401,0.75
1048,2344,bus,0.5155,334,34,481,172,0.791
1048,2506,car,0.4378,0,765,182,1065,6.933
1048,2511,bus,0.3279,453,111,559,285,0.0
1048,2348,person,0.2737,456,393,505,508,1.523
1049,2336,bus,0.7511,1155,62,1364,262,2.512
1049,2133,car,0.6052,653,136,724,202,1.768
1049,2493,car,0.2601,1088,56,1128,86,0.25
1049,2350,person,0.269,107,417,154,517,0.0
1049,2467,car,0.4091,470,288,575,399,1.5
1049,2344,bus,0.5131,333,34,479,171,0.791
1049,2506,car,0.4427,4,755,182,1048,7.906
1049,2514,truck,0.3768,5,756,180,1050,0.0
1049,2348,person,0.3643,456,393,505,508,1.077
1050,2336,bus,0.8433,1156,63,1365,262,2.25
1050,2133,car,0.5581,653,137,722,201,1.5
1050,2493,car,0.2761,1088,57,1128,87,0.354
1050,2350,person,0.283,107,417,154,517,0.25
1050,2467,car,0.3516,468,283,577,400,2.016
1050,2344,bus,0.4397,332,34,478,171,0.354
1050,2506,car,0.6313,9,749,183,1033,9.411
1050,2348,person,0.4913,456,392,504,505,1.456
1051,2336,bus,0.8346,1156,63,1367,263,2.016
1051,2133,car,0.6799,651,136,721,200,1.275
1051,2493,car,0.2779,1088,56,1128,86,0.25
1051,2350,person,0.2508,107,417,154,517,0.25
1051,2467,car,0.3013,467,278,579,399,2.512
1051,2344,truck,0.3783,330,34,476,170,1.0
1051,2506,car,0.5728,11,738,186,1020,10.738
1051,2348,person,0.5083,457,390,503,499,2.0
1052,2336,bus,0.8699,1157,64,1369,264,2.305
1052,2133,car,0.6577,650,136,719,200,1.275
1052,2493,car,0.2583,1088,56,1129,86,0.0
1052,2344,truck,0.471,328,35,475,171,1.5
1052,2506,car,0.5721,14,730,189,1009,11.769
1052,2348,person,0.5828,457,389,504,499,1.5
1052,2517,truck,0.4305,4,733,199,1010,0.0
1052,2511,bus,0.3772,428,107,598,392,12.87
1053,2336,bus,0.893,1156,64,1368,264,0.901
1053,2133,car,0.6266,650,135,719,198,1.25
1053,2493,car,0.2803,1088,56,1128,86,0.0
1053,2344,truck,0.563,327,35,475,171,1.275
1053,2348,person,0.4441,457,388,504,498,1.75
1053,2511,bus,0.3513,427,107,601,404,11.512
1054,2336,bus,0.8443,1157,64,1369,264,0.901
1054,2133,car,0.522,650,134,718,196,1.25
1054,2493,car,0.2827,1089,56,1129,86,0.354
1054,2344,truck,0.5964,326,35,474,171,1.275
1054,2348,person,0.5438,457,388,504,498,1.25
1054,2506,truck,0.503,19,711,193,983,11.109
1055,2336,bus,0.7737,1157,64,1371,264,0.791
1055,2133,car,0.5082,649,134,717,196,1.061
1055,2493,car,0.2783,1089,56,1129,86,0.25
1055,2344,truck,0.5425,325,36,474,172,1.118
1055,2348,person,0.4142,458,388,505,497,0.559
1055,2506,truck,0.5537,21,706,194,970,10.826
1055,2467,bus,0.3334,444,216,602,395,5.716
1056,2336,bus,0.8171,1158,64,1373,264,0.5
1056,2133,car,0.4708,648,135,714,195,1.061
1056,2493,car,0.291,1089,56,1128,86,0.0
1056,2344,truck,0.6574,325,36,474,172,0.559
1056,2348,person,0.413,457,386,505,497,0.791
1056,2506,truck,0.5117,23,700,197,959,10.284
1057,2336,bus,0.8634,1158,64,1375,265,1.0
1057,2133,car,0.4415,647,134,714,194,1.118
1057,2493,car,0.3072,1089,55,1129,85,0.354
1057,2344,truck,0.5227,324,37,473,173,0.901
1057,2348,person,0.4877,458,385,506,496,0.901
1057,2506,truck,0.608,25,693,200,946,10.239
1057,2523,car,0.4569,472,270,572,395,0.0
1057,2350,person,0.2699,107,417,154,517,0.0
1058,2336,bus,0.8349,1158,64,1376,266,1.031
1058,2133,car,0.3437,644,132,712,192,1.677
1058,2493,car,0.3135,1089,56,1128,86,0.25
1058,2344,bus,0.5507,323,36,472,172,0.791
1058,2348,person,0.4444,458,384,506,496,0.901
1058,2506,truck,0.465,25,684,205,937,9.52
1058,2350,person,0.2886,107,417,153,516,0.111
1059,2336,bus,0.8474,1158,64,1378,268,1.118
1059,2133,car,0.3684,641,132,708,192,2.372
1059,2493,car,0.3253,1089,56,1129,86,0.0
1059,2344,truck,0.4432,323,36,471,171,0.559
1059,2348,person,0.4621,458,383,506,495,0.791
1059,2506,car,0.6361,26,679,206,925,9.277
1059,2350,person,0.3257,107,417,153,516,0.111
1059,2523,car,0.4895,476,280,567,394,2.55
1060,2336,bus,0.8754,1159,64,1381,269,1.346
1060,2133,car,0.4146,638,130,708,192,2.236
1060,2493,car,0.3433,1089,56,1129,86,0.25
1060,2344,bus,0.4595,323,36,471,170,0.559
1060,2348,person,0.3901,459,382,507,494,0.901
1060,2506,truck,0.5967,21,663,216,924,9.22
1060,2350,person,0.3227,107,417,153,517,0.0
1060,2523,car,0.5074,476,278,568,392,1.0
1061,2336,bus,0.8709,1161,65,1383,269,1.677
1061,2133,car,0.4312,636,130,706,192,2.372
1061,2493,car,0.2914,1089,56,1129,86,0.25
1061,2344,truck,0.3443,322,37,469,171,0.791
1061,2348,person,0.6561,459,382,507,495,0.559
1061,2506,truck,0.6398,23,656,219,912,9.035
1061,2350,person,0.3843,107,417,153,516,0.25
1061,2523,car,0.562,474,272,569,390,0.354
1061,2435,person,0.262,1595,272,1626,364,0.053
1062,2336,bus,0.8764,1162,65,1385,270,1.581
1062,2133,car,0.3984,634,128,706,191,2.136
1062,2493,car,0.302,1088,56,1128,86,0.0
1062,2344,bus,0.3063,322,37,468,170,0.559
1062,2348,person,0.5474,459,381,506,492,1.0
1062,2506,truck,0.5483,26,653,220,898,8.976
1062,2350,person,0.3765,107,417,153,516,0.0
1062,2523,car,0.5672,475,272,570,389,0.4
1062,2435,person,0.2895,1595,272,1626,364,0.053
1063,2336,bus,0.8688,1163,66,1387,271,1.82
1063,2133,car,0.4705,634,127,705,190,1.601
1063,2493,car,0.2879,1088,56,1128,85,0.354
1063,2344,bus,0.2503,320,37,466,169,1.0
1063,2348,person,0.396,459,379,506,491,1.0
1063,2506,truck,0.4471,26,647,224,891,8.551
1063,2350,person,0.3554,107,417,153,516,0.0
1063,2523,car,0.4865,475,273,568,387,1.75
1063,2435,person,0.3137,1595,272,1626,363,0.0
1063,2530,car,0.3916,1,650,247,891,0.0
1064,2336,bus,0.8724,1163,66,1388,272,1.458
1064,2133,car,0.5371,631,127,703,189,1.677
1064,2493,car,0.3074,1088,56,1128,86,0.25
1064,2344,truck,0.3382,317,35,464,169,1.768
1064,2348,person,0.451,459,378,506,489,1.275
1064,2506,car,0.3674,27,639,227,879,8.793
1064,2350,person,0.3549,107,417,153,516,0.25
1064,2523,car,0.5018,475,272,568,385,1.768
1064,2435,person,0.3184,1595,272,1626,364,0.053
1064,2530,truck,0.4798,2,641,248,882,9.055
1065,2336,bus,0.8958,1164,66,1391,273,1.346
1065,2133,car,0.4161,628,124,703,189,1.953
1065,2493,car,0.3114,1087,56,1128,86,0.5
1065,2344,bus,0.2584,317,36,463,169,1.346
1065,2348,person,0.4386,460,379,507,490,1.0
1065,2506,car,0.3893,27,632,231,871,8.489
1065,2350,person,0.3667,107,417,153,516,0.0
1065,2523,car,0.548,474,271,568,385,0.75
1065,2435,person,0.317,1595,272,1626,364,0.0
1065,2530,truck,0.4786,4,633,249,873,8.559
1066,2336,bus,0.904,1164,66,1392,273,1.346
1066,2133,car,0.507,626,122,702,188,1.803
1066,2493,car,0.3348,1088,56,1129,86,0.0
1066,2344,truck,0.3606,312,35,460,169,2.264
1066,2350,person,0.4002,107,417,153,516,0.0
1066,2523,car,0.5176,472,265,572,386,1.25
1066,2435,person,0.3715,1595,271,1626,363,0.25
1066,2530,truck,0.5281,5,630,249,869,7.071
1067,2336,bus,0.9157,1164,66,1392,273,0.791
1067,2133,car,0.5447,624,122,701,188,1.904
1067,2493,car,0.3475,1087,56,1128,86,0.354
1067,2344,truck,0.279,309,34,458,169,2.55
1067,2350,person,0.3912,108,417,154,516,0.25
1067,2523,car,0.5336,473,268,570,386,0.75
1067,2435,person,0.3615,1595,272,1626,363,0.0
1067,2530,truck,0.5489,11,624,251,857,7.701
1067,2352,truck,0.2617,449,102,549,212,0.535
1067,2348,person,0.3435,460,375,508,490,0.894
1068,2336,bus,0.8948,1166,67,1394,274,1.275
1068,2133,car,0.4983,624,122,700,187,1.601
1068,2493,car,0.3368,1087,56,1128,86,0.25
1068,2344,truck,0.4483,306,34,456,169,2.264
1068,2350,person,0.381,107,417,153,516,0.0
1068,2523,car,0.4682,473,269,569,385,0.25
1068,2435,person,0.3308,1595,272,1626,363,0.25
1068,2530,truck,0.7156,19,620,252,845,7.669
1068,2352,truck,0.2522,448,103,548,213,0.508
1068,2348,person,0.3594,460,374,508,487,1.077
1069,2336,bus,0.891,1168,67,1398,274,1.521
1069,2133,car,0.5809,624,123,698,186,1.118
1069,2493,car,0.3335,1087,56,1128,86,0.0
1069,2344,truck,0.3604,302,34,452,169,3.26
1069,2350,person,0.371,107,417,153,516,0.0
1069,2523,car,0.305,474,270,569,384,0.25
1069,2435,person,0.3262,1595,272,1626,363,0.25
1069,2530,truck,0.547,27,615,257,836,8.062
1069,2348,person,0.2924,460,374,507,485,0.825
1070,2336,bus,0.8779,1168,67,1400,276,1.581
1070,2133,car,0.5375,622,123,696,186,1.275
1070,2493,car,0.3385,1087,56,1128,86,0.25
1070,2344,truck,0.4492,301,34,450,168,2.761
1070,2350,person,0.3955,107,417,153,516,0.0
1070,2523,car,0.2522,475,270,569,382,0.25
1070,2435,person,0.3967,1594,271,1626,363,0.0
1070,2530,truck,0.4566,32,608,261,826,9.304
1070,2348,person,0.4321,460,371,507,482,1.6
1071,2336,bus,0.8229,1169,67,1402,276,1.82
1071,2133,car,0.5927,623,124,695,184,0.791
1071,2493,car,0.3398,1086,56,1128,86,0.0
1071,2344,truck,0.3594,300,34,450,168,2.0
1071,2350,person,0.3555,107,417,152,516,0.5
1071,2523,car,0.3801,476,273,568,381,0.25
1071,2435,person,0.2883,1594,272,1626,363,0.0
1071,2530,truck,0.5291,37,601,266,819,9.014
1071,2348,person,0.4494,460,371,507,482,1.521
1072,2336,bus,0.8788,1169,67,1403,277,1.581
1072,2133,car,0.5979,621,125,693,185,1.275
1072,2493,car,0.3547,1085,56,1128,86,0.25
1072,2344,truck,0.3786,300,34,450,168,1.5
1072,2350,person,0.3978,107,417,152,516,0.25
1072,2523,car,0.3021,476,271,568,379,0.559
1072,2435,person,0.2835,1594,272,1626,363,0.0
1072,2530,truck,0.6247,43,597,270,813,8.551
1072,2348,person,0.4482,460,372,506,481,1.031
1073,2336,bus,0.8957,1170,67,1406,278,1.346
1073,2133,car,0.58,618,123,692,184,1.521
1073,2493,car,0.3729,1085,55,1128,85,0.354
1073,2344,truck,0.3075,299,34,449,168,0.75
1073,2350,person,0.3763,107,417,152,516,0.25
1073,2435,person,0.2646,1595,272,1627,363,0.25
1073,2530,car,0.5469,50,591,273,802,8.667
1074,2336,bus,0.8372,1171,68,1408,280,1.458
1074,2133,car,0.5496,615,123,688,183,2.016
1074,2493,car,0.3431,1085,56,1128,86,0.25
1074,2344,bus,0.3915,297,34,448,168,0.75
1074,2350,person,0.3896,107,417,152,516,0.25
1074,2435,person,0.2721,1594,272,1626,362,0.0
1074,2530,truck,0.502,53,585,275,794,8.322
1074,2506,car,0.422,69,585,257,796,7.828
1074,2348,person,0.3451,461,372,507,480,0.632
1075,2336,bus,0.7927,1172,68,1411,282,1.803
1075,2133,car,0.5921,613,122,687,183,2.305
1075,2493,car,0.3757,1085,56,1129,86,0.0
1075,2344,bus,0.389,297,34,448,168,0.75
1075,2350,person,0.4599,107,417,152,516,0.0
1075,2435,person,0.2909,1595,272,1627,363,0.25
1075,2530,truck,0.6232,58,579,280,787,8.112
1075,2523,car,0.5091,475,267,568,376,1.0
1076,2336,bus,0.7414,1172,68,1412,282,1.677
1076,2133,car,0.5305,612,120,686,181,2.358
1076,2493,car,0.3683,1084,55,1128,85,0.25
1076,2344,bus,0.5335,296,34,447,168,1.0
1076,2350,person,0.4512,107,417,152,515,0.0
1076,2435,person,0.3114,1595,272,1627,362,0.25
1076,2530,truck,0.4131,64,574,285,780,8.322
1076,2523,car,0.3252,473,261,570,375,1.344
1076,2348,person,0.3341,461,368,507,477,0.687
1077,2336,bus,0.7191,1173,69,1414,284,1.601
1077,2133,car,0.5982,609,119,684,181,2.372
1077,2493,car,0.3802,1084,56,1128,86,0.25
1077,2344,bus,0.5366,296,34,447,168,0.75
1077,2350,person,0.3929,108,418,153,516,0.354
1077,2435,person,0.3185,1595,272,1627,362,0.0
1077,2530,car,0.3597,69,570,286,772,7.42
1077,2523,car,0.3199,476,263,571,373,1.509
1077,2506,truck,0.3457,83,570,270,771,7.955
1078,2336,bus,0.7009,1173,67,1416,283,1.275
1078,2133,car,0.5775,608,118,683,179,1.953
1078,2493,car,0.3871,1083,55,1128,85,0.354
1078,2344,bus,0.4457,295,34,446,168,0.5
1078,2350,person,0.4343,108,418,153,516,0.354
1078,2435,person,0.3147,1594,272,1626,362,0.0
1078,2530,truck,0.4373,73,565,290,767,7.15
1078,2523,car,0.4307,474,262,570,372,1.333
1078,2538,truck,0.3904,291,34,450,168,0.0
1078,2506,car,0.3716,84,565,276,767,7.646
1078,2352,bus,0.3315,444,98,543,207,0.54
1079,2336,bus,0.7399,1174,68,1418,285,1.275
1079,2133,car,0.5859,607,118,681,179,1.803
1079,2493,car,0.3785,1083,56,1128,86,0.5
1079,2344,bus,0.4875,294,34,445,168,0.75
1079,2350,person,0.4685,107,418,152,516,0.25
1079,2435,person,0.3518,1594,272,1626,362,0.25
1079,2530,car,0.4414,78,560,292,758,7.211
1079,2523,car,0.3174,474,260,571,372,1.275
1079,2538,truck,0.4623,291,34,449,168,0.0
1079,2506,truck,0.4135,88,559,282,759,7.693
1079,2352,bus,0.3654,442,99,543,212,0.495
1080,2336,bus,0.5993,1176,68,1420,284,1.521
1080,2133,car,0.5257,607,119,680,179,1.521
1080,2493,car,0.3785,1082,56,1127,86,0.559
1080,2350,person,0.4568,107,418,152,516,0.25
1080,2435,person,0.3391,1594,272,1626,363,0.25
1080,2523,truck,0.3306,459,222,584,371,5.5
1080,2352,bus,0.3343,442,99,543,213,0.544
1081,2336,bus,0.6515,1177,68,1421,284,1.5
1081,2133,car,0.5494,607,118,680,178,0.901
1081,2493,car,0.3772,1082,56,1127,86,0.5
1081,2350,person,0.4033,108,418,153,516,0.0
1081,2435,person,0.3234,1594,272,1626,363,0.25
1081,2352,bus,0.3186,442,98,543,211,0.555
1081,2348,person,0.2634,463,360,509,470,1.14
1081,2344,truck,0.6093,292,35,444,168,0.6
1081,2506,truck,0.6286,95,549,289,746,7.409
1082,2336,bus,0.758,1178,68,1423,285,1.521
1082,2133,car,0.5652,606,119,678,178,0.75
1082,2493,car,0.3981,1082,56,1128,86,0.25
1082,2350,person,0.4648,108,418,152,514,0.25
1082,2352,bus,0.3755,442,97,543,212,0.559
1082,2540,car,0.3878,89,544,303,741,0.0
1082,2541,bus,0.4969,291,34,442,166,0.0
1082,2348,person,0.279,463,360,507,465,1.414
1082,2344,truck,0.5385,291,35,442,168,1.0
1082,2506,truck,0.4678,99,543,294,739,7.046
1083,2336,bus,0.7313,1179,67,1426,285,1.5
1083,2133,car,0.6066,604,118,677,178,1.0
1083,2493,car,0.3862,1081,56,1127,86,0.25
1083,2350,person,0.5011,108,419,152,515,0.25
1083,2352,bus,0.3493,442,96,544,212,0.354
1083,2541,bus,0.4286,290,34,441,165,1.414
1083,2348,person,0.4661,463,361,507,466,1.449
1083,2344,truck,0.5603,290,35,442,168,0.8
1083,2506,truck,0.4496,101,537,297,732,7.443
1084,2336,bus,0.8369,1180,67,1428,286,1.5
1084,2133,car,0.5492,604,119,676,178,0.791
1084,2493,car,0.4008,1081,56,1127,86,0.0
1084,2350,person,0.4964,108,419,152,515,0.25
1084,2352,truck,0.29,440,94,544,213,0.75
1084,2541,bus,0.3396,289,34,441,167,0.5
1084,2348,person,0.2533,463,361,507,466,1.132
1084,2344,truck,0.6028,289,35,441,168,0.8
1084,2506,truck,0.4382,104,534,298,726,6.624
1084,2545,car,0.379,474,255,572,370,0.0
1085,2336,bus,0.8415,1181,67,1428,285,1.25
1085,2133,car,0.5264,603,119,675,179,1.031
1085,2493,car,0.3823,1081,56,1127,86,0.0
1085,2350,person,0.5024,108,418,153,514,0.25
1085,2352,truck,0.332,440,94,543,211,0.559
1085,2541,bus,0.4704,289,34,440,166,0.667
1085,2348,person,0.3826,463,359,508,465,0.791
1085,2344,truck,0.544,289,35,441,167,0.75
1085,2506,car,0.3338,106,521,307,720,7.603
1085,2545,car,0.472,474,254,571,368,1.414
1085,2547,bus,0.3326,442,94,539,210,0.0
1085,2435,person,0.2707,1595,272,1627,362,0.143
1085,2540,truck,0.3265,89,502,325,720,10.965
1086,2336,bus,0.7493,1182,69,1429,286,1.275
1086,2133,car,0.5302,602,118,674,178,1.0
1086,2493,car,0.3697,1081,56,1127,86,0.25
1086,2350,person,0.5011,107,418,152,515,0.25
1086,2352,truck,0.3276,440,94,541,209,0.901
1086,2541,truck,0.4231,289,35,439,166,0.5
1086,2348,person,0.2757,464,357,507,459,1.0
1086,2344,bus,0.262,289,34,441,167,0.354
1086,2506,truck,0.3445,107,507,312,711,8.635
1086,2545,car,0.5909,475,254,570,365,1.581
1086,2547,bus,0.3128,442,94,539,210,0.0
1086,2540,car,0.3409,95,498,325,712,9.89
1087,2336,bus,0.7313,1183,69,1430,285,1.031
1087,2133,car,0.5377,600,118,673,179,1.0
1087,2493,car,0.374,1080,56,1127,86,0.25
1087,2350,person,0.5093,107,419,152,515,0.25
1087,2352,truck,0.3071,440,94,541,208,1.061
1087,2541,bus,0.3327,292,35,440,164,0.25
1087,2344,truck,0.2917,289,35,438,165,0.791
1087,2506,truck,0.4455,111,502,314,705,8.404
1087,2545,car,0.6385,476,256,569,365,0.745
1087,2547,bus,0.4618,442,94,538,208,0.5
1087,2540,car,0.3602,99,494,325,706,8.989
1087,2435,person,0.2574,1594,272,1626,363,0.0
1088,2336,bus,0.7949,1185,69,1434,286,1.275
1088,2133,car,0.5724,601,118,673,178,0.75
1088,2493,car,0.3836,1080,56,1127,86,0.25
1088,2350,person,0.5377,108,419,153,515,0.0
1088,2352,truck,0.3554,439,94,542,210,0.559
1088,2344,truck,0.339,289,36,436,164,0.791
1088,2506,car,0.5615,113,494,318,700,8.962
1088,2545,car,0.5243,477,258,568,365,0.354
1088,2547,bus,0.3594,442,95,538,209,0.0
1088,2435,person,0.3546,1595,272,1628,364,0.177
1088,2348,person,0.2952,463,357,507,460,1.0
1089,2336,bus,0.765,1187,69,1435,286,1.768
1089,2133,car,0.5551,599,118,670,178,1.275
1089,2493,car,0.387,1081,56,1127,86,0.0
1089,2350,person,0.5471,108,418,153,514,0.0
1089,2352,truck,0.3882,438,94,542,211,0.25
1089,2344,truck,0.4075,308,36,450,163,3.536
1089,2506,truck,0.5707,118,496,317,696,6.6
1089,2545,car,0.4002,476,259,567,365,0.354
1089,2435,person,0.3239,1595,272,1628,364,0.177
1090,2336,bus,0.7976,1187,70,1436,287,1.521
1090,2133,car,0.5227,599,119,668,177,1.25
1090,2493,car,0.4048,1080,56,1127,87,0.25
1090,2350,person,0.5816,108,418,153,514,0.25
1090,2352,truck,0.3372,438,95,541,210,0.354
1090,2344,truck,0.2936,299,35,442,162,1.346
1090,2506,truck,0.6226,125,496,317,689,5.202
1090,2545,car,0.2711,475,257,567,364,0.354
1090,2435,person,0.2849,1594,272,1627,363,0.2
1091,2336,bus,0.8608,1188,70,1438,288,1.82
1091,2133,car,0.5362,597,118,666,176,1.275
1091,2493,car,0.3967,1080,56,1127,86,0.0
1091,2350,person,0.5542,107,418,152,514,0.25
1091,2352,bus,0.2789,437,94,540,210,0.559
1091,2344,truck,0.2555,291,35,436,164,0.25
1091,2506,truck,0.4522,129,494,317,683,4.65
1091,2545,car,0.4271,476,257,567,363,0.25
1091,2435,person,0.313,1595,272,1628,363,0.25
1092,2336,bus,0.8491,1187,71,1439,290,1.25
1092,2133,car,0.4773,595,118,663,175,2.062
1092,2493,car,0.3936,1080,56,1126,86,0.0
1092,2350,person,0.5431,107,419,152,515,0.25
1092,2352,bus,0.2935,437,93,539,208,0.707
1092,2344,truck,0.257,286,34,432,164,0.791
1092,2506,truck,0.3965,133,491,319,677,4.257
1092,2545,car,0.4985,476,257,567,362,0.559
1092,2435,person,0.3593,1595,273,1629,364,0.25
1092,2348,person,0.2643,463,351,507,455,1.25
1093,2336,bus,0.8525,1188,71,1441,291,1.25
1093,2133,car,0.5526,593,116,661,172,2.016
1093,2493,car,0.3924,1080,56,1126,86,0.25
1093,2350,person,0.5687,107,419,152,515,0.354
1093,2352,bus,0.3275,436,93,537,206,1.25
1093,2344,truck,0.2791,283,34,430,165,5.75
1093,2506,truck,0.3596,136,486,322,674,5.0
1093,2545,car,0.5186,475,254,567,360,1.25
1093,2435,person,0.311,1594,272,1627,363,0.354
1094,2336,bus,0.8585,1189,72,1441,291,1.25
1094,2133,car,0.5649,590,116,659,173,2.462
1094,2493,car,0.4232,1076,57,1122,87,1.031
1094,2350,person,0.5483,107,419,152,515,0.354
1094,2352,truck,0.2982,435,93,538,208,0.901
1094,2344,truck,0.3147,281,33,429,164,3.75
1094,2506,car,0.4005,139,481,324,667,5.148
1094,2545,car,0.5811,475,256,566,360,0.559
1094,2435,person,0.3398,1595,272,1629,363,0.5
1094,2348,person,0.2896,464,349,510,455,1.133
1095,2336,bus,0.8591,1191,71,1445,291,1.346
1095,2133,car,0.5475,588,115,658,171,2.236
1095,2493,car,0.4103,1074,58,1120,88,1.581
1095,2350,person,0.566,107,419,152,515,0.25
1095,2352,truck,0.2818,435,93,539,209,0.354
1095,2344,truck,0.3877,284,34,428,163,1.768
1095,2506,car,0.5443,143,477,324,659,5.59
1095,2545,car,0.5595,474,254,566,359,1.031
1095,2435,person,0.3668,1594,272,1628,364,0.25
1095,2348,person,0.339,463,347,509,454,0.896
1096,2336,bus,0.8328,1192,71,1448,294,1.82
1096,2133,car,0.5545,587,115,657,171,1.904
1096,2493,car,0.419,1074,58,1120,88,1.581
1096,2350,person,0.5622,107,419,152,515,0.0
1096,2352,bus,0.3662,434,93,537,207,0.75
1096,2344,truck,0.3263,279,34,424,163,2.016
1096,2506,car,0.5016,150,476,327,654,5.618
1096,2545,car,0.6199,474,252,567,358,1.031
1096,2435,person,0.3283,1594,272,1628,364,0.25
1097,2336,bus,0.8778,1192,71,1451,297,1.904
1097,2133,car,0.5236,584,114,656,171,1.82
1097,2493,car,0.4193,1073,58,1119,88,1.82
1097,2350,person,0.5868,107,419,152,515,0.0
1097,2352,bus,0.4031,434,93,535,205,0.5
1097,2344,bus,0.3025,278,34,425,164,1.25
1097,2506,truck,0.4402,154,475,327,649,5.274
1097,2545,car,0.5845,473,250,567,358,0.791
1097,2435,person,0.3678,1594,272,1628,364,0.354
1098,2336,bus,0.8843,1191,71,1452,299,1.803
1098,2133,car,0.5082,583,116,654,172,1.5
1098,2493,car,0.4219,1073,57,1119,87,0.75
1098,2350,person,0.588,107,419,152,515,0.0
1098,2352,bus,0.4768,435,92,534,201,1.118
1098,2344,bus,0.2566,277,33,423,163,1.25
1098,2506,car,0.369,154,475,324,645,4.031
1098,2545,car,0.3778,474,251,567,357,1.0
1098,2435,person,0.3755,1594,272,1628,363,0.25
1098,2348,person,0.3225,463,347,509,453,0.806
1099,2336,bus,0.9081,1191,71,1452,299,1.25
1099,2133,car,0.4017,582,115,653,171,1.5
1099,2493,car,0.4195,1077,56,1124,86,0.901
1099,2350,person,0.5793,107,419,152,515,0.0
1099,2352,bus,0.4285,435,92,533,200,1.458
1099,2344,truck,0.308,278,34,423,162,1.5
1099,2506,truck,0.404,159,472,327,641,3.905
1099,2545,car,0.3846,474,251,566,356,0.75
1099,2435,person,0.4197,1594,272,1628,364,0.0
1100,2336,bus,0.8229,1191,71,1451,298,0.559
1100,2133,car,0.414,580,115,652,171,1.5
1100,2493,car,0.4224,1076,57,1122,87,0.559
1100,2350,person,0.5524,107,419,152,515,0.0
1100,2352,bus,0.4123,436,92,533,198,1.275
1100,2344,bus,0.2739,276,34,421,162,0.75
1100,2506,car,0.3361,164,469,331,636,3.953
1100,2545,car,0.5475,475,251,567,355,0.559
1100,2435,person,0.318,1594,272,1628,363,0.25
1101,2336,bus,0.8868,1185,71,1448,298,1.25
1101,2133,car,0.3998,578,114,649,169,1.768
1101,2493,car,0.429,1074,57,1120,87,0.354
1101,2350,person,0.5572,107,419,152,515,0.0
1101,2352,bus,0.3627,435,92,534,199,1.0
1101,2344,bus,0.2538,274,34,419,161,1.346
1101,2506,car,0.4767,168,466,333,630,4.301
1101,2545,car,0.6278,474,250,566,354,0.5
1101,2435,person,0.3103,1594,272,1628,364,0.0
1101,2559,truck,0.3568,433,93,537,200,0.0
1102,2336,bus,0.8721,1181,71,1447,299,1.75
1102,2133,car,0.4315,577,114,648,169,1.677
1102,2493,car,0.4298,1077,56,1124,87,1.031
1102,2350,person,0.5914,107,419,152,515,0.0
1102,2352,bus,0.2724,434,92,533,200,0.25
1102,2344,bus,0.3034,274,35,418,161,1.0
1102,2506,car,0.3907,170,461,336,626,5.506
1102,2545,car,0.5855,474,251,565,354,0.559
1102,2435,person,0.3111,1594,272,1628,364,0.25
1102,2559,truck,0.35,433,93,536,199,1.0
1103,2336,bus,0.8482,1184,71,1452,299,0.75
1103,2133,car,0.4539,577,113,648,168,1.458
1103,2493,car,0.3904,1079,56,1126,87,0.5
1103,2350,person,0.5558,107,419,152,515,0.0
1103,2352,bus,0.3384,433,92,535,203,0.25
1103,2344,bus,0.3724,273,34,418,160,1.275
1103,2506,car,0.4787,173,458,338,621,5.202
1103,2545,car,0.5288,474,251,565,353,0.354
1103,2435,person,0.3537,1594,271,1629,364,0.25
1103,2559,truck,0.3559,431,93,538,202,0.707
1104,2336,bus,0.7459,1183,71,1452,298,1.0
1104,2133,car,0.4852,576,114,646,168,1.346
1104,2493,car,0.4027,1076,57,1122,87,0.0
1104,2350,person,0.5765,107,419,152,515,0.0
1104,2352,bus,0.4728,432,92,534,204,0.791
1104,2344,bus,0.4018,271,34,417,161,1.031
1104,2506,car,0.4738,176,455,338,615,4.931
1104,2545,car,0.6007,474,250,566,352,0.559
1104,2435,person,0.2952,1594,271,1629,365,0.25
1104,2559,truck,0.3972,430,93,538,204,0.745
1105,2336,bus,0.888,1188,73,1455,298,1.275
1105,2133,car,0.3159,576,114,646,168,0.5
1105,2493,car,0.4331,1075,57,1121,87,0.25
1105,2350,person,0.5528,108,419,153,514,0.354
1105,2352,bus,0.5433,432,92,533,201,0.559
1105,2344,bus,0.37,269,34,415,161,1.0
1105,2506,car,0.3679,177,458,332,611,3.64
1105,2545,car,0.4906,474,250,566,353,0.25
1105,2435,person,0.3385,1594,270,1629,364,0.25
1105,2559,truck,0.3882,429,93,535,202,0.791
1105,2348,person,0.3953,465,341,507,437,1.08
1106,2336,bus,0.8734,1191,73,1460,299,2.761
1106,2133,car,0.4159,574,114,644,168,0.75
1106,2493,car,0.4418,1074,57,1120,87,0.791
1106,2350,person,0.4724,108,420,153,515,0.25
1106,2352,bus,0.43,432,91,531,198,0.707
1106,2344,bus,0.4139,269,34,415,162,1.0
1106,2506,truck,0.3731,180,451,337,605,3.953
1106,2545,car,0.3657,474,249,565,351,0.5
1106,2435,person,0.4015,1593,270,1628,363,0.559
1106,2559,truck,0.2916,429,93,534,201,0.791
1106,2560,car,0.3664,178,450,338,606,0.0
1107,2336,bus,0.8502,1191,73,1460,298,1.75
1107,2133,car,0.4046,573,113,644,167,1.0
1107,2493,car,0.4552,1073,57,1119,87,1.521
1107,2350,person,0.5001,108,420,153,515,0.25
1107,2344,bus,0.3747,267,33,413,161,1.25
1107,2506,truck,0.4938,182,446,340,601,4.272
1107,2545,car,0.262,474,250,565,351,0.5
1107,2435,person,0.3831,1593,271,1627,364,0.25
1108,2336,bus,0.8176,1191,73,1462,300,2.305
1108,2133,car,0.3791,568,111,641,167,1.82
1108,2493,car,0.4434,1073,57,1119,87,0.75
1108,2350,person,0.4944,108,420,153,514,0.25
1108,2344,truck,0.4296,265,33,412,161,1.5
1108,2506,truck,0.3746,184,444,339,597,3.881
1108,2545,car,0.2831,474,249,565,349,0.559
1108,2435,person,0.3705,1594,271,1628,363,0.25
1108,2352,bus,0.3905,431,92,531,199,0.721
1109,2336,bus,0.7976,1192,73,1464,301,1.82
1109,2133,car,0.3134,566,111,638,166,2.372
1109,2493,car,0.4512,1074,57,1120,87,0.25
1109,2350,person,0.5083,107,420,151,514,0.354
1109,2344,truck,0.3098,261,31,411,162,1.521
1109,2506,car,0.5231,188,447,336,593,4.031
1109,2545,car,0.2938,473,243,567,347,1.5
1109,2435,person,0.3076,1594,271,1628,363,0.0
1109,2352,truck,0.4349,431,93,530,199,0.721
1109,2348,person,0.3949,463,336,508,440,0.943
1110,2336,bus,0.79,1198,74,1470,303,2.305
1110,2493,car,0.4677,1074,57,1120,87,0.0
1110,2350,person,0.497,107,420,152,515,0.25
1110,2344,bus,0.3493,261,31,411,161,1.581
1110,2506,car,0.6827,190,445,334,587,3.162
1110,2545,car,0.3194,473,242,567,347,1.521
1110,2435,person,0.3811,1594,271,1628,363,0.354
1110,2352,bus,0.5291,430,91,530,197,0.566
1110,2563,truck,0.4806,428,92,533,200,0.0
1110,2348,person,0.2676,463,335,507,437,0.936
1111,2336,bus,0.7966,1201,75,1473,305,3.25
1111,2493,car,0.4359,1074,58,1120,88,0.354
1111,2350,person,0.5361,107,419,152,514,0.354
1111,2344,bus,0.3578,259,31,409,161,1.521
1111,2506,car,0.5008,190,438,337,584,3.041
1111,2435,person,0.3563,1594,271,1627,363,0.0
1111,2352,bus,0.5265,430,90,531,197,0.283
1111,2563,truck,0.2726,428,93,533,201,1.0
1111,2567,truck,0.3538,191,433,339,582,0.0
1111,2133,car,0.2626,563,110,635,165,2.154
1112,2336,bus,0.8704,1204,77,1473,305,3.25
1112,2493,car,0.4336,1075,58,1121,88,0.559
1112,2350,person,0.5284,107,419,152,514,0.354
1112,2344,bus,0.3673,256,31,405,161,2.016
1112,2506,car,0.38,192,431,340,579,3.953
1112,2435,person,0.3968,1594,270,1627,362,0.354
1112,2352,bus,0.4525,429,89,531,196,0.791
1112,2563,truck,0.3729,427,91,534,201,0.0
1112,2567,truck,0.3227,192,430,341,581,2.236
1112,2133,car,0.251,561,110,634,166,2.236
1112,2545,car,0.2709,473,242,566,346,1.2
1112,2348,person,0.4161,463,336,507,438,0.931
1113,2336,bus,0.8691,1207,77,1477,307,3.717
1113,2493,car,0.4481,1075,58,1120,88,0.25
1113,2350,person,0.5055,107,419,151,514,0.25
1113,2344,bus,0.4784,254,30,404,161,1.768
1113,2506,car,0.4034,196,427,344,575,5.154
1113,2435,person,0.4143,1594,271,1627,363,0.25
1113,2352,bus,0.4581,429,88,530,194,1.275
1113,2563,truck,0.3492,426,89,533,199,0.745
1113,2567,truck,0.2921,194,428,341,577,2.693
1113,2133,car,0.4085,559,110,632,166,1.811
1113,2545,car,0.2801,474,242,567,346,1.02
1113,2348,person,0.2722,463,335,506,435,0.559
1114,2336,bus,0.8917,1207,77,1479,309,2.574
1114,2493,car,0.469,1074,57,1120,87,0.0
1114,2350,person,0.5498,107,419,151,513,0.25
1114,2344,bus,0.4927,251,30,401,161,2.512
1114,2506,truck,0.3536,198,425,343,571,4.924
1114,2435,person,0.4073,1594,271,1627,363,0.25
1114,2352,bus,0.3553,429,88,529,192,1.031
1114,2563,truck,0.2702,426,88,532,197,1.031
1114,2567,car,0.2932,199,429,341,573,2.603
1114,2545,car,0.3827,474,240,568,346,0.447
1115,2336,bus,0.8967,1209,77,1481,310,2.136
1115,2493,car,0.4316,1075,58,1120,88,0.0
1115,2350,person,0.5252,107,419,151,513,0.0
1115,2344,bus,0.4872,251,30,400,160,2.264
1115,2506,truck,0.4196,201,419,349,569,5.202
1115,2435,person,0.3267,1594,271,1627,362,0.25
1115,2352,bus,0.3824,430,89,529,191,0.791
1115,2563,truck,0.3452,427,89,531,197,1.031
1115,2567,car,0.271,200,422,346,570,3.4
1115,2545,car,0.3674,473,238,567,345,0.6
1116,2336,bus,0.9092,1211,77,1482,310,2.062
1116,2493,car,0.4105,1075,58,1120,88,0.25
1116,2350,person,0.4844,107,418,152,513,0.25
1116,2344,bus,0.4973,250,29,399,159,1.581
1116,2506,truck,0.4538,204,414,352,563,5.202
1116,2435,person,0.3881,1594,271,1627,364,0.25
1116,2352,bus,0.42,429,89,528,191,0.707
1116,2563,truck,0.3074,427,89,530,196,1.118
1116,2567,car,0.3239,203,417,348,565,4.161
1116,2133,car,0.2504,557,109,629,165,1.294
1117,2336,bus,0.8996,1212,77,1484,312,1.581
1117,2493,car,0.3887,1075,58,1119,87,0.25
1117,2350,person,0.3805,106,418,151,514,0.25
1117,2344,bus,0.4008,248,30,398,160,1.5
1117,2506,truck,0.5759,207,409,353,557,5.148
1117,2435,person,0.3632,1594,271,1627,364,0.0
1117,2352,bus,0.4307,428,90,526,191,0.559
1117,2563,truck,0.2834,426,90,529,196,0.559
1117,2133,car,0.3328,555,109,627,164,1.344
1118,2336,bus,0.9044,1214,77,1485,312,1.521
1118,2493,car,0.4181,1078,57,1124,87,1.0
1118,2350,person,0.5103,107,419,152,514,0.0
1118,2344,bus,0.3165,248,30,397,160,1.0
1118,2506,truck,0.5177,209,405,354,553,5.489
1118,2435,person,0.391,1594,271,1627,364,0.0
1118,2352,bus,0.3478,424,89,526,194,1.031
1118,2563,truck,0.3044,426,90,529,197,0.559
1118,2133,car,0.2871,553,110,624,165,1.509
1118,2348,traffic light,0.3006,465,332,505,424,1.111
1118,2545,car,0.3443,473,238,566,343,0.667
1119,2336,bus,0.8901,1216,77,1486,312,1.521
1119,2493,car,0.4142,1079,56,1126,87,1.346
1119,2350,person,0.5118,107,419,152,514,0.0
1119,2344,bus,0.3003,247,30,395,159,1.031
1119,2506,car,0.4069,209,406,351,551,4.191
1119,2435,person,0.356,1593,271,1626,364,0.354
1119,2133,car,0.3175,551,108,623,163,1.424
1119,2545,car,0.4038,473,237,565,343,0.687
1120,2336,bus,0.856,1218,78,1487,312,1.581
1120,2493,car,0.4233,1076,57,1122,87,0.559
1120,2350,person,0.4083,107,419,152,514,0.25
1120,2344,truck,0.384,246,31,394,159,1.031
1120,2506,truck,0.4362,213,402,354,547,3.717
1120,2435,person,0.301,1594,271,1627,365,0.25
1120,2133,car,0.4095,549,107,622,163,2.062
1120,2572,car,0.3437,215,407,347,550,0.0
1121,2336,bus,0.8794,1220,78,1489,313,1.521
1121,2493,car,0.4555,1075,57,1121,87,0.25
1121,2350,person,0.4861,107,419,152,514,0.25
1121,2506,truck,0.5486,216,399,357,544,3.354
1121,2435,person,0.3992,1593,271,1626,364,0.25
1121,2133,car,0.3298,548,108,619,162,2.016
1121,2572,car,0.3439,217,402,351,546,5.0
1121,2545,bus,0.3661,456,191,580,338,4.165
1122,2336,bus,0.8604,1221,78,1489,313,1.521
1122,2493,car,0.44,1078,56,1126,87,0.354
1122,2350,person,0.4614,107,420,151,514,0.25
1122,2506,truck,0.3488,220,399,356,539,3.052
1122,2435,person,0.402,1593,271,1626,364,0.25
1122,2133,car,0.3379,545,109,615,163,2.016
1122,2572,car,0.5676,223,406,349,541,3.536
1122,2545,bus,0.3026,454,182,581,338,4.449
1123,2336,bus,0.8504,1222,78,1489,313,1.031
1123,2493,car,0.4194,1079,56,1127,87,0.25
1123,2350,person,0.4681,107,420,151,513,0.0
1123,2506,truck,0.4581,221,395,357,536,3.953
1123,2435,person,0.3528,1593,271,1626,365,0.25
1123,2133,car,0.2863,544,107,615,162,2.016
1123,2572,car,0.4382,223,402,350,539,3.145
1123,2545,bus,0.2808,455,179,580,336,6.612
1124,2336,bus,0.8819,1224,79,1490,313,1.275
1124,2493,car,0.4167,1076,57,1123,87,0.0
1124,2350,person,0.3396,108,420,152,513,0.25
1124,2506,truck,0.5232,224,391,361,533,3.75
1124,2435,person,0.4028,1594,271,1627,365,0.0
1124,2133,car,0.4719,541,106,613,161,2.062
1124,2545,car,0.4847,469,213,567,335,3.206
1125,2336,bus,0.9235,1225,79,1491,313,1.031
1125,2493,car,0.4192,1077,58,1123,88,0.559
1125,2350,person,0.4426,107,420,151,513,0.0
1125,2506,truck,0.5327,225,387,363,530,3.816
1125,2435,person,0.4395,1593,271,1626,364,0.0
1125,2133,car,0.5044,540,106,612,161,1.82
1125,2545,car,0.4015,473,225,562,335,4.008
1125,2348,person,0.5368,464,323,506,420,1.0
1126,2336,bus,0.9211,1225,79,1491,315,0.901
1126,2493,car,0.3944,1079,57,1126,87,0.25
1126,2350,person,0.3882,108,420,151,512,0.25
1126,2506,truck,0.4403,226,387,362,528,3.354
1126,2435,person,0.4402,1593,271,1626,366,0.25
1126,2133,car,0.3504,539,106,610,161,1.677
1126,2545,car,0.3193,476,232,559,334,5.75
1126,2348,person,0.4007,464,323,506,418,1.214
1127,2336,bus,0.9201,1227,80,1494,317,1.458
1127,2493,car,0.3818,1076,57,1122,87,1.031
1127,2350,person,0.4145,108,420,152,513,0.25
1127,2506,truck,0.4557,229,382,365,524,3.606
1127,2435,person,0.4652,1594,271,1627,365,0.25
1127,2133,car,0.2994,539,107,607,160,1.521
1127,2545,car,0.4336,477,236,558,333,6.75
1127,2348,person,0.295,465,322,506,416,1.145
1128,2336,bus,0.8979,1228,80,1494,317,1.118
1128,2493,car,0.3956,1077,58,1123,88,0.354
1128,2350,person,0.4949,107,420,151,515,0.354
1128,2506,truck,0.4381,233,383,364,519,3.132
1128,2435,person,0.4311,1593,271,1626,365,0.25
1128,2133,car,0.4214,537,108,604,159,1.75
1128,2545,car,0.5226,477,236,558,332,2.512
1128,2348,person,0.282,464,322,505,415,1.005
1128,2352,truck,0.2739,418,87,519,192,0.85
1129,2336,bus,0.9027,1229,80,1495,317,1.118
1129,2493,car,0.4068,1077,58,1123,88,0.0
1129,2350,person,0.4487,107,420,151,515,0.25
1129,2506,truck,0.4532,234,382,363,516,2.462
1129,2435,person,0.4982,1593,270,1626,364,0.0
1129,2133,car,0.3215,535,104,605,157,1.677
1129,2545,car,0.5074,477,236,558,331,0.75
1129,2585,car,0.4718,233,391,360,518,0.0
1130,2336,bus,0.8815,1230,81,1495,318,1.118
1130,2493,car,0.4177,1078,56,1126,87,0.25
1130,2350,person,0.4522,108,421,152,515,0.559
1130,2506,truck,0.3608,237,383,362,512,2.795
1130,2435,person,0.4448,1593,270,1627,365,0.354
1130,2133,car,0.3628,537,106,603,156,1.118
1130,2545,car,0.5224,476,236,557,330,0.25
1130,2585,car,0.6253,235,391,359,515,1.414
1131,2336,bus,0.8765,1232,82,1495,317,0.791
1131,2493,car,0.4306,1078,56,1127,87,0.791
1131,2350,person,0.5087,107,421,151,516,0.559
1131,2506,truck,0.4559,237,377,364,508,2.85
1131,2435,person,0.466,1593,270,1627,365,0.25
1131,2133,car,0.3783,535,104,603,156,1.25
1131,2545,car,0.45,477,237,557,329,0.25
1131,2585,car,0.3663,234,382,363,510,4.123
1131,2348,person,0.2674,465,321,506,414,0.667
1131,2352,truck,0.2963,418,86,519,191,0.68
1132,2336,bus,0.8563,1233,82,1497,318,1.118
1132,2493,car,0.4354,1078,56,1127,87,0.707
1132,2350,person,0.4749,107,421,151,516,0.25
1132,2506,truck,0.4914,238,370,368,505,3.717
1132,2435,person,0.395,1593,270,1627,365,0.354
1132,2133,car,0.423,534,104,602,156,0.901
1132,2545,car,0.436,475,235,558,330,0.559
1133,2336,bus,0.8995,1234,82,1498,318,1.118
1133,2493,car,0.419,1076,57,1124,87,0.25
1133,2350,person,0.569,107,420,151,515,0.0
1133,2506,truck,0.4529,238,364,372,503,4.366
1133,2435,person,0.4478,1593,270,1627,365,0.25
1133,2133,car,0.2929,534,103,601,155,0.791
1133,2545,car,0.3937,475,231,560,328,1.0
1134,2336,bus,0.8888,1235,82,1499,318,1.275
1134,2493,car,0.4283,1074,58,1121,88,1.346
1134,2350,person,0.5581,107,420,151,516,0.25
1134,2506,truck,0.4084,238,358,374,500,4.828
1134,2435,person,0.4505,1594,269,1627,363,0.25
1134,2133,car,0.4012,533,105,598,155,1.275
1134,2344,bus,0.5228,231,29,378,156,1.131
1134,2352,truck,0.2799,418,88,517,189,0.6
1135,2336,bus,0.8667,1235,82,1499,319,1.031
1135,2493,car,0.4256,1074,58,1121,88,1.346
1135,2350,person,0.4651,107,420,151,515,0.25
1135,2506,truck,0.4279,240,356,374,497,4.366
1135,2435,person,0.4932,1594,270,1627,364,0.0
1135,2133,car,0.4139,532,103,599,154,1.118
1135,2344,bus,0.3399,230,30,377,157,1.124
1135,2352,truck,0.3232,417,87,516,187,0.579
1135,2545,car,0.298,473,229,559,327,1.0
1136,2336,bus,0.8771,1237,83,1500,319,0.791
1136,2493,car,0.4566,1077,55,1127,86,0.25
1136,2350,person,0.4598,107,421,151,516,0.0
1136,2506,truck,0.436,243,355,375,494,3.579
1136,2435,person,0.4449,1593,271,1626,365,0.354
1136,2133,car,0.4044,531,105,597,155,1.0
1136,2352,truck,0.2571,417,87,515,185,0.451
1136,2594,car,0.4353,244,356,373,493,0.0
1136,2545,car,0.4308,473,228,560,326,1.217
1137,2336,bus,0.8769,1237,83,1501,320,0.791
1137,2493,car,0.4535,1078,55,1128,87,0.791
1137,2350,person,0.4596,107,421,151,515,0.25
1137,2506,car,0.4791,245,354,373,490,2.926
1137,2435,person,0.4383,1593,272,1626,366,0.559
1137,2133,car,0.3602,531,104,597,155,0.75
1137,2352,bus,0.2913,418,87,517,184,0.527
1137,2594,truck,0.3129,245,356,373,492,1.0
1137,2545,car,0.4746,473,230,559,326,0.8
1137,2344,bus,0.2999,227,31,375,159,1.112
1138,2336,bus,0.8559,1238,82,1502,319,0.75
1138,2493,car,0.4274,1077,55,1127,87,1.346
1138,2350,person,0.5078,107,420,151,515,0.25
1138,2506,truck,0.4621,248,353,373,486,2.693
1138,2435,person,0.4796,1593,272,1626,365,0.559
1138,2133,car,0.3649,532,104,595,154,0.559
1138,2352,truck,0.2625,415,88,516,187,0.559
1138,2344,bus,0.3777,226,31,374,159,1.111
1138,2348,person,0.2702,465,314,505,406,0.833
1139,2336,bus,0.7658,1238,82,1502,319,0.75
1139,2493,car,0.4467,1078,56,1128,87,1.581
1139,2350,person,0.4306,107,421,151,516,0.25
1139,2506,truck,0.3162,250,353,372,482,2.462
1139,2435,person,0.4823,1593,272,1626,365,0.354
1139,2133,car,0.4435,529,104,592,154,1.275
1139,2352,truck,0.3404,413,86,516,187,0.559
1140,2336,bus,0.8678,1240,83,1503,320,0.75
1140,2493,car,0.4566,1078,55,1129,87,0.354
1140,2350,person,0.3916,107,421,151,516,0.0
1140,2506,truck,0.3218,251,351,372,479,2.305
1140,2435,person,0.4708,1593,273,1626,366,0.25
1140,2133,car,0.3437,526,103,590,154,1.581
1140,2352,truck,0.2971,412,86,515,187,0.75
1140,2344,bus,0.3789,223,32,371,159,1.269
1141,2336,bus,0.8987,1241,84,1505,321,1.031
1141,2493,car,0.4366,1078,54,1129,86,0.25
1141,2350,person,0.3637,107,421,151,515,0.0
1141,2506,truck,0.3289,254,349,373,474,2.926
1141,2435,person,0.4407,1593,274,1626,367,0.25
1141,2133,car,0.4676,524,103,587,153,2.264
1141,2348,person,0.3019,464,314,503,404,0.728
1142,2336,bus,0.8713,1242,85,1504,321,1.061
1142,2493,car,0.4335,1079,55,1130,87,0.5
1142,2350,person,0.4761,107,421,151,516,0.25
1142,2506,car,0.2992,255,349,373,473,2.236
1142,2435,person,0.3531,1592,273,1626,369,0.75
1142,2133,car,0.3625,521,106,582,153,3.0
1142,2348,person,0.3266,464,314,503,404,0.647
1143,2336,bus,0.8617,1242,84,1505,321,0.901
1143,2493,car,0.3805,1079,56,1130,88,0.354
1143,2350,person,0.4686,106,422,151,517,0.354
1143,2506,truck,0.5257,257,345,375,469,2.795
1143,2435,person,0.2746,1592,273,1626,370,0.75
1143,2352,truck,0.3295,417,98,511,189,1.424
1144,2336,bus,0.8774,1242,84,1505,321,0.559
1144,2493,car,0.4731,1080,55,1131,87,0.5
1144,2350,person,0.4518,107,421,152,516,0.0
1144,2506,truck,0.5491,257,340,376,465,3.482
1144,2435,person,0.4967,1593,273,1626,368,0.25
1144,2545,car,0.3733,471,227,556,322,0.582
1144,2133,car,0.4336,519,105,581,153,2.0
1145,2336,bus,0.8869,1242,84,1507,323,0.354
1145,2493,car,0.4434,1079,56,1129,87,0.354
1145,2350,person,0.5184,106,421,151,516,0.25
1145,2506,truck,0.5722,258,336,378,463,3.25
1145,2435,person,0.4697,1593,273,1626,366,0.25
1145,2545,car,0.2661,471,227,555,321,0.5
1145,2133,car,0.3837,518,106,580,154,1.844
1146,2336,bus,0.8801,1243,84,1508,324,0.559
1146,2493,car,0.4639,1079,55,1130,87,0.0
1146,2350,person,0.5201,106,421,151,516,0.25
1146,2506,truck,0.5384,261,336,379,461,3.579
1146,2435,person,0.3993,1593,274,1626,367,0.25
1146,2545,car,0.3168,472,227,557,322,0.361
1146,2133,car,0.508,518,104,580,152,1.2
1146,2610,car,0.4053,263,337,373,461,0.0
1147,2336,bus,0.8951,1244,84,1509,323,0.791
1147,2493,car,0.4747,1078,56,1129,87,0.354
1147,2350,person,0.5206,106,420,152,516,0.354
1147,2506,truck,0.5362,263,335,379,458,3.021
1147,2435,person,0.4727,1593,273,1625,364,0.75
1147,2545,car,0.3986,472,226,556,319,0.632
1147,2133,car,0.3647,517,103,580,152,0.721
1147,2610,car,0.4071,264,337,372,459,1.0
1148,2336,bus,0.8747,1243,83,1510,325,0.901
1148,2493,car,0.4347,1079,56,1130,87,0.25
1148,2350,person,0.54,106,420,152,516,0.0
1148,2506,truck,0.3378,264,337,377,455,1.803
1148,2435,person,0.3557,1592,272,1625,365,0.559
1148,2545,car,0.2754,472,226,555,318,0.5
1148,2133,car,0.3849,517,103,579,153,0.559
1148,2610,car,0.5184,268,344,369,456,0.5
1148,2352,truck,0.3405,411,87,511,182,0.5
1149,2336,bus,0.8794,1244,84,1513,328,1.25
1149,2493,car,0.2796,1079,58,1129,89,0.5
1149,2350,person,0.4821,106,421,152,518,0.354
1149,2506,car,0.5114,266,338,377,454,1.061
1149,2435,person,0.3259,1592,273,1625,368,0.354
1149,2545,car,0.4819,471,226,555,319,0.5
1149,2133,car,0.3603,513,103,576,153,1.346
1149,2610,truck,0.2979,268,335,375,454,1.944
1149,2352,truck,0.2805,408,84,514,184,0.361
1150,2336,bus,0.8668,1245,84,1514,328,1.118
1150,2493,car,0.2822,1079,58,1129,89,0.5
1150,2350,person,0.5335,105,421,151,517,0.25
1150,2506,truck,0.4381,261,323,384,452,2.795
1150,2435,person,0.2735,1592,273,1625,369,0.354
1150,2545,car,0.3267,471,224,556,317,1.031
1150,2133,car,0.3916,512,103,574,153,1.5
1150,2610,car,0.3095,268,332,377,453,2.016
1150,2352,truck,0.2532,407,83,513,184,0.424
1151,2336,bus,0.8525,1244,84,1513,328,0.901
1151,2493,car,0.3454,1080,57,1131,89,0.707
1151,2350,person,0.4693,105,421,152,517,0.354
1151,2435,person,0.3326,1592,273,1625,369,0.791
1151,2545,car,0.2597,473,225,556,316,0.5
1151,2133,car,0.3864,511,103,572,152,1.75
1151,2610,car,0.5926,271,334,376,450,1.953
1151,2352,truck,0.3773,408,83,511,181,1.51
1152,2336,bus,0.7937,1245,84,1514,329,0.901
1152,2493,car,0.3498,1080,56,1131,88,0.354
1152,2350,person,0.4949,105,421,152,517,0.354
1152,2435,person,0.2831,1592,274,1625,370,1.0
1152,2545,car,0.3859,473,224,556,314,0.791
1152,2133,car,0.3386,511,104,571,153,1.75
1152,2610,car,0.5269,272,332,375,446,3.021
1152,2506,truck,0.2902,268,324,383,445,2.53
1153,2336,bus,0.8027,1246,84,1516,330,0.791
1153,2493,car,0.3037,1080,58,1130,89,0.25
1153,2350,person,0.5082,104,421,151,517,0.5
1153,2545,car,0.3722,472,222,556,313,1.275
1153,2133,car,0.3715,510,104,570,153,1.0
1153,2610,car,0.3735,272,330,376,444,1.904
1153,2506,truck,0.3139,269,321,383,441,3.231
1153,2352,truck,0.3646,405,83,507,179,1.166
1154,2336,bus,0.8313,1247,84,1517,331,0.791
1154,2493,car,0.3704,1080,57,1130,89,0.25
1154,2350,person,0.4912,105,421,152,517,0.0
1154,2545,car,0.3897,472,221,557,313,0.791
1154,2133,car,0.4215,510,105,567,152,1.25
1154,2610,car,0.5532,273,327,378,442,2.136
1154,2506,truck,0.2633,270,320,382,439,3.544
1154,2352,truck,0.3378,404,84,507,179,1.342
1154,2435,person,0.2686,1592,274,1625,370,0.4
1155,2336,bus,0.8527,1248,84,1519,333,1.346
1155,2493,car,0.3557,1080,57,1130,89,0.0
1155,2350,person,0.4419,105,421,152,516,0.25
1155,2545,car,0.3849,471,219,556,311,1.275
1155,2133,car,0.4332,509,106,565,152,1.118
1155,2506,car,0.4406,270,318,381,436,2.088
1155,2352,truck,0.3034,402,84,507,180,1.217
1155,2435,person,0.3874,1592,273,1625,370,0.0
1155,2348,person,0.3134,465,295,505,389,1.042
1156,2336,bus,0.8623,1249,84,1519,332,1.346
1156,2493,car,0.353,1081,56,1130,88,0.0
1156,2350,person,0.4269,106,421,151,510,1.0
1156,2545,car,0.3811,471,217,557,311,1.25
1156,2133,car,0.3457,507,104,563,150,1.521
1156,2506,bus,0.2635,270,310,385,434,3.041
1156,2352,truck,0.3196,402,84,509,181,0.8
1156,2435,person,0.329,1592,274,1625,369,0.0
1156,2624,car,0.3345,1003,76,1068,110,0.0
1157,2336,bus,0.8606,1250,85,1518,331,0.791
1157,2493,car,0.3666,1080,56,1129,88,0.354
1157,2350,person,0.4737,105,421,151,514,0.559
1157,2545,car,0.3609,470,216,557,310,1.031
1157,2133,car,0.2994,503,104,561,151,2.016
1157,2506,car,0.3382,274,313,383,431,2.305
1157,2435,person,0.3586,1592,274,1625,369,0.2
1157,2624,car,0.3446,1003,76,1068,110,0.0
1158,2336,bus,0.7728,1252,86,1518,331,0.791
1158,2493,car,0.3687,1081,57,1130,89,0.0
1158,2350,person,0.4665,105,421,152,515,0.25
1158,2545,car,0.3123,471,216,557,310,1.0
1158,2133,car,0.2817,502,104,561,151,1.768
1158,2506,truck,0.3039,277,310,384,425,3.162
1158,2435,person,0.3218,1592,274,1625,370,0.0
1158,2624,car,0.3085,1003,77,1068,111,0.5
1158,2352,truck,0.2784,399,85,505,181,0.894
1159,2336,bus,0.7376,1252,86,1518,331,0.5
1159,2493,car,0.3252,1081,57,1130,89,0.0
1159,2350,person,0.4263,104,421,152,516,0.0
1159,2545,car,0.4408,472,217,556,309,0.559
1159,2506,truck,0.36,278,306,385,421,3.808
1159,2435,person,0.2651,1592,274,1625,370,0.25
1159,2624,car,0.3036,1003,77,1068,111,0.333
1160,2336,bus,0.713,1252,86,1519,332,0.354
1160,2493,car,0.3007,1081,56,1129,87,0.25
1160,2350,person,0.4024,104,421,152,516,0.75
1160,2545,car,0.4601,472,218,555,308,0.354
1160,2506,car,0.3814,279,307,383,418,2.693
1160,2624,car,0.3811,1005,77,1068,110,0.25
1160,2133,car,0.2862,501,104,558,150,1.649
1160,2352,truck,0.2763,396,83,505,181,0.85
1161,2336,bus,0.6997,1252,87,1520,334,0.707
1161,2493,car,0.3137,1081,57,1129,88,0.25
1161,2350,person,0.4994,104,421,152,516,0.25
1161,2545,car,0.4885,472,218,554,307,0.25
1161,2506,car,0.3675,279,305,384,417,2.85
1161,2624,car,0.3127,1004,78,1068,111,0.354
1161,2632,car,0.4151,463,161,528,223,0.0
1161,2435,person,0.2508,1592,274,1625,370,0.2
1162,2336,bus,0.7249,1254,87,1522,334,0.901
1162,2493,car,0.2731,1082,58,1129,89,0.0
1162,2350,person,0.4745,103,421,151,517,0.354
1162,2545,car,0.4293,472,218,555,308,0.25
1162,2506,car,0.5238,279,303,385,416,2.062
1162,2632,car,0.3725,462,160,527,223,1.414
1162,2352,truck,0.3084,406,106,495,183,1.807
1163,2336,bus,0.7159,1254,87,1522,335,1.061
1163,2350,person,0.396,104,421,152,516,0.0
1163,2545,car,0.395,472,218,553,305,0.707
1163,2506,car,0.6499,281,302,386,414,1.346
1163,2632,car,0.311,462,160,527,223,0.707
1164,2336,bus,0.534,1255,87,1522,335,0.901
1164,2350,person,0.4506,104,421,151,516,0.25
1164,2545,car,0.3241,472,218,552,305,0.559
1164,2506,truck,0.3805,282,302,384,411,1.581
1164,2632,car,0.3463,463,160,525,220,0.745
1164,2637,person,0.3751,1809,334,1842,439,0.0
1164,2624,car,0.2914,1006,80,1067,112,0.373
1165,2336,bus,0.6665,1255,87,1524,337,0.901
1165,2350,person,0.4784,103,421,151,516,0.25
1165,2545,car,0.4128,472,218,552,304,0.354
1165,2506,car,0.5876,284,302,385,410,1.458
1165,2632,car,0.3145,465,159,524,216,1.275
1165,2637,person,0.4157,1809,334,1842,438,0.0
1165,2624,car,0.3059,1006,80,1067,112,0.373
1165,2493,car,0.2547,1081,57,1129,88,0.167
1166,2336,bus,0.7378,1255,87,1525,338,0.707
1166,2350,person,0.4236,104,421,152,517,0.25
1166,2545,car,0.4597,471,217,551,303,0.901
1166,2506,car,0.6549,285,301,385,407,1.458
1166,2632,car,0.2769,464,159,523,216,1.031
1166,2637,person,0.4997,1809,333,1843,440,0.5
1166,2493,car,0.2754,1081,57,1128,88,0.236
1167,2336,bus,0.628,1256,87,1526,339,0.901
1167,2350,person,0.432,104,421,151,516,0.25
1167,2545,car,0.3305,471,216,551,302,0.559
1167,2506,car,0.5921,285,295,386,403,2.305
1167,2637,person,0.4812,1810,333,1843,437,0.471
1167,2133,car,0.286,493,103,550,149,1.276
1168,2336,bus,0.7411,1257,88,1526,340,1.061
1168,2350,person,0.4928,104,421,151,516,0.0
1168,2506,car,0.7224,286,294,386,402,2.136
1168,2637,person,0.5972,1809,332,1842,438,0.25
1168,2641,truck,0.3215,391,83,499,180,0.0
1168,2133,car,0.2845,494,103,549,148,1.016
1168,2348,person,0.2701,467,288,505,379,0.901
1168,2624,car,0.2526,1007,80,1067,111,0.28
1168,2493,car,0.2673,1081,57,1128,88,0.143
1169,2336,bus,0.7782,1259,89,1527,341,1.25
1169,2350,person,0.4385,104,421,151,516,0.0
1169,2506,car,0.6615,288,294,387,400,2.372
1169,2637,person,0.6284,1809,332,1842,439,0.25
1169,2133,car,0.3132,492,103,546,148,1.106
1169,2493,car,0.2676,1081,57,1128,88,0.202
1169,2352,truck,0.3227,400,111,487,183,1.478
1170,2336,bus,0.7916,1260,90,1527,341,1.061
1170,2350,person,0.4152,104,421,151,515,0.354
1170,2506,truck,0.3546,290,292,388,397,2.693
1170,2637,person,0.6208,1809,332,1842,438,0.354
1170,2133,car,0.3958,492,103,545,148,1.118
1170,2493,car,0.2599,1082,57,1129,89,0.2
1170,2624,car,0.2518,1009,81,1068,112,0.314
1171,2336,bus,0.8181,1262,90,1528,341,1.118
1171,2350,person,0.4317,104,421,151,515,0.0
1171,2506,car,0.7352,291,292,388,395,1.803
1171,2637,person,0.6225,1809,332,1842,438,0.25
1171,2133,car,0.4293,492,102,544,146,0.901
1171,2493,car,0.2653,1082,57,1129,89,0.283
1171,2545,car,0.3492,469,213,550,299,0.833
1171,2641,truck,0.2864,387,83,493,178,1.7
1172,2336,bus,0.8099,1263,90,1530,343,1.346
1172,2350,person,0.4436,104,421,151,516,0.0
1172,2506,car,0.7763,290,289,387,393,1.82
1172,2637,person,0.6566,1810,331,1843,437,0.354
1172,2133,car,0.398,491,103,543,147,1.0
1172,2493,car,0.2903,1082,58,1128,89,0.354
1172,2545,car,0.3424,468,213,549,299,0.915
1172,2641,truck,0.3342,385,81,492,177,1.82
1173,2336,bus,0.8411,1264,90,1529,342,0.791
1173,2350,person,0.411,104,422,151,516,0.25
1173,2506,car,0.6535,290,287,389,392,2.062
1173,2637,person,0.6654,1810,331,1843,437,0.354
1173,2133,car,0.4237,490,102,542,147,0.791
1173,2493,car,0.2587,1083,58,1129,89,0.559
1174,2336,bus,0.7897,1265,91,1529,343,1.118
1174,2350,person,0.449,104,421,150,514,0.25
1174,2506,car,0.6911,290,284,391,391,1.768
1174,2637,person,0.6771,1811,332,1844,438,0.5
1174,2133,car,0.4385,490,102,541,147,0.791
1174,2493,car,0.2602,1082,57,1127,88,0.354
1174,2624,car,0.2503,1009,81,1068,112,0.2
1175,2336,bus,0.72,1268,92,1530,342,1.118
1175,2350,person,0.4342,104,421,150,515,0.0
1175,2506,car,0.6978,291,281,392,389,2.062
1175,2637,person,0.6404,1811,333,1844,438,0.5
1175,2133,car,0.4286,490,102,541,147,0.75
1175,2493,car,0.2689,1083,57,1128,88,0.25
1175,2624,car,0.2867,1008,81,1066,111,0.1
1176,2336,bus,0.6461,1267,91,1531,343,0.791
1176,2350,person,0.442,104,421,150,515,0.0
1176,2506,car,0.6531,292,280,391,386,2.136
1176,2637,person,0.6563,1811,336,1843,439,0.791
1176,2133,car,0.3252,489,102,540,147,0.791
1176,2493,car,0.2636,1083,57,1127,88,0.25
1176,2624,car,0.2964,1008,80,1067,110,0.0
1177,2336,bus,0.8259,1269,92,1531,342,1.031
1177,2350,person,0.3847,105,421,151,516,0.354
1177,2506,car,0.7245,292,278,390,383,2.305
1177,2637,person,0.6196,1812,336,1844,438,0.901
1177,2493,car,0.2892,1084,56,1128,86,0.5
1177,2624,car,0.3373,1006,79,1067,110,0.404
1178,2336,bus,0.8074,1270,93,1532,344,1.031
1178,2350,person,0.3199,106,421,151,514,0.25
1178,2506,car,0.6022,294,278,390,381,2.062
1178,2637,person,0.6202,1813,337,1845,437,0.707
1178,2493,car,0.3141,1084,56,1127,86,0.354
1178,2624,car,0.3745,1007,78,1069,110,0.5
1179,2336,bus,0.8001,1270,93,1534,346,0.901
1179,2350,person,0.3941,105,422,150,514,0.0
1179,2506,car,0.5964,295,275,391,378,2.305
1179,2637,person,0.6469,1813,337,1846,438,0.707
1179,2624,car,0.2827,1007,79,1068,110,0.5
1179,2133,car,0.2985,486,101,537,146,0.85
1180,2336,bus,0.7861,1270,93,1534,347,1.061
1180,2350,person,0.3845,105,422,150,513,0.25
1180,2506,car,0.3429,297,273,393,376,2.462
1180,2637,person,0.6738,1813,338,1846,439,0.559
1180,2624,car,0.2758,1008,80,1069,111,0.25
1180,2133,car,0.2725,484,101,535,146,1.014
1180,2545,truck,0.259,467,206,549,292,0.814
1181,2336,bus,0.7756,1270,93,1535,349,1.118
1181,2350,person,0.4536,105,422,150,514,0.25
1181,2506,car,0.4964,297,272,393,374,2.016
1181,2637,person,0.6788,1813,337,1847,438,0.5
1181,2624,car,0.3195,1007,80,1068,111,0.354
1181,2545,truck,0.2745,468,206,550,292,0.728
1181,2493,car,0.2656,1086,57,1127,86,0.236
1182,2336,bus,0.8143,1272,93,1535,347,0.707
1182,2350,person,0.4142,104,422,149,515,0.559
1182,2506,car,0.6833,298,272,393,373,1.904
1182,2637,person,0.6788,1813,338,1847,438,0.354
1182,2624,car,0.3023,1008,80,1068,110,0.25
1182,2545,truck,0.2877,468,205,550,291,0.727
1182,2493,car,0.2639,1086,57,1127,86,0.236
1183,2336,bus,0.8075,1271,91,1535,347,0.25
1183,2350,person,0.3983,105,422,150,515,0.0
1183,2506,car,0.6622,299,270,394,370,1.677
1183,2637,person,0.6831,1813,338,1847,438,0.354
1183,2624,car,0.3069,1011,80,1070,110,0.791
1184,2336,bus,0.8297,1272,91,1536,348,0.559
1184,2350,person,0.441,105,421,150,514,0.0
1184,2506,car,0.8028,301,269,392,365,1.768
1184,2637,person,0.6674,1813,339,1847,437,0.25
1184,2624,car,0.3501,1009,80,1068,110,0.0
1184,2493,car,0.275,1086,57,1128,86,0.143
1185,2336,bus,0.8231,1273,91,1536,348,0.707
1185,2350,person,0.5005,104,421,150,515,0.0
1185,2506,car,0.6476,301,267,394,365,1.82
1185,2637,person,0.6568,1813,339,1847,437,0.25
1185,2624,car,0.3281,1008,80,1068,110,0.25
1185,2493,car,0.3032,1086,56,1128,85,0.319
1185,2133,car,0.2566,480,102,530,146,1.0
1185,2545,truck,0.2675,467,204,548,289,0.773
1186,2336,bus,0.7906,1274,90,1537,347,0.707
1186,2350,person,0.4876,104,421,150,515,0.25
1186,2506,car,0.8372,303,264,395,361,2.693
1186,2637,person,0.64,1814,339,1849,438,0.25
1186,2624,car,0.2975,1007,80,1067,110,0.25
1186,2493,car,0.2657,1086,56,1128,85,0.283
1186,2545,car,0.2853,466,201,548,287,0.85
1187,2336,bus,0.6794,1273,90,1537,348,0.5
1187,2350,person,0.4556,105,421,150,515,0.0
1187,2506,car,0.8943,304,263,395,359,2.372
1187,2637,person,0.6399,1814,338,1849,437,0.354
1187,2624,car,0.276,1007,80,1068,110,0.75
1187,2493,car,0.3905,1084,55,1127,85,0.283
1188,2336,bus,0.6801,1274,90,1537,348,0.25
1188,2350,person,0.4268,105,421,151,515,0.354
1188,2506,car,0.8617,305,260,397,356,2.574
1188,2637,person,0.6316,1814,337,1850,436,0.707
1188,2624,car,0.2693,1008,80,1069,110,0.0
1188,2493,car,0.4076,1080,57,1124,87,1.275
1188,2655,car,0.3383,1134,51,1186,82,0.0
1188,2435,person,0.2583,1593,273,1624,363,0.097
1188,2545,car,0.2751,466,202,547,287,0.833
1189,2336,bus,0.7209,1275,90,1538,348,0.5
1189,2350,person,0.4476,105,420,151,516,0.25
1189,2506,car,0.8525,305,257,398,354,2.926
1189,2637,person,0.6163,1815,337,1851,436,0.901
1189,2493,car,0.4432,1078,58,1122,88,1.904
1189,2655,car,0.3721,1134,50,1188,82,1.0
1189,2435,person,0.2965,1593,273,1624,363,0.129
1189,2545,car,0.3644,466,200,549,286,0.769
1189,2348,person,0.3113,468,269,504,355,0.981
1190,2336,bus,0.635,1276,89,1538,347,0.5
1190,2350,person,0.476,105,419,152,516,0.354
1190,2506,car,0.8163,306,257,398,353,1.904
1190,2637,person,0.5938,1815,337,1851,435,0.707
1190,2493,car,0.3885,1078,58,1122,87,1.82
1190,2655,car,0.3744,1133,49,1189,82,0.707
1190,2545,car,0.2505,466,199,549,285,0.8
1191,2336,bus,0.4877,1275,91,1537,348,0.25
1191,2350,person,0.5679,105,419,152,516,0.354
1191,2506,car,0.8124,308,256,397,349,2.372
1191,2637,person,0.6209,1816,337,1852,435,0.791
1191,2493,car,0.3454,1079,59,1123,88,1.25
1191,2655,car,0.3876,1132,49,1187,82,0.471
1192,2336,bus,0.6446,1275,90,1538,349,0.25
1192,2350,person,0.4245,105,419,152,516,0.25
1192,2506,car,0.8298,310,255,398,347,1.904
1192,2637,person,0.6202,1816,337,1853,435,0.5
1192,2493,car,0.4069,1079,59,1123,88,0.354
1192,2655,car,0.3475,1132,51,1184,82,0.5
1192,2348,traffic light,0.2565,470,269,504,351,0.983
1193,2336,bus,0.6998,1275,89,1538,349,0.0
1193,2350,person,0.5297,104,418,152,517,0.25
1193,2506,car,0.7699,311,252,400,345,2.016
1193,2637,person,0.6206,1816,337,1853,435,0.25
1193,2493,car,0.3468,1079,59,1122,87,0.0
1193,2655,car,0.3301,1131,50,1184,81,1.031
1193,2348,traffic light,0.2548,470,267,505,352,0.87
1194,2336,bus,0.7687,1277,90,1540,350,0.559
1194,2350,person,0.4914,105,418,153,517,0.25
1194,2506,car,0.7769,312,252,401,345,2.016
1194,2637,person,0.6538,1816,337,1853,435,0.25
1194,2493,car,0.295,1082,59,1126,87,1.031
1194,2655,car,0.3583,1131,49,1184,80,1.031
1195,2336,bus,0.7983,1277,90,1539,350,0.559
1195,2350,person,0.4598,104,418,152,517,0.0
1195,2506,car,0.7671,311,250,401,344,1.601
1195,2637,person,0.6623,1816,338,1853,436,0.25
1195,2493,car,0.2984,1081,59,1124,87,0.25
1195,2655,car,0.354,1131,49,1184,80,0.559
1195,2348,traffic light,0.2579,470,264,505,349,1.001
1196,2336,bus,0.8568,1277,90,1541,353,0.901
1196,2350,person,0.598,104,418,152,518,0.25
1196,2506,car,0.7459,311,249,401,343,1.346
1196,2637,person,0.6846,1815,338,1853,437,0.25
1196,2493,car,0.3318,1079,59,1122,87,0.25
1196,2655,car,0.384,1131,49,1186,82,0.25
1196,2348,traffic light,0.2631,471,264,505,348,0.904
1197,2336,bus,0.8286,1277,91,1541,354,1.061
1197,2350,person,0.5969,104,418,152,518,0.25
1197,2506,car,0.7201,312,248,401,341,1.031
1197,2637,person,0.6638,1815,339,1853,438,0.5
1197,2493,car,0.3222,1079,59,1122,87,0.0
1197,2655,car,0.3815,1131,49,1187,82,0.5
1197,2348,traffic light,0.2913,471,262,506,347,1.217
1198,2336,bus,0.7789,1277,91,1541,355,0.791
1198,2350,person,0.5792,104,418,152,517,0.25
1198,2506,car,0.7415,312,246,400,338,1.5
1198,2637,person,0.6434,1815,340,1853,438,0.75
1198,2493,car,0.319,1079,60,1122,88,1.031
1198,2655,car,0.362,1131,48,1187,82,0.559
1198,2348,traffic light,0.2804,471,261,506,346,1.217
1199,2336,bus,0.7976,1278,92,1542,357,1.118
1199,2350,person,0.4885,104,418,151,517,0.25
1199,2506,car,0.7343,313,245,401,337,1.521
1199,2637,person,0.6732,1814,340,1852,438,0.559
1199,2493,car,0.3425,1079,59,1122,87,0.5
1199,2655,car,0.3769,1131,49,1185,81,0.354
1199,2348,traffic light,0.3351,472,261,506,346,0.901
1200,2336,bus,0.7816,1279,91,1542,356,0.559
1200,2350,person,0.5541,104,418,151,517,0.354
1200,2506,car,0.7059,313,243,401,335,1.768
1200,2637,person,0.6912,1814,340,1852,439,0.559
1200,2493,car,0.3544,1079,59,1123,87,0.25
1200,2655,car,0.37,1132,50,1184,81,0.0
1200,2545,car,0.2923,466,193,546,276,0.718
1201,2336,bus,0.8342,1280,91,1542,357,0.707
1201,2350,person,0.5758,104,418,151,517,0.354
1201,2506,car,0.723,314,242,401,333,1.768
1201,2637,person,0.7086,1814,340,1853,439,0.354
1201,2493,car,0.32,1079,60,1122,88,0.25
1201,2655,car,0.3381,1131,50,1183,81,0.5
1201,2545,car,0.3592,469,192,547,274,0.86
1201,2435,person,0.2563,1594,273,1625,363,0.098
1202,2336,bus,0.7846,1281,92,1541,356,0.559
1202,2350,person,0.5594,104,418,151,516,0.25
1202,2506,car,0.6899,315,240,402,331,1.82
1202,2637,person,0.6971,1813,341,1852,440,0.559
1202,2493,car,0.3251,1078,60,1120,88,0.25
1202,2655,car,0.3353,1132,50,1183,81,0.5
1202,2545,car,0.3896,469,193,546,273,0.769
1202,2657,truck,0.3088,363,77,465,167,0.0
1203,2336,bus,0.7481,1281,92,1542,357,0.25
1203,2350,person,0.5604,104,418,151,516,0.0
1203,2506,car,0.684,316,240,402,330,1.581
1203,2637,person,0.7161,1813,341,1852,439,0.354
1203,2493,car,0.3162,1078,60,1120,87,0.25
1203,2655,car,0.3493,1132,50,1183,80,0.25
1203,2545,car,0.3907,469,196,543,273,0.62
1204,2336,bus,0.8007,1282,92,1543,358,0.707
1204,2350,person,0.5206,104,418,151,516,0.0
1204,2506,car,0.5923,316,237,402,327,1.82
1204,2637,person,0.7192,1814,341,1853,439,0.25
1204,2493,car,0.3336,1079,60,1121,87,0.25
1204,2655,car,0.424,1131,51,1182,81,0.559
1204,2545,car,0.3179,469,195,543,271,0.25
1204,2657,truck,0.2896,361,75,465,168,0.707
1205,2336,bus,0.7919,1282,91,1543,358,0.25
1205,2350,person,0.447,104,418,151,516,0.0
1205,2506,car,0.6813,318,237,403,325,1.677
1205,2637,person,0.6836,1814,341,1853,440,0.25
1205,2493,car,0.3324,1079,60,1121,87,0.25
1205,2655,car,0.4313,1131,52,1181,81,0.354
1205,2545,car,0.2657,468,193,545,272,0.559
1206,2336,bus,0.7923,1283,91,1543,358,0.5
1206,2350,person,0.4532,104,418,151,516,0.0
1206,2506,car,0.671,319,237,402,322,1.581
1206,2637,person,0.6949,1814,341,1853,439,0.25
1206,2493,car,0.2936,1079,60,1120,87,0.25
1206,2655,car,0.4435,1131,52,1181,81,0.354
1206,2545,car,0.3966,467,191,545,272,0.559
1207,2336,bus,0.7284,1283,91,1542,358,0.25
1207,2350,person,0.5393,104,418,151,516,0.0
1207,2506,car,0.7492,318,234,402,321,2.016
1207,2637,person,0.685,1814,342,1852,439,0.25
1207,2493,car,0.2871,1078,60,1119,87,0.25
1207,2655,car,0.4177,1130,52,1180,81,0.559
1207,2545,car,0.4241,468,190,545,270,1.0
1208,2336,bus,0.7566,1284,91,1543,359,0.25
1208,2350,person,0.538,104,418,151,516,0.0
1208,2506,car,0.6806,320,233,403,319,1.581
1208,2637,person,0.6833,1814,341,1852,438,0.25
1208,2493,car,0.2888,1078,60,1119,87,0.5
1208,2655,car,0.3026,1130,52,1178,79,0.559
1208,2545,car,0.2892,468,190,545,270,0.75
1209,2336,bus,0.7357,1284,91,1543,359,0.354
1209,2350,person,0.4745,104,418,151,516,0.0
1209,2506,car,0.7003,320,233,403,318,1.521
1209,2637,person,0.6761,1814,341,1852,437,0.25
1209,2493,car,0.2756,1078,60,1119,87,0.5
1209,2655,car,0.2742,1130,53,1177,80,0.75
1209,2545,car,0.2818,468,190,545,270,0.5
1210,2336,bus,0.7756,1285,93,1541,359,0.5
1210,2350,person,0.5008,104,418,152,516,0.25
1210,2506,car,0.4727,322,230,405,315,1.904
1210,2637,person,0.7,1814,341,1852,438,0.25
1210,2545,car,0.2608,468,189,544,268,0.75
1211,2336,bus,0.7517,1286,93,1542,359,0.707
1211,2350,person,0.4256,104,418,152,517,0.25
1211,2506,car,0.5053,322,229,405,314,1.677
1211,2637,person,0.7171,1814,341,1852,439,0.0
1211,2545,car,0.4193,467,187,545,268,0.75
1211,2493,car,0.2519,1078,60,1119,87,0.2
1211,2655,car,0.2856,1129,52,1178,80,0.6
1212,2336,bus,0.6678,1286,92,1541,359,0.0
1212,2350,person,0.4361,104,418,151,516,0.0
1212,2506,car,0.5397,321,226,405,313,1.82
1212,2637,person,0.7159,1814,341,1853,440,0.25
1212,2545,car,0.298,466,184,547,269,1.0
1212,2493,car,0.2977,1078,60,1119,87,0.0
1212,2655,car,0.3455,1128,52,1178,80,0.4
1213,2336,bus,0.5668,1285,92,1540,359,0.25
1213,2350,person,0.487,104,418,151,516,0.0
1213,2506,car,0.5355,320,224,405,312,1.768
1213,2637,person,0.7155,1814,341,1853,440,0.25
1213,2545,car,0.2942,465,182,546,268,1.275
1213,2493,car,0.2829,1079,60,1120,87,0.2
1213,2655,car,0.3437,1128,52,1179,80,0.283
1213,2657,truck,0.3,357,76,458,165,0.662
1214,2336,bus,0.7164,1285,92,1540,359,0.354
1214,2350,person,0.4821,104,418,151,516,0.25
1214,2637,person,0.7072,1814,341,1853,440,0.25
1214,2493,car,0.3154,1078,60,1120,88,0.283
1214,2655,car,0.315,1127,51,1178,79,0.283
1214,2657,truck,0.3761,355,76,457,166,0.672
1215,2336,bus,0.7904,1285,91,1540,359,0.559
1215,2350,person,0.5498,104,418,151,516,0.25
1215,2637,person,0.7125,1814,341,1852,440,0.0
1215,2493,car,0.3073,1079,60,1121,88,0.559
1215,2655,car,0.316,1127,52,1178,80,0.25
1215,2506,car,0.62,322,223,404,309,1.2
1216,2336,bus,0.7932,1284,91,1540,360,0.25
1216,2350,person,0.5935,104,418,151,516,0.0
1216,2637,person,0.7168,1814,341,1853,440,0.0
1216,2655,car,0.2799,1127,52,1178,80,0.25
1216,2506,car,0.5763,323,223,404,307,1.2
1216,2545,car,0.2846,464,178,547,266,1.014
1217,2336,bus,0.7808,1286,92,1540,360,0.354
1217,2350,person,0.5346,104,418,152,516,0.25
1217,2637,person,0.7093,1815,342,1853,440,0.354
1217,2506,car,0.6313,324,222,404,305,1.217
1218,2336,bus,0.8102,1287,92,1541,361,0.559
1218,2350,person,0.5775,104,418,152,517,0.25
1218,2637,person,0.7272,1815,342,1854,441,0.354
1218,2506,car,0.4562,325,221,404,304,1.265
1218,2655,car,0.2588,1127,53,1178,81,0.283
1218,2545,car,0.3143,464,179,544,265,0.769
1219,2336,bus,0.7981,1287,93,1541,363,0.901
1219,2350,person,0.4677,104,418,151,516,0.0
1219,2637,person,0.7027,1815,342,1854,442,0.559
1219,2506,car,0.6215,326,221,404,302,1.346
1219,2655,car,0.312,1128,52,1179,80,0.283
1219,2545,car,0.3113,465,180,544,265,0.639
1219,2493,car,0.3463,1078,59,1121,87,0.143
1220,2336,bus,0.669,1287,93,1541,363,0.901
1220,2350,person,0.5156,104,418,151,516,0.0
1220,2637,person,0.6931,1815,342,1854,441,0.354
1220,2506,car,0.402,325,218,405,301,1.581
1220,2655,car,0.2745,1128,53,1180,82,0.447
1220,2545,car,0.36,466,181,542,264,0.452
1220,2493,car,0.3141,1078,59,1121,87,0.0
1220,2657,truck,0.3212,349,77,451,165,0.78
1221,2336,bus,0.6978,1288,92,1542,362,0.559
1221,2350,person,0.572,104,418,152,517,0.0
1221,2637,person,0.6997,1815,343,1854,441,0.25
1221,2506,car,0.6259,326,217,405,299,1.275
1221,2655,car,0.2717,1127,52,1180,81,0.2
1221,2545,car,0.4494,465,178,542,262,0.566
1221,2493,car,0.2978,1078,59,1121,87,0.143
1221,2657,truck,0.5635,348,76,452,165,0.767
1221,2435,person,0.2935,1593,273,1624,363,0.067
1222,2336,bus,0.7095,1288,92,1541,362,0.25
1222,2350,person,0.4992,104,418,152,518,0.25
1222,2637,person,0.6525,1815,345,1853,441,0.5
1222,2655,car,0.2649,1127,52,1180,81,0.354
1222,2545,car,0.4461,463,176,540,260,1.25
1222,2493,car,0.2561,1078,59,1120,86,0.319
1222,2657,truck,0.5567,348,78,451,166,0.916
1222,2435,person,0.2518,1594,273,1625,363,0.029
1223,2336,bus,0.6779,1288,93,1541,363,0.0
1223,2350,person,0.5539,104,418,152,517,0.25
1223,2637,person,0.7014,1815,345,1853,441,0.25
1223,2545,car,0.3629,463,176,540,260,1.25
1223,2657,truck,0.4913,349,84,447,166,0.994
1223,2435,person,0.3057,1594,273,1625,364,0.029
1223,2506,car,0.5165,326,213,407,297,1.456
1224,2336,bus,0.6737,1289,93,1541,363,0.25
1224,2350,person,0.5192,104,418,152,517,0.25
1224,2637,person,0.7157,1816,345,1854,441,0.559
1224,2545,car,0.4256,464,177,539,259,1.25
1224,2657,truck,0.5358,347,83,448,167,1.25
1224,2435,person,0.2657,1594,273,1625,364,0.0
1224,2506,car,0.5546,327,213,407,297,1.265
1224,2655,car,0.2593,1127,53,1178,81,0.283
1225,2336,bus,0.758,1290,93,1541,363,0.25
1225,2350,person,0.4086,104,418,152,517,0.0
1225,2637,person,0.7207,1816,346,1855,443,0.559
1225,2545,car,0.2563,465,179,539,259,0.354
1225,2657,truck,0.4791,346,83,447,166,1.414
1225,2435,person,0.2591,1594,273,1625,363,0.25
1225,2506,car,0.3429,327,211,408,296,1.265
1225,2655,car,0.2869,1128,54,1179,82,0.283
1225,2493,car,0.2647,1079,60,1121,87,0.167
1226,2336,bus,0.7429,1290,93,1541,363,0.354
1226,2350,person,0.3983,104,418,152,517,0.25
1226,2637,person,0.6856,1816,347,1855,443,0.559
1226,2545,car,0.3906,465,180,538,259,0.25
1226,2657,truck,0.5163,344,82,447,166,1.118
1226,2435,person,0.2745,1594,272,1625,362,0.25
1226,2506,car,0.514,328,211,408,296,1.166
1226,2493,car,0.3148,1078,59,1121,86,0.167
1227,2336,bus,0.7391,1290,93,1541,363,0.25
1227,2350,person,0.4055,104,418,152,517,0.0
1227,2637,person,0.6238,1817,348,1856,444,0.901
1227,2545,car,0.4235,466,181,539,259,0.559
1227,2657,truck,0.5386,342,82,444,166,1.275
1227,2435,person,0.3309,1594,272,1625,363,0.25
1227,2506,car,0.2608,327,209,407,294,1.031
1227,2493,car,0.3101,1078,59,1121,87,0.0
1228,2336,bus,0.7087,1289,93,1540,364,0.25
1228,2350,person,0.368,104,418,152,517,0.0
1228,2637,person,0.6052,1818,350,1856,443,0.901
1228,2545,car,0.4127,466,180,538,258,0.354
1228,2435,person,0.3097,1594,272,1625,363,0.25
1228,2506,car,0.3306,330,209,407,291,1.275
1229,2336,bus,0.7677,1290,94,1542,366,0.559
1229,2350,person,0.4303,104,418,151,517,0.25
1229,2637,person,0.6635,1819,349,1857,443,0.901
1229,2545,car,0.3957,465,179,537,256,0.559
1229,2435,person,0.2855,1594,273,1624,363,0.0
1229,2506,car,0.33,330,209,406,290,1.031
1229,2655,car,0.2807,1129,54,1181,82,0.354
1229,2493,car,0.3436,1077,59,1121,87,0.143
1230,2336,bus,0.7904,1291,93,1544,367,0.707
1230,2350,person,0.3499,104,419,151,517,0.354
1230,2637,person,0.6645,1819,348,1858,443,0.75
1230,2545,car,0.3683,465,179,537,255,0.5
1230,2435,person,0.287,1594,273,1624,363,0.25
1230,2506,car,0.4088,331,208,406,288,1.25
1230,2655,car,0.2918,1130,53,1181,81,0.28
1230,2493,car,0.3828,1076,58,1123,87,0.283
1230,2657,truck,0.271,336,73,447,164,1.537
1231,2336,bus,0.7849,1291,93,1544,368,0.707
1231,2350,person,0.2705,104,419,151,516,0.25
1231,2637,person,0.6505,1819,349,1858,444,0.5
1231,2545,car,0.4585,465,179,537,255,0.791
1231,2435,person,0.2511,1594,273,1624,362,0.0
1231,2655,car,0.2692,1129,53,1180,80,0.319
1231,2493,car,0.3915,1076,58,1124,88,0.283
1232,2336,bus,0.8417,1292,93,1545,369,1.25
1232,2350,person,0.2735,104,420,150,516,0.354
1232,2637,person,0.6434,1819,348,1858,445,0.25
1232,2545,car,0.5005,464,180,536,255,0.707
1232,2655,car,0.2997,1129,52,1180,79,0.452
1232,2493,car,0.4095,1076,58,1124,88,0.2
1232,2506,car,0.2933,333,206,406,285,1.265
1233,2336,bus,0.8232,1293,94,1545,370,0.901
1233,2350,person,0.2874,104,420,150,516,0.25
1233,2637,person,0.6508,1819,347,1859,445,0.25
1233,2545,car,0.5094,464,180,536,254,0.25
1233,2655,car,0.3251,1129,52,1180,80,0.559
1233,2493,car,0.4233,1076,58,1125,88,0.25
1233,2506,car,0.2983,334,205,408,284,1.342
1234,2336,bus,0.8432,1294,94,1545,370,0.707
1234,2350,person,0.5092,104,419,151,516,0.25
1234,2637,person,0.6255,1819,348,1858,445,0.25
1234,2545,car,0.4385,465,180,535,252,0.354
1234,2655,car,0.2982,1128,51,1180,79,0.559
1234,2493,car,0.3957,1076,58,1125,87,0.25
1234,2506,car,0.3435,334,204,407,283,1.265
1234,2435,person,0.3129,1594,273,1624,362,0.0
1235,2336,bus,0.8246,1294,95,1542,368,0.354
1235,2350,person,0.5038,104,418,152,517,0.25
1235,2637,person,0.6142,1819,349,1857,444,0.0
1235,2545,car,0.4733,465,177,538,252,0.75
1235,2493,car,0.2964,1077,59,1124,88,0.0
1235,2506,car,0.5537,334,203,407,282,1.265
1236,2336,bus,0.8286,1295,95,1542,367,0.0
1236,2350,person,0.5519,104,418,152,517,0.354
1236,2637,person,0.628,1820,349,1858,443,0.25
1236,2545,car,0.4976,465,176,538,250,1.031
1236,2506,car,0.5649,334,204,406,281,0.791
1237,2336,bus,0.8124,1296,95,1543,367,0.25
1237,2350,person,0.5388,104,418,152,517,0.354
1237,2637,person,0.6436,1820,349,1858,443,0.0
1237,2545,car,0.4627,465,177,537,250,1.031
1237,2506,car,0.3667,335,203,406,279,0.791
1237,2435,person,0.2516,1594,273,1624,363,0.0
1238,2336,bus,0.8153,1296,95,1542,367,0.25
1238,2350,person,0.5417,104,418,152,517,0.25
1238,2637,person,0.6087,1821,350,1858,444,0.354
1238,2545,car,0.3752,464,177,536,251,0.5
1238,2506,car,0.2748,333,203,405,279,0.559
1238,2435,person,0.2981,1594,273,1624,363,0.0
1239,2336,bus,0.8183,1297,95,1542,366,0.354
1239,2350,person,0.5041,104,418,152,517,0.0
1239,2637,person,0.6194,1820,350,1857,444,0.25
1239,2545,car,0.3255,465,177,537,250,0.25
1239,2506,car,0.3589,333,201,405,277,0.791
1240,2336,bus,0.8347,1297,95,1542,366,0.354
1240,2350,person,0.5151,104,418,152,517,0.0
1240,2637,person,0.6285,1821,350,1858,443,0.0
1240,2545,car,0.3017,464,175,537,250,0.354
1241,2336,bus,0.8345,1298,96,1543,367,0.25
1241,2350,person,0.5092,104,418,151,516,0.25
1241,2637,person,0.6262,1821,350,1858,443,0.0
1241,2545,car,0.3502,464,174,539,250,0.25
1241,2493,car,0.3126,1077,59,1122,87,0.111
1241,2435,person,0.2602,1594,273,1624,364,0.1
1241,2506,car,0.2955,335,199,406,274,1.2
1242,2336,bus,0.8444,1298,96,1543,368,0.354
1242,2350,person,0.4094,105,420,152,516,0.25
1242,2637,person,0.6149,1820,350,1858,446,0.25
1242,2545,car,0.3815,464,175,538,251,0.354
1242,2493,car,0.3796,1078,59,1125,87,0.111
1242,2506,car,0.3409,335,197,409,274,1.265
1242,2655,car,0.3192,1120,53,1171,80,0.818
1243,2336,bus,0.8507,1299,96,1543,368,0.707
1243,2350,person,0.4736,105,420,152,516,0.25
1243,2637,person,0.5626,1820,351,1858,446,0.354
1243,2545,car,0.4435,465,175,539,251,0.25
1243,2493,car,0.3781,1078,59,1126,87,0.248
1243,2506,car,0.4085,335,197,408,274,1.265
1243,2655,car,0.3314,1119,53,1171,80,0.823
1244,2336,bus,0.8574,1300,97,1542,367,0.707
1244,2350,person,0.3824,104,419,151,516,0.25
1244,2637,person,0.6269,1821,351,1859,445,0.559
1244,2545,car,0.3834,467,175,539,249,0.75
1244,2655,car,0.2816,1113,53,1168,80,1.273
1245,2336,bus,0.8545,1299,97,1541,367,0.25
1245,2350,person,0.4451,105,419,152,515,0.25
1245,2637,person,0.5975,1821,350,1859,445,0.354
1245,2545,car,0.3029,468,175,539,248,0.559
1245,2655,car,0.2978,1114,54,1169,80,1.196
1245,2672,car,0.3697,436,131,504,185,0.0
1245,2506,car,0.4891,335,193,409,270,1.424
1246,2336,bus,0.8522,1300,96,1542,366,0.354
1246,2350,person,0.3116,106,420,152,516,0.25
1246,2637,person,0.5477,1821,350,1860,448,0.354
1246,2655,car,0.2926,1116,54,1171,80,0.559
1246,2672,car,0.3965,434,130,507,187,0.0
1246,2506,car,0.2685,337,194,408,268,1.077
1247,2336,bus,0.8833,1300,94,1544,367,0.559
1247,2637,person,0.4859,1821,349,1860,447,0.25
1247,2655,car,0.3711,1118,53,1172,79,0.0
1247,2672,car,0.4835,431,129,508,190,0.707
1248,2336,bus,0.8931,1300,94,1544,367,0.559
1248,2637,person,0.4168,1820,349,1859,446,0.354
1248,2672,car,0.5012,434,128,507,186,0.333
1248,2545,car,0.2987,469,170,540,244,1.118
1248,2506,car,0.3658,339,192,408,264,1.179
1249,2336,bus,0.8575,1301,94,1545,367,0.901
1249,2637,person,0.3658,1821,350,1861,448,0.559
1249,2672,car,0.2848,434,126,505,182,1.031
1249,2545,car,0.3874,468,168,540,244,1.213
1249,2506,car,0.4041,340,189,411,262,1.795
1250,2336,bus,0.855,1302,93,1546,367,0.791
1250,2637,person,0.307,1820,350,1860,447,0.25
1250,2672,car,0.2682,432,125,503,181,1.458
1250,2545,car,0.5405,467,166,540,243,1.333
1250,2506,car,0.4943,339,186,412,261,1.709
1250,2681,car,0.3821,1090,53,1137,81,0.0
1250,2657,truck,0.3548,326,69,431,155,0.865
1251,2336,bus,0.8477,1303,92,1547,366,0.791
1251,2637,person,0.3212,1822,353,1861,449,0.791
1251,2672,car,0.3202,434,123,501,176,2.55
1251,2545,car,0.5749,467,165,540,242,1.333
1251,2506,car,0.5031,340,185,413,260,1.97
1251,2681,car,0.3658,1090,54,1135,81,1.0
1252,2336,bus,0.8391,1303,92,1546,364,0.707
1252,2637,person,0.3714,1822,352,1861,448,0.901
1252,2545,car,0.44,466,163,539,241,1.346
1252,2681,car,0.3452,1089,54,1135,82,0.707
1253,2336,bus,0.8355,1302,92,1546,365,0.559
1253,2637,person,0.5262,1821,351,1860,447,0.25
1253,2545,car,0.4338,466,162,539,240,1.346
1253,2681,car,0.3279,1089,54,1135,82,0.471
1253,2657,truck,0.2862,326,75,423,154,0.861
1253,2672,car,0.2599,435,122,498,172,2.154
1254,2336,bus,0.8571,1302,93,1546,366,0.25
1254,2637,person,0.4237,1821,352,1860,447,0.25
1254,2545,car,0.4918,466,162,539,240,0.791
1254,2681,car,0.3485,1089,55,1133,81,0.559
1254,2672,car,0.3037,430,121,499,176,1.562
1254,2655,car,0.2801,1116,49,1172,77,0.5
1254,2506,car,0.3641,340,181,412,255,1.74
1255,2336,bus,0.8734,1302,94,1546,367,0.354
1255,2637,person,0.4204,1819,353,1857,447,0.791
1255,2545,car,0.4933,467,162,539,239,0.75
1255,2681,car,0.3472,1087,54,1132,81,0.75
1255,2655,car,0.2757,1114,48,1172,77,0.539
1255,2506,car,0.4664,341,183,412,256,1.014
1256,2336,bus,0.9045,1301,94,1545,367,0.559
1256,2637,person,0.461,1817,354,1856,450,1.346
1256,2545,car,0.4658,466,161,536,237,0.791
1256,2681,car,0.3221,1089,53,1135,81,0.25
1256,2655,car,0.2533,1110,48,1167,78,0.64
1256,2506,car,0.3564,341,182,412,255,0.85
1256,2672,car,0.2763,432,123,497,175,0.833
1257,2336,bus,0.9013,1300,94,1545,369,0.901
1257,2637,person,0.5441,1817,352,1857,449,0.791
1257,2545,car,0.5417,465,161,536,238,0.707
1257,2681,car,0.3056,1087,53,1133,81,0.559
1257,2655,car,0.2769,1111,48,1168,78,0.671
1257,2506,car,0.4768,339,177,413,253,1.167
1257,2672,car,0.3014,430,123,498,177,0.527
1257,2350,person,0.3657,107,417,153,513,0.258
1257,2657,truck,0.3754,317,70,420,154,0.924
1258,2336,bus,0.8878,1299,93,1544,369,0.901
1258,2637,person,0.5828,1817,352,1856,449,1.031
1258,2545,car,0.6003,466,161,536,237,0.559
1258,2681,car,0.2756,1086,54,1132,82,0.5
1258,2655,car,0.2883,1113,48,1169,78,0.75
1258,2506,car,0.5107,339,176,412,252,1.031
1258,2672,car,0.3657,430,124,496,177,0.849
1258,2350,person,0.387,107,418,152,513,0.202
1258,2657,truck,0.3535,316,69,419,153,0.893
1259,2336,bus,0.8911,1300,94,1544,369,0.559
1259,2637,person,0.5948,1818,353,1857,449,0.354
1259,2545,car,0.5412,465,160,536,236,0.901
1259,2681,car,0.2561,1085,54,1131,82,0.354
1259,2655,car,0.311,1115,48,1170,78,0.354
1259,2506,car,0.4838,339,175,412,251,1.521
1259,2350,person,0.283,106,418,152,515,0.101
1259,2657,truck,0.362,314,68,419,154,1.338
1260,2336,bus,0.9066,1300,94,1542,367,0.5
1260,2637,person,0.6044,1818,354,1856,448,0.354
1260,2545,car,0.5035,465,160,536,237,0.354
1260,2681,car,0.3012,1085,55,1132,84,1.118
1260,2655,car,0.2796,1113,49,1167,79,0.559
1260,2506,car,0.607,339,176,411,251,1.275
1260,2350,person,0.3815,106,418,152,515,0.143
1260,2657,truck,0.4161,314,70,417,153,1.355
1260,2672,car,0.3094,429,123,495,175,0.373
1261,2336,bus,0.8607,1299,93,1541,366,0.707
1261,2637,person,0.6181,1818,353,1856,447,0.0
1261,2545,car,0.6166,466,162,536,238,0.354
1261,2681,car,0.2881,1085,54,1133,83,0.354
1261,2506,car,0.6298,339,177,410,251,0.559
1261,2350,person,0.3841,105,419,151,516,0.707
1261,2672,car,0.2982,425,120,498,178,0.6
1262,2336,bus,0.8615,1300,91,1541,363,1.031
1262,2637,person,0.6661,1815,350,1854,447,0.707
1262,2545,car,0.5406,465,163,534,238,0.559
1262,2506,car,0.6551,338,177,409,251,0.5
1262,2350,person,0.408,105,420,152,517,0.791
1262,2493,car,0.3152,1081,57,1124,83,0.134
1263,2336,bus,0.7786,1298,91,1540,364,1.25
1263,2637,person,0.7558,1815,347,1855,447,1.118
1263,2545,car,0.6885,465,164,533,239,0.791
1263,2506,car,0.6606,338,177,408,250,0.5
1263,2493,car,0.3793,1079,57,1123,85,0.129
1264,2336,bus,0.7953,1296,91,1539,365,1.118
1264,2637,person,0.7129,1815,346,1855,445,1.581
1264,2545,car,0.6452,463,164,532,239,1.061
1264,2506,car,0.6012,338,177,408,250,0.5
1264,2493,car,0.2927,1079,57,1121,84,0.144
1265,2336,bus,0.8382,1297,89,1541,364,0.791
1265,2637,person,0.7307,1815,345,1855,444,1.581
1265,2545,car,0.5977,463,162,531,237,1.031
1265,2506,car,0.3134,338,175,408,248,0.791
1265,2681,car,0.3149,1087,54,1131,80,0.143
1265,2350,person,0.3994,105,419,152,516,0.236
1266,2336,bus,0.8269,1297,89,1541,365,0.25
1266,2637,person,0.7208,1815,344,1855,445,1.031
1266,2545,car,0.528,462,160,531,235,1.061
1266,2506,car,0.3442,337,173,408,246,1.275
1266,2681,car,0.3094,1087,54,1131,81,0.202
1266,2350,person,0.3162,104,418,152,517,0.236
1267,2336,bus,0.7913,1297,89,1541,366,0.0
1267,2637,person,0.6707,1815,346,1854,444,0.559
1267,2545,car,0.5282,462,158,530,233,1.677
1267,2506,car,0.4412,338,171,408,243,1.5
1267,2681,car,0.3005,1087,54,1132,81,0.319
1267,2350,person,0.4709,104,418,152,517,0.0
1268,2336,bus,0.7262,1298,90,1541,365,0.559
1268,2637,person,0.7097,1815,347,1855,447,0.5
1268,2545,car,0.5336,464,159,530,231,1.5
1268,2506,car,0.3809,339,169,409,242,2.016
1268,2681,car,0.2644,1089,54,1132,80,0.202
1268,2350,person,0.254,105,418,152,516,0.167
1268,2672,car,0.2663,418,121,491,178,0.914
1269,2336,bus,0.7828,1298,90,1541,365,0.25
1269,2637,person,0.6453,1815,350,1854,447,1.031
1269,2545,car,0.6363,464,159,530,230,1.25
1269,2506,car,0.4033,340,170,407,240,1.5
1269,2681,car,0.2842,1089,53,1132,78,0.559
1269,2672,car,0.2683,420,121,492,175,0.662
1270,2336,bus,0.7953,1299,90,1542,365,0.25
1270,2637,person,0.6241,1816,352,1854,448,1.5
1270,2545,car,0.328,463,158,530,230,0.75
1270,2506,car,0.3598,341,171,406,239,1.031
1270,2681,car,0.2705,1091,53,1134,79,0.791
1270,2672,car,0.2526,420,120,490,172,0.762
1271,2336,bus,0.7687,1298,90,1541,364,0.0
1271,2637,person,0.6495,1815,353,1854,450,1.5
1271,2545,car,0.3741,463,158,530,230,0.25
1271,2506,car,0.3465,341,170,407,238,0.791
1271,2681,car,0.2556,1090,53,1134,79,0.791
1271,2672,car,0.3322,427,121,488,165,0.721
1272,2336,bus,0.8293,1298,91,1540,364,0.0
1272,2637,person,0.659,1814,351,1855,452,1.031
1272,2545,car,0.469,461,156,531,230,0.559
1272,2506,car,0.4181,341,169,407,238,0.5
1272,2350,person,0.2885,105,419,152,516,0.0
