frame,track_id,class_name,confidence,cx,cy,x1,y1,x2,y2,camera_dx,camera_dy,depth_meters,speed_ms,speed_kmh
1,1,car,0.7678,542.5,67.0,528,56,557,78,0.0,0.0,25.509,0.0,0.0
1,2,car,0.6765,387.5,74.0,372,59,403,89,0.0,0.0,23.115,0.0,0.0
1,3,car,0.6571,76.5,67.0,52,51,101,83,0.0,0.0,21.56,0.0,0.0
1,4,car,0.6483,146.0,36.0,129,26,163,46,0.0,0.0,32.713,0.0,0.0
1,5,car,0.6045,218.5,12.0,207,4,230,20,0.0,0.0,49.053,0.0,0.0
1,6,car,0.5845,250.5,22.5,238,13,263,32,0.0,0.0,38.718,0.0,0.0
1,7,truck,0.4658,449.5,51.0,425,9,474,93,0.0,0.0,22.192,0.0,0.0
1,8,bus,0.3715,449.5,50.5,425,8,474,93,0.0,0.0,22.203,0.0,0.0
1,9,car,0.2989,512.5,36.0,500,17,525,55,0.0,0.0,32.121,0.0,0.0
1,10,car,0.2784,512.5,41.5,499,27,526,56,0.0,0.0,31.657,0.0,0.0
2,1,car,0.7467,542.5,65.5,528,55,557,76,-0.053,-0.309,25.556,0.0,0.0
2,2,car,0.7099,388.5,71.0,374,57,403,85,-0.053,-0.309,23.364,0.0,0.0
2,3,car,0.7797,68.5,69.5,43,53,94,86,-0.053,-0.309,21.24,0.0,0.0
2,4,car,0.7399,142.0,36.0,125,26,159,46,-0.053,-0.309,32.71,0.0,0.0
2,5,car,0.4546,218.0,11.5,206,3,230,20,-0.053,-0.309,49.413,0.0,0.0
2,6,car,0.6471,248.0,21.5,235,12,261,31,-0.053,-0.309,38.811,0.0,0.0
2,7,bus,0.3676,448.5,49.5,424,8,473,91,-0.053,-0.309,22.203,0.0,0.0
2,8,truck,0.3352,448.5,49.0,424,7,473,91,-0.053,-0.309,22.22,0.0,0.0
3,1,car,0.6806,541.5,64.5,527,54,556,75,-0.008,-0.146,25.644,0.0,0.0
3,2,car,0.6873,390.0,69.5,376,56,404,83,-0.008,-0.146,23.968,0.0,0.0
3,3,car,0.6936,63.5,71.0,39,54,88,88,-0.008,-0.146,20.87,0.0,0.0
3,4,car,0.62,139.5,37.0,122,27,157,47,-0.008,-0.146,32.622,0.0,0.0
3,5,car,0.4843,216.0,12.0,204,3,228,21,-0.008,-0.146,49.108,0.0,0.0
3,6,car,0.5864,246.0,22.5,232,13,260,32,-0.008,-0.146,38.843,0.0,0.0
3,7,bus,0.3398,449.0,49.0,425,9,473,89,-0.008,-0.146,22.163,0.0,0.0
3,8,truck,0.353,448.5,48.5,425,8,472,89,-0.008,-0.146,22.152,0.0,0.0
4,1,car,0.636,539.5,62.0,525,51,554,73,-0.023,-0.059,26.697,0.0,0.0
4,2,car,0.7531,391.0,66.5,377,54,405,79,-0.023,-0.059,26.044,0.0,0.0
4,3,car,0.519,55.0,74.5,29,58,81,91,-0.023,-0.059,20.616,0.0,0.0
4,4,car,0.5281,136.0,38.0,118,28,154,48,-0.023,-0.059,32.726,0.0,0.0
4,5,car,0.4237,214.0,12.5,202,4,226,21,-0.023,-0.059,48.867,0.0,0.0
4,6,car,0.6628,243.0,24.0,229,14,257,34,-0.023,-0.059,38.818,0.0,0.0
4,8,bus,0.3193,448.0,45.5,425,5,471,86,-0.023,-0.059,22.175,0.0,0.0
5,1,car,0.7407,539.0,59.5,525,48,553,71,0.003,-0.042,28.494,6.77,24.371
5,2,car,0.574,391.5,64.0,377,52,406,76,0.003,-0.042,27.16,9.814,35.329
5,3,car,0.6992,45.5,77.5,18,60,73,95,0.003,-0.042,20.694,6.065,21.832
5,4,car,0.7308,133.0,38.5,115,29,151,48,0.003,-0.042,32.948,4.043,14.557
5,5,car,0.49,212.5,13.0,201,4,224,22,0.003,-0.042,48.782,3.884,13.983
5,6,car,0.7175,240.5,24.5,226,14,255,35,0.003,-0.042,39.004,4.039,14.539
5,8,bus,0.4572,448.5,43.5,426,4,471,83,0.003,-0.042,22.173,1.482,5.336
5,9,car,0.3672,510.5,33.5,498,17,523,50,0.003,-0.042,32.492,0.0,0.0
6,1,car,0.7959,538.5,58.5,524,47,553,70,-0.016,0.019,29.26,9.409,33.874
6,2,car,0.6276,392.5,63.0,378,52,407,74,-0.016,0.019,27.536,11.478,41.319
6,3,car,0.7358,36.0,80.5,7,63,65,98,-0.016,0.019,20.864,6.712,24.162
6,4,car,0.7019,129.0,40.5,112,31,146,50,-0.016,0.019,32.783,4.64,16.704
6,5,car,0.5868,210.5,14.0,198,5,223,23,-0.016,0.019,48.632,4.193,15.096
6,6,car,0.7457,238.0,25.5,224,15,252,36,-0.016,0.019,39.138,4.177,15.038
6,8,bus,0.4144,448.0,41.5,426,3,470,80,-0.016,0.019,22.172,1.6,5.761
6,9,car,0.338,510.5,33.0,498,17,523,49,-0.016,0.019,32.566,0.0,0.0
7,1,car,0.7412,538.0,57.0,524,46,552,68,-0.008,-0.152,30.065,11.694,42.099
7,2,car,0.6525,393.0,60.5,378,49,408,72,-0.008,-0.152,28.363,13.253,47.709
7,3,car,0.4171,25.0,82.0,0,65,50,99,-0.008,-0.152,21.388,7.92,28.513
7,4,car,0.6628,125.0,41.5,107,31,143,52,-0.008,-0.152,32.925,5.005,18.018
7,5,car,0.5407,208.5,14.0,195,5,222,23,-0.008,-0.152,48.989,4.05,14.58
7,6,car,0.6681,235.0,26.0,221,15,249,37,-0.008,-0.152,39.722,5.032,18.116
7,8,bus,0.3921,447.5,39.5,426,2,469,77,-0.008,-0.152,22.172,1.612,5.802
7,9,car,0.479,510.0,32.5,497,17,523,48,-0.008,-0.152,32.831,0.0,0.0
7,12,truck,0.4131,447.5,42.0,426,7,469,77,-0.008,-0.152,22.053,0.0,0.0
8,1,car,0.6977,537.5,56.0,524,45,551,67,0.003,-0.0,30.627,13.233,47.64
8,2,car,0.7591,394.0,59.0,380,48,408,70,0.003,-0.0,28.896,14.337,51.612
8,3,car,0.3742,20.5,85.5,0,68,41,103,0.003,-0.0,21.247,6.888,24.798
8,4,car,0.7211,121.0,43.0,102,32,140,54,0.003,-0.0,32.787,5.168,18.604
8,5,car,0.5484,206.5,14.5,193,6,220,23,0.003,-0.0,49.103,4.01,14.434
8,6,car,0.6223,232.0,28.5,218,18,246,39,0.003,-0.0,39.328,5.398,19.433
8,8,bus,0.3811,447.5,39.0,426,2,469,76,0.003,-0.0,22.174,1.241,4.468
8,9,car,0.5895,509.5,31.5,497,16,522,47,0.003,-0.0,33.009,1.765,6.355
8,12,truck,0.4424,447.5,40.5,426,4,469,77,0.003,-0.0,22.142,0.0,0.0
8,13,car,0.4254,679.5,401.5,605,334,754,469,0.003,-0.0,5.495,0.0,0.0
9,1,car,0.6637,536.5,54.5,524,44,549,65,-0.043,-0.079,31.508,14.82,53.353
9,2,car,0.6363,395.0,56.5,381,46,409,67,-0.043,-0.079,29.657,15.506,55.822
9,4,car,0.7037,117.0,44.0,98,33,136,55,-0.043,-0.079,32.834,5.239,18.862
9,5,car,0.5732,204.0,16.0,191,7,217,25,-0.043,-0.079,48.647,4.66,16.776
9,6,car,0.7022,229.5,30.0,215,19,244,41,-0.043,-0.079,39.138,5.09,18.322
9,8,truck,0.3867,447.0,37.0,425,1,469,73,-0.043,-0.079,22.248,1.439,5.181
9,9,car,0.55,509.0,30.5,496,15,522,46,-0.043,-0.079,33.872,3.278,11.801
9,12,bus,0.3939,447.0,38.0,425,2,469,74,-0.043,-0.079,22.215,0.0,0.0
9,13,car,0.3695,666.0,384.5,597,317,735,452,-0.043,-0.079,5.751,0.0,0.0
10,1,car,0.6388,535.5,52.5,523,43,548,62,-0.029,-0.017,32.409,16.452,59.229
10,2,car,0.6191,395.0,54.5,381,44,409,65,-0.029,-0.017,30.293,16.343,58.835
10,4,car,0.7006,113.5,45.0,94,34,133,56,-0.029,-0.017,32.639,4.989,17.959
10,5,car,0.6087,203.0,17.0,190,8,216,26,-0.029,-0.017,48.256,4.613,16.607
10,6,car,0.6562,226.5,31.0,212,20,241,42,-0.029,-0.017,39.252,5.077,18.277
10,8,truck,0.509,447.0,36.5,425,1,469,72,-0.029,-0.017,22.257,1.151,4.142
10,9,car,0.4734,508.5,29.5,496,14,521,45,-0.029,-0.017,34.487,4.959,17.852
10,13,car,0.6386,654.0,363.0,591,301,717,425,-0.029,-0.017,6.112,0.0,0.0
10,3,car,0.3937,15.0,91.0,0,72,30,110,-0.029,-0.017,20.866,6.681,24.05
11,1,car,0.6827,534.0,52.0,522,42,546,62,-0.032,-0.025,31.341,14.641,52.706
11,2,car,0.613,396.0,51.5,382,40,410,63,-0.032,-0.025,31.289,17.681,63.653
11,4,car,0.8067,109.5,46.0,90,34,129,58,-0.032,-0.025,29.571,8.407,30.265
11,5,car,0.6604,201.0,17.0,187,8,215,26,-0.032,-0.025,46.665,6.601,23.763
11,6,car,0.5947,223.5,32.0,208,21,239,43,-0.032,-0.025,33.903,11.701,42.124
11,8,truck,0.4898,447.0,35.5,425,1,469,70,-0.032,-0.025,29.195,11.878,42.76
11,9,car,0.4109,508.0,29.0,496,14,520,44,-0.032,-0.025,39.981,14.286,51.43
11,13,car,0.5643,642.0,341.0,583,284,701,398,-0.032,-0.025,6.056,0.0,0.0
11,3,car,0.5122,10.5,92.5,0,75,21,110,-0.032,-0.025,20.859,5.615,20.213
12,1,car,0.6679,532.5,50.0,520,39,545,61,-0.081,-0.085,31.527,14.105,50.778
12,2,car,0.6565,396.5,49.5,383,38,410,61,-0.081,-0.085,31.552,17.745,63.882
12,4,car,0.7802,105.0,47.5,85,36,125,59,-0.081,-0.085,29.221,9.305,33.496
12,5,car,0.5799,199.0,17.5,185,8,213,27,-0.081,-0.085,46.657,6.989,25.159
12,6,car,0.6364,220.5,33.5,205,23,236,44,-0.081,-0.085,33.633,13.239,47.661
12,8,truck,0.3661,447.0,35.5,425,2,469,69,-0.081,-0.085,29.195,14.118,50.823
12,9,car,0.3687,507.0,28.0,495,13,519,43,-0.081,-0.085,40.205,19.107,68.786
12,13,car,0.5488,632.0,321.0,578,268,686,374,-0.081,-0.085,6.333,5.319,19.149
12,21,truck,0.5229,634.5,323.0,579,269,690,377,-0.081,-0.085,6.303,0.0,0.0
13,1,car,0.7154,531.5,47.5,519,36,544,59,-0.071,-0.013,32.067,13.834,49.801
13,2,car,0.6974,397.5,47.5,385,35,410,60,-0.071,-0.013,31.95,17.689,63.681
13,4,car,0.738,101.0,49.0,81,37,121,61,-0.071,-0.013,28.952,9.93,35.747
13,5,car,0.543,196.0,18.5,182,9,210,28,-0.071,-0.013,46.655,7.267,26.16
13,6,car,0.7611,217.0,35.5,202,25,232,46,-0.071,-0.013,33.374,14.268,51.366
13,8,truck,0.3585,447.0,35.5,426,4,468,67,-0.071,-0.013,29.148,15.39,55.406
13,9,car,0.3469,506.5,27.5,495,13,518,42,-0.071,-0.013,40.263,20.839,75.022
13,13,truck,0.5403,622.0,302.5,571,255,673,350,-0.071,-0.013,6.83,5.476,19.715
14,1,car,0.7463,531.0,46.0,519,35,543,57,-0.001,-0.047,32.591,13.628,49.06
14,2,car,0.7163,399.0,45.5,387,34,411,57,-0.001,-0.047,33.082,18.029,64.903
14,4,car,0.6963,96.5,50.0,76,38,117,62,-0.001,-0.047,28.844,10.218,36.786
14,5,car,0.5489,194.0,18.5,180,9,208,28,-0.001,-0.047,46.774,7.106,25.58
14,6,car,0.7464,213.0,36.0,197,25,229,47,-0.001,-0.047,33.616,14.453,52.031
14,9,car,0.4146,506.5,27.0,495,13,518,41,-0.001,-0.047,40.353,20.861,75.099
14,13,car,0.432,615.0,285.5,566,241,664,330,-0.001,-0.047,8.086,6.893,24.814
14,25,car,0.5683,473.5,402.5,418,335,529,470,-0.001,-0.047,5.637,0.0,0.0
15,1,car,0.7644,530.5,45.5,519,35,542,56,0.001,0.011,33.005,13.412,48.283
15,2,car,0.6874,400.0,44.5,388,34,412,55,0.001,0.011,34.035,18.475,66.512
15,4,car,0.7111,92.0,51.5,71,39,113,64,0.001,0.011,28.722,10.319,37.148
15,5,car,0.4659,193.5,19.0,178,9,209,29,0.001,0.011,46.686,6.887,24.794
15,6,car,0.7365,209.5,37.5,194,26,225,49,0.001,0.011,33.619,14.332,51.596
15,9,car,0.4347,506.0,26.5,495,12,517,41,0.001,0.011,40.422,20.447,73.61
15,13,car,0.4762,607.5,272.0,561,231,654,313,0.001,0.011,8.674,8.16,29.376
15,25,car,0.4392,471.5,388.0,418,318,525,458,0.001,0.011,5.9,0.0,0.0
16,1,car,0.7256,530.0,44.5,518,35,542,54,-0.014,-0.043,34.234,13.815,49.735
16,2,car,0.6093,400.0,43.5,388,34,412,53,-0.014,-0.043,34.917,18.983,68.338
16,4,car,0.7774,87.0,53.0,65,40,109,66,-0.014,-0.043,28.628,10.266,36.959
16,5,car,0.5443,190.5,20.0,176,10,205,30,-0.014,-0.043,46.71,6.875,24.75
16,6,car,0.7625,206.5,39.0,190,27,223,51,-0.014,-0.043,33.537,14.001,50.404
16,9,car,0.4636,506.5,25.5,495,11,518,40,-0.014,-0.043,40.674,19.919,71.707
16,13,truck,0.4941,601.0,259.0,558,221,644,297,-0.014,-0.043,9.125,9.158,32.969
16,25,car,0.4738,469.5,365.0,419,298,520,432,-0.014,-0.043,6.289,0.0,0.0
16,28,car,0.4701,603.0,263.0,559,224,647,302,-0.014,-0.043,8.991,0.0,0.0
17,1,car,0.6522,529.0,43.5,517,34,541,53,0.005,-0.034,35.598,14.726,53.014
17,2,car,0.6557,400.5,41.5,389,32,412,51,0.005,-0.034,36.404,19.999,71.995
17,4,car,0.7784,82.5,55.0,60,42,105,68,0.005,-0.034,28.424,10.176,36.632
17,5,car,0.5349,187.5,21.0,173,11,202,31,0.005,-0.034,46.71,6.81,24.516
17,6,car,0.6926,202.5,40.5,186,29,219,52,0.005,-0.034,33.755,13.386,48.188
17,9,car,0.4539,505.5,24.5,494,10,517,39,0.005,-0.034,41.073,19.354,69.675
17,13,car,0.4942,594.0,248.0,553,212,635,284,0.005,-0.034,9.498,9.796,35.266
17,25,car,0.5501,467.5,341.5,420,280,515,403,0.005,-0.034,6.763,0.0,0.0
17,28,truck,0.4797,597.0,253.0,555,216,639,290,0.005,-0.034,9.323,0.0,0.0
18,1,car,0.6901,528.0,43.0,516,34,540,52,0.014,-0.06,36.214,15.449,55.618
18,2,car,0.6156,401.5,41.0,390,32,413,50,0.014,-0.06,36.688,20.405,73.459
18,4,car,0.7719,78.0,56.0,55,43,101,69,0.014,-0.06,28.427,9.849,35.455
18,5,car,0.6679,184.5,21.0,170,11,199,31,0.014,-0.06,46.911,6.599,23.755
18,6,car,0.725,198.5,42.0,182,30,215,54,0.014,-0.06,33.842,12.656,45.561
18,9,car,0.462,505.5,23.5,494,9,517,38,0.014,-0.06,41.509,18.829,67.783
18,13,truck,0.5104,588.5,236.0,550,202,627,270,0.014,-0.06,9.971,10.438,37.578
18,25,car,0.5579,465.5,320.5,420,264,511,377,0.014,-0.06,7.217,5.98,21.526
19,1,car,0.6701,527.0,42.0,515,33,539,51,0.01,-0.061,37.199,16.327,58.777
19,2,car,0.6628,401.5,40.0,390,31,413,49,0.01,-0.061,37.271,20.671,74.416
19,4,car,0.8343,72.5,57.5,49,45,96,70,0.01,-0.061,28.276,9.603,34.57
19,5,car,0.7103,182.5,21.5,168,11,197,32,0.01,-0.061,46.919,6.193,22.294
19,6,car,0.776,195.0,43.5,178,31,212,56,0.01,-0.061,33.697,11.941,42.989
19,9,car,0.422,505.0,22.5,493,8,517,37,0.01,-0.061,42.204,18.507,66.624
19,13,truck,0.629,583.0,225.5,547,193,619,258,0.01,-0.061,10.463,10.681,38.45
19,25,truck,0.6915,464.0,302.5,421,251,507,354,0.01,-0.061,7.659,6.43,23.149
20,1,car,0.6802,526.0,41.0,515,33,537,49,0.017,-0.039,37.854,17.049,61.375
20,2,car,0.6781,402.5,38.5,392,30,413,47,0.017,-0.039,38.109,21.009,75.634
20,4,car,0.8435,68.0,59.0,44,46,92,72,0.017,-0.039,27.738,9.508,34.23
20,5,car,0.7373,181.0,22.5,166,12,196,33,0.017,-0.039,46.654,5.896,21.224
20,6,car,0.6054,190.5,45.0,173,32,208,58,0.017,-0.039,33.003,11.657,41.966
20,9,car,0.4563,505.0,22.0,493,8,517,36,0.017,-0.039,42.536,18.066,65.038
20,13,truck,0.5615,578.5,216.0,544,185,613,247,0.017,-0.039,10.867,10.893,39.213
20,25,truck,0.6132,462.5,286.0,422,239,503,333,0.017,-0.039,8.13,7.038,25.337
20,28,car,0.4509,580.0,218.5,544,187,616,250,0.017,-0.039,10.765,0.0,0.0
21,1,car,0.684,524.5,39.0,514,30,535,48,0.014,-0.042,37.787,17.22,61.994
21,2,car,0.6507,402.5,37.0,391,29,414,45,0.014,-0.042,37.695,20.521,73.875
21,4,car,0.7845,63.0,60.5,40,47,86,74,0.014,-0.042,25.272,10.902,39.249
21,5,car,0.7063,178.0,23.0,163,12,193,34,0.014,-0.042,42.036,7.664,27.591
21,6,car,0.775,185.5,46.5,168,33,203,60,0.014,-0.042,27.674,14.719,52.99
21,9,car,0.4419,504.5,21.5,493,9,516,34,0.014,-0.042,45.028,19.04,68.545
21,13,car,0.4449,574.0,207.0,541,177,607,237,0.014,-0.042,10.279,10.46,37.654
21,25,truck,0.5893,460.5,270.5,422,227,499,314,0.014,-0.042,7.41,6.328,22.781
21,28,truck,0.6094,575.0,209.0,541,179,609,239,0.014,-0.042,10.229,0.0,0.0
22,1,car,0.6959,524.0,38.0,514,29,534,47,0.047,-0.032,37.838,16.949,61.017
22,2,car,0.7026,403.5,36.5,393,29,414,44,0.047,-0.032,37.698,19.66,70.776
22,4,car,0.5332,60.5,62.5,39,50,82,75,0.047,-0.032,24.799,12.114,43.611
22,5,car,0.5408,176.0,23.5,161,12,191,35,0.047,-0.032,42.01,9.575,34.47
22,6,car,0.7112,181.0,48.0,163,34,199,62,0.047,-0.032,27.679,16.605,59.778
22,9,car,0.5287,504.0,21.0,492,9,516,33,0.047,-0.032,45.143,19.4,69.84
22,13,truck,0.4725,569.0,199.5,537,172,601,227,0.047,-0.032,10.595,10.112,36.402
22,25,truck,0.5173,459.5,257.0,422,216,497,298,0.047,-0.032,7.597,5.831,20.993
22,28,car,0.6476,570.5,200.0,538,172,603,228,0.047,-0.032,10.551,9.405,33.858
23,1,car,0.7414,523.5,36.5,513,27,534,46,-0.014,-0.041,38.278,16.72,60.194
23,2,car,0.6959,404.0,36.0,393,29,415,43,-0.014,-0.041,37.872,18.716,67.378
23,4,car,0.2971,52.0,64.5,28,52,76,77,-0.014,-0.041,24.397,12.897,46.43
23,5,car,0.6724,173.0,24.5,158,13,188,36,-0.014,-0.041,41.994,10.781,38.811
23,6,car,0.6566,177.5,50.5,159,36,196,65,-0.014,-0.041,27.68,17.683,63.658
23,9,car,0.4694,503.5,20.5,492,9,515,32,-0.014,-0.041,45.196,19.265,69.353
23,13,car,0.4945,565.5,191.0,534,165,597,217,-0.014,-0.041,11.152,10.029,36.106
23,25,truck,0.6271,459.0,245.5,423,206,495,285,-0.014,-0.041,7.937,5.665,20.393
23,28,truck,0.5167,566.5,192.0,535,165,598,219,-0.014,-0.041,11.04,8.384,30.182
23,8,truck,0.3317,445.5,25.5,427,0,464,51,-0.014,-0.041,34.431,20.008,72.028
24,1,car,0.7858,523.5,35.5,513,26,534,45,-0.004,-0.025,38.719,16.469,59.287
24,2,car,0.6637,404.5,34.5,394,28,415,41,-0.004,-0.025,38.671,18.234,65.642
24,4,car,0.6185,45.5,65.5,20,52,71,79,-0.004,-0.025,24.434,13.103,47.171
24,5,car,0.6171,171.0,25.5,155,14,187,37,-0.004,-0.025,41.981,11.436,41.17
24,6,car,0.5538,172.5,52.5,153,38,192,67,-0.004,-0.025,27.739,17.984,64.742
24,9,car,0.4538,503.5,20.0,492,9,515,31,-0.004,-0.025,45.317,18.833,67.798
24,13,truck,0.4848,562.5,184.0,532,158,593,210,-0.004,-0.025,12.29,10.477,37.717
24,25,truck,0.5243,458.5,234.0,424,196,493,272,-0.004,-0.025,9.011,6.834,24.601
24,28,car,0.528,563.5,184.5,533,158,594,211,-0.004,-0.025,12.201,9.09,32.726
24,8,truck,0.2529,445.5,25.0,427,0,464,50,-0.004,-0.025,34.453,22.554,81.194
25,1,car,0.7676,522.5,34.5,512,25,533,44,-0.005,-0.055,39.478,16.425,59.129
25,2,car,0.6945,405.0,32.5,395,25,415,40,-0.005,-0.055,40.69,18.892,68.013
25,4,car,0.5338,39.5,67.5,14,53,65,82,-0.005,-0.055,24.328,13.09,47.125
25,5,car,0.6818,168.5,26.0,152,14,185,38,-0.005,-0.055,42.016,11.592,41.731
25,6,car,0.5962,167.0,54.0,146,40,188,68,-0.005,-0.055,27.9,17.686,63.671
25,9,car,0.3989,503.0,19.5,492,8,514,31,-0.005,-0.055,45.357,18.119,65.23
25,13,car,0.2898,558.5,178.0,529,154,588,202,-0.005,-0.055,12.978,11.012,39.645
25,25,truck,0.7045,457.5,224.5,425,189,490,260,-0.005,-0.055,10.493,7.895,28.421
25,28,truck,0.4328,559.5,178.0,530,153,589,203,-0.005,-0.055,12.977,10.174,36.626
25,8,truck,0.2749,445.5,24.0,427,0,464,48,-0.005,-0.055,34.477,23.931,86.152
26,1,car,0.8043,522.0,33.5,512,24,532,43,0.033,-0.091,40.485,16.724,60.205
26,2,car,0.6183,406.0,31.0,397,23,415,39,0.033,-0.091,42.174,19.934,71.763
26,4,car,0.7003,33.5,68.5,7,54,60,83,0.033,-0.091,24.522,12.63,45.469
26,5,car,0.7426,166.0,27.0,149,15,183,39,0.033,-0.091,42.01,11.511,41.438
26,6,car,0.7131,162.0,56.5,141,42,183,71,0.033,-0.091,27.912,17.155,61.756
26,9,car,0.298,502.0,18.5,491,7,513,30,0.033,-0.091,45.688,17.473,62.905
26,25,truck,0.5747,456.5,213.5,425,180,488,247,0.033,-0.091,11.103,8.918,32.104
26,28,car,0.5061,557.0,171.0,529,147,585,195,0.033,-0.091,13.604,11.274,40.586
26,8,truck,0.2614,445.5,23.5,428,0,463,47,0.033,-0.091,34.429,24.339,87.622
27,1,car,0.7959,521.5,32.5,512,23,531,42,0.025,-0.051,41.416,17.215,61.973
27,2,car,0.5428,406.5,29.0,397,21,416,37,0.025,-0.051,43.966,21.517,77.461
27,4,car,0.3457,27.5,70.0,1,54,54,86,0.025,-0.051,24.585,12.029,43.303
27,5,car,0.7344,164.0,26.5,146,14,182,39,0.025,-0.051,42.188,10.96,39.456
27,6,car,0.7568,156.0,59.0,135,45,177,73,0.025,-0.051,27.986,16.415,59.092
27,9,car,0.3409,502.0,18.0,491,7,513,29,0.025,-0.051,45.869,16.719,60.19
27,25,truck,0.6475,456.5,204.5,426,173,487,236,0.025,-0.051,11.607,9.789,35.239
27,28,car,0.6265,554.0,164.5,527,141,581,188,0.025,-0.051,14.092,12.067,43.44
27,8,truck,0.3332,445.5,23.0,428,0,463,46,0.025,-0.051,34.443,24.105,86.779
28,1,car,0.7851,521.5,32.0,512,23,531,41,0.027,-0.073,42.004,17.566,63.236
28,2,car,0.4508,407.0,27.5,398,20,416,35,0.027,-0.073,45.017,22.873,82.344
28,4,car,0.5047,20.5,72.5,0,57,41,88,0.027,-0.073,25.064,11.339,40.82
28,5,car,0.7841,161.5,27.5,144,15,179,40,0.027,-0.073,42.175,10.484,37.744
28,6,car,0.7609,151.0,60.0,129,45,173,75,0.027,-0.073,28.09,15.364,55.309
28,25,truck,0.6196,456.0,196.5,426,167,486,226,0.027,-0.073,12.073,10.51,37.836
28,28,car,0.6628,551.0,157.5,524,134,578,181,0.027,-0.073,14.617,12.752,45.908
28,8,truck,0.3822,445.5,22.5,429,0,462,45,0.027,-0.073,34.398,23.365,84.115
28,35,car,0.4445,456.0,200.0,426,170,486,230,0.027,-0.073,11.855,0.0,0.0
29,1,car,0.7615,521.0,31.5,511,23,531,40,0.02,-0.003,42.687,17.891,64.408
29,2,car,0.3304,407.0,26.5,398,19,416,34,0.02,-0.003,45.723,23.808,85.708
29,5,car,0.8152,158.5,28.5,140,17,177,40,0.02,-0.003,42.182,9.982,35.934
29,6,car,0.7186,146.0,63.0,124,48,168,78,0.02,-0.003,27.454,14.807,53.304
29,25,truck,0.6748,455.0,189.0,426,160,484,218,0.02,-0.003,12.489,11.083,39.897
29,28,truck,0.5796,549.0,152.0,524,130,574,174,0.02,-0.003,15.054,12.914,46.492
29,8,truck,0.3314,446.0,22.0,429,0,463,44,0.02,-0.003,34.443,22.35,80.46
29,35,car,0.4139,455.5,192.5,426,163,485,222,0.02,-0.003,12.304,0.0,0.0
29,13,car,0.5588,548.0,152.5,523,130,573,175,0.02,-0.003,15.026,12.982,46.736
30,1,car,0.7568,520.5,31.0,510,22,531,40,0.045,-0.035,43.279,18.125,65.25
30,2,car,0.3831,407.5,25.0,399,17,416,33,0.045,-0.035,46.609,24.596,88.547
30,5,car,0.7908,155.5,28.5,137,17,174,40,0.045,-0.035,42.684,9.232,33.237
30,6,car,0.7369,139.5,65.0,117,49,162,81,0.045,-0.035,26.871,14.453,52.032
30,25,truck,0.5544,454.5,181.5,427,154,482,209,0.045,-0.035,12.942,11.563,41.629
30,28,truck,0.5331,546.5,147.5,522,127,571,168,0.045,-0.035,15.48,13.015,46.854
30,8,truck,0.3042,446.0,21.5,429,0,463,43,0.045,-0.035,34.458,21.12,76.031
30,35,car,0.3993,455.0,184.5,427,157,483,212,0.045,-0.035,12.756,0.0,0.0
30,13,car,0.5247,546.0,147.5,521,126,571,169,0.045,-0.035,15.482,14.04,50.544
31,1,car,0.7229,519.5,29.5,509,21,530,38,0.031,-0.015,50.871,23.141,83.307
31,2,car,0.523,407.5,24.0,399,16,416,32,0.031,-0.015,50.285,27.096,97.544
31,5,car,0.6525,152.0,30.0,133,18,171,42,0.031,-0.015,40.855,9.6,34.559
31,6,car,0.7747,133.5,67.0,110,50,157,84,0.031,-0.015,25.36,14.831,53.392
31,25,car,0.646,453.0,174.0,427,148,479,200,0.031,-0.015,12.677,11.516,41.456
31,28,car,0.6602,544.5,143.5,520,124,569,163,0.031,-0.015,15.78,13.002,46.807
31,9,car,0.2658,500.5,16.5,490,6,511,27,0.031,-0.015,55.769,21.735,78.247
32,1,car,0.6868,518.0,28.5,508,20,528,37,0.002,-0.025,50.991,26.296,94.665
32,2,car,0.5424,408.5,23.0,400,15,417,31,0.002,-0.025,50.481,28.44,102.383
32,5,car,0.6666,148.5,31.0,129,19,168,43,0.002,-0.025,40.587,9.805,35.298
32,6,car,0.7597,126.5,70.0,102,53,151,87,0.002,-0.025,25.155,15.004,54.013
32,25,car,0.6959,452.5,167.5,427,142,478,193,0.002,-0.025,12.841,11.336,40.811
32,28,car,0.7777,542.5,138.5,518,119,567,158,0.002,-0.025,16.174,13.0,46.799
33,1,car,0.7483,517.0,28.0,507,20,527,36,0.032,-0.029,51.094,28.033,100.92
33,2,car,0.3522,408.5,22.5,400,15,417,30,0.032,-0.029,50.602,28.827,103.779
33,5,car,0.6849,146.0,33.0,126,21,166,45,0.032,-0.029,40.2,10.096,36.344
33,6,car,0.6963,120.0,72.0,95,55,145,89,0.032,-0.029,25.108,14.788,53.236
33,25,car,0.7063,452.0,161.0,427,137,477,185,0.032,-0.029,13.265,11.251,40.504
33,28,car,0.5925,540.5,133.5,516,114,565,153,0.032,-0.029,16.915,13.214,47.57
34,1,car,0.718,516.0,27.0,506,19,526,35,0.018,-0.022,51.447,28.947,104.208
34,5,car,0.7462,143.0,33.5,123,21,163,46,0.018,-0.022,40.277,9.918,35.706
34,6,car,0.6924,112.5,75.0,87,57,138,93,0.018,-0.022,25.183,14.404,51.853
34,25,car,0.7399,452.5,155.0,428,132,477,178,0.018,-0.022,14.234,11.578,41.68
34,28,car,0.6356,537.5,128.5,515,110,560,147,0.018,-0.022,18.499,14.13,50.867
34,40,traffic light,0.4036,276.5,12.0,266,4,287,20,0.018,-0.022,54.894,0.0,0.0
35,1,car,0.6463,515.5,26.0,506,18,525,34,-0.005,-0.014,51.861,29.261,105.339
35,5,car,0.7355,139.0,34.5,119,22,159,47,-0.005,-0.014,40.343,9.704,34.933
35,6,car,0.7471,105.5,78.0,79,60,132,96,-0.005,-0.014,25.177,13.857,49.886
35,25,car,0.826,452.5,149.0,429,127,476,171,-0.005,-0.014,16.718,13.191,47.489
35,28,car,0.5283,535.5,124.0,514,106,557,142,-0.005,-0.014,19.928,15.435,55.566
36,1,car,0.6978,514.5,24.5,505,16,524,33,-0.001,-0.045,53.099,29.724,107.005
36,5,car,0.7117,136.0,35.5,116,24,156,47,-0.001,-0.045,40.341,9.307,33.506
36,6,car,0.7842,98.0,80.5,71,62,125,99,-0.001,-0.045,25.223,13.22,47.593
36,25,car,0.7823,452.5,144.0,430,123,475,165,-0.001,-0.045,17.67,14.691,52.886
36,28,car,0.5049,533.0,120.0,512,102,554,138,-0.001,-0.045,20.699,16.546,59.565
37,1,car,0.7538,514.0,23.0,505,14,523,32,-0.08,-0.004,54.095,30.111,108.4
37,5,car,0.7018,132.5,36.0,113,24,152,48,-0.08,-0.004,40.642,8.769,31.568
37,6,car,0.8144,90.0,84.0,62,64,118,104,-0.08,-0.004,25.021,12.747,45.888
37,25,car,0.791,452.0,138.0,430,117,474,159,-0.08,-0.004,18.592,16.092,57.932
37,28,car,0.8048,531.0,116.5,510,99,552,134,-0.08,-0.004,21.312,17.396,62.624
38,1,car,0.7239,514.0,22.5,505,14,523,31,-0.014,0.006,54.424,29.873,107.544
38,5,car,0.7261,129.0,37.0,109,25,149,49,-0.014,0.006,40.71,8.34,30.023
38,6,car,0.6133,81.5,87.5,52,67,111,108,-0.014,0.006,24.506,12.486,44.948
38,25,car,0.8177,451.5,133.5,430,113,473,154,-0.014,0.006,19.174,17.121,61.635
38,28,car,0.6873,530.0,113.5,510,97,550,130,-0.014,0.006,21.856,17.99,64.763
38,41,car,0.5436,271.5,411.0,202,348,341,474,-0.014,0.006,6.063,0.0,0.0
39,1,car,0.6663,513.0,22.0,504,14,522,30,0.013,-0.105,54.605,29.13,104.869
39,5,car,0.7207,125.0,38.0,104,25,146,51,0.013,-0.105,40.794,8.062,29.023
39,6,car,0.7161,73.5,90.5,44,70,103,111,0.013,-0.105,23.459,12.573,45.265
39,25,car,0.715,451.0,128.5,430,109,472,148,0.013,-0.105,19.868,17.968,64.684
39,28,car,0.6445,528.5,109.5,509,93,548,126,0.013,-0.105,22.555,18.517,66.663
39,41,car,0.868,280.0,400.0,213,327,347,473,0.013,-0.105,6.248,0.0,0.0
39,42,car,0.5031,266.5,16.0,256,8,277,24,0.013,-0.105,54.785,0.0,0.0
40,1,car,0.6556,513.0,22.0,504,14,522,30,0.063,-0.014,54.605,27.934,100.561
40,5,car,0.7415,122.0,39.5,101,26,143,53,0.063,-0.014,40.591,7.678,27.641
40,6,car,0.6047,63.5,95.0,32,74,95,116,0.063,-0.014,21.904,13.445,48.4
40,25,car,0.8298,451.0,124.5,431,106,471,143,0.063,-0.014,20.463,18.574,66.868
40,28,car,0.7092,526.5,107.0,507,91,546,123,0.063,-0.014,23.024,18.771,67.576
40,41,car,0.8566,290.5,376.5,229,305,352,448,0.063,-0.014,6.681,0.0,0.0
40,42,car,0.493,264.5,17.5,254,9,275,26,0.063,-0.014,54.219,0.0,0.0
41,1,car,0.5941,512.5,21.5,504,14,521,29,0.053,-0.313,57.712,28.566,102.838
41,5,car,0.7303,118.0,40.0,96,27,140,53,0.053,-0.313,38.846,8.139,29.302
41,6,car,0.7281,53.0,98.0,20,76,86,120,0.053,-0.313,20.886,14.39,51.803
41,25,car,0.7158,450.5,120.0,430,102,471,138,0.053,-0.313,18.406,17.287,62.234
41,28,car,0.6588,525.0,102.0,506,85,544,119,0.053,-0.313,21.224,17.474,62.905
41,41,car,0.8511,301.0,350.0,244,285,358,415,0.053,-0.313,6.624,0.0,0.0
41,42,car,0.48,262.0,18.0,251,10,273,26,0.053,-0.313,51.399,0.0,0.0
42,1,car,0.5958,512.5,21.0,504,14,521,28,-0.001,0.09,57.818,28.54,102.743
42,5,car,0.6736,114.0,42.0,92,29,136,55,-0.001,0.09,38.39,8.675,31.23
42,6,car,0.6302,43.0,102.5,9,80,77,125,-0.001,0.09,20.48,15.07,54.254
42,25,car,0.8028,449.5,116.5,430,99,469,134,-0.001,0.09,18.401,15.986,57.549
42,28,car,0.7084,523.5,99.5,505,83,542,116,-0.001,0.09,21.496,16.264,58.549
42,41,car,0.8627,310.0,325.5,257,267,363,384,-0.001,0.09,7.034,6.557,23.607
42,42,car,0.2823,260.0,19.0,249,10,271,28,-0.001,0.09,50.962,0.0,0.0
43,1,car,0.6391,512.0,20.5,504,14,520,27,0.032,-0.138,57.872,27.851,100.264
43,5,car,0.6407,109.5,43.0,87,30,132,56,0.032,-0.138,38.123,9.066,32.638
43,6,car,0.5203,34.5,106.5,1,83,68,130,0.032,-0.138,20.163,15.46,55.656
43,25,car,0.8048,450.0,113.0,431,96,469,130,0.032,-0.138,18.662,14.856,53.482
43,28,car,0.7508,522.5,97.5,505,82,540,113,0.032,-0.138,21.959,15.3,55.08
43,41,car,0.7851,318.0,303.5,269,250,367,357,0.032,-0.138,7.626,6.816,24.539
43,42,car,0.3285,258.0,19.5,247,10,269,29,0.032,-0.138,50.835,13.062,47.024
44,1,car,0.5505,512.0,20.0,504,13,520,27,0.023,-0.053,58.012,26.872,96.74
44,5,car,0.6784,106.0,44.0,83,31,129,57,0.023,-0.053,37.944,9.217,33.18
44,6,car,0.68,29.5,111.5,0,87,59,136,0.023,-0.053,19.659,15.848,57.052
44,25,car,0.6268,448.5,109.5,430,93,467,126,0.023,-0.053,19.353,14.188,51.077
44,28,car,0.7306,521.0,95.0,503,80,539,110,0.023,-0.053,23.203,15.123,54.444
44,41,car,0.8496,324.5,284.5,279,236,370,333,0.023,-0.053,9.341,8.812,31.722
44,42,car,0.4787,255.5,20.5,244,11,267,30,0.023,-0.053,50.691,12.515,45.052
45,1,car,0.5066,511.5,19.5,504,13,519,26,-0.004,0.05,58.043,25.582,92.095
45,5,car,0.6712,102.0,45.5,79,32,125,59,-0.004,0.05,37.597,9.425,33.932
45,6,car,0.7228,23.0,115.5,0,91,46,140,-0.004,0.05,19.522,15.795,56.863
45,25,car,0.6477,448.5,107.0,430,91,467,123,-0.004,0.05,20.435,14.079,50.683
45,28,car,0.5641,520.0,92.5,503,78,537,107,-0.004,0.05,24.409,15.477,55.718
45,41,car,0.7803,330.5,267.0,287,223,374,311,-0.004,0.05,10.079,10.601,38.165
45,42,car,0.5878,253.0,21.5,241,12,265,31,-0.004,0.05,50.71,11.629,41.865
46,1,car,0.4108,511.5,19.0,504,13,519,25,0.092,-0.026,58.181,24.167,87.002
46,5,car,0.7451,97.5,46.5,74,33,121,60,0.092,-0.026,37.538,9.46,34.058
46,6,car,0.731,18.0,120.0,0,96,36,144,0.092,-0.026,19.673,15.371,55.336
46,25,car,0.6374,448.0,103.5,430,88,466,119,0.092,-0.026,22.591,15.144,54.519
46,28,car,0.5952,519.0,90.0,502,76,536,104,0.092,-0.026,25.714,16.264,58.549
46,41,car,0.688,336.0,252.5,295,212,377,293,0.092,-0.026,10.661,11.91,42.875
46,42,car,0.5145,250.5,22.5,238,13,263,32,0.092,-0.026,50.78,10.663,38.388
46,47,car,0.6872,471.0,419.0,416,366,526,472,0.092,-0.026,6.249,0.0,0.0
47,1,car,0.2639,510.5,18.0,503,12,518,24,-0.006,-0.223,58.546,22.894,82.417
47,5,car,0.7559,93.0,48.0,69,34,117,62,-0.006,-0.223,37.388,9.464,34.069
47,6,car,0.647,12.0,121.5,0,100,24,143,-0.006,-0.223,20.083,14.326,51.573
47,25,car,0.6328,448.5,99.5,431,84,466,115,-0.006,-0.223,24.082,16.598,59.752
47,28,car,0.7189,518.0,87.0,502,74,534,100,-0.006,-0.223,26.973,17.339,62.422
47,41,car,0.7506,341.5,239.0,302,201,381,277,-0.006,-0.223,11.205,12.877,46.357
47,42,car,0.5456,247.5,23.0,235,13,260,33,-0.006,-0.223,51.236,9.317,33.542
47,47,car,0.7901,470.5,408.5,418,347,523,470,-0.006,-0.223,6.433,0.0,0.0
48,5,car,0.7809,88.5,49.5,64,35,113,64,0.005,0.153,37.295,9.328,33.581
48,25,car,0.6821,448.5,96.5,431,81,466,112,0.005,0.153,24.88,17.814,64.13
48,28,car,0.7042,516.5,85.5,501,72,532,99,0.005,0.153,27.519,18.07,65.052
48,41,car,0.6504,346.0,226.5,309,192,383,261,0.005,0.153,11.853,13.782,49.614
48,42,car,0.6866,244.5,24.0,232,14,257,34,0.005,0.153,51.308,8.344,30.038
48,47,car,0.7915,468.5,391.5,419,326,518,457,0.005,0.153,6.74,0.0,0.0
49,5,car,0.7311,84.5,51.0,59,36,110,66,-0.037,-0.242,37.107,9.217,33.183
49,25,car,0.7438,448.0,94.0,431,79,465,109,-0.037,-0.242,25.571,18.73,67.427
49,28,car,0.6728,516.0,83.0,500,70,532,96,-0.037,-0.242,28.358,18.785,67.625
49,41,car,0.712,350.0,215.0,315,182,385,248,-0.037,-0.242,12.532,14.135,50.885
49,42,car,0.7601,242.0,26.0,229,16,255,36,-0.037,-0.242,50.462,8.834,31.802
49,47,car,0.8226,467.0,368.5,421,306,513,431,-0.037,-0.242,7.19,0.0,0.0
50,5,car,0.8045,79.0,51.5,53,36,105,67,-0.042,-0.187,37.294,9.028,32.501
50,25,car,0.7109,447.5,90.5,431,76,464,105,-0.042,-0.187,26.533,19.677,70.838
50,28,car,0.6939,515.0,80.5,499,67,531,94,-0.042,-0.187,29.12,19.418,69.905
50,41,car,0.7171,353.5,204.5,320,174,387,235,-0.042,-0.187,13.148,14.497,52.188
50,42,car,0.6457,239.0,26.5,226,16,252,37,-0.042,-0.187,50.525,8.607,30.985
50,47,car,0.7897,465.5,346.0,421,288,510,404,-0.042,-0.187,7.683,5.678,20.44
51,5,car,0.7398,74.5,54.0,48,39,101,69,0.042,0.053,33.366,11.147,40.129
51,25,car,0.652,447.0,88.0,431,73,463,103,0.042,0.053,24.316,18.455,66.437
51,28,car,0.6676,514.0,79.0,498,66,530,92,0.042,0.053,27.014,18.02,64.874
51,41,car,0.8555,357.0,195.0,325,166,389,224,0.042,0.053,12.203,13.878,49.962
51,42,car,0.6252,237.0,28.0,224,17,250,39,0.042,0.053,42.95,11.189,40.28
51,47,car,0.8093,464.0,326.0,422,274,506,378,0.042,0.053,7.206,5.622,20.238
52,5,car,0.8273,68.5,54.5,42,40,95,69,0.053,-0.514,33.272,12.391,44.607
52,25,car,0.6353,447.0,85.0,431,71,463,99,0.053,-0.514,24.441,17.247,62.09
52,28,car,0.7196,512.5,75.0,497,62,528,88,0.053,-0.514,27.265,16.903,60.85
52,41,car,0.8102,360.0,185.5,329,157,391,214,0.053,-0.514,12.52,13.342,48.032
52,42,car,0.6701,234.0,29.0,221,18,247,40,0.053,-0.514,42.865,14.546,52.365
52,47,car,0.8121,462.5,305.5,423,259,502,352,0.053,-0.514,7.276,5.594,20.138
53,5,car,0.6939,65.0,56.0,38,41,92,71,0.099,0.346,32.84,13.329,47.986
53,25,car,0.6284,447.0,83.5,431,70,463,97,0.099,0.346,24.608,16.115,58.012
53,28,car,0.7516,511.5,73.0,496,60,527,86,0.099,0.346,27.846,16.088,57.918
53,41,car,0.7444,362.5,177.0,334,150,391,204,0.099,0.346,13.215,13.141,47.309
53,42,car,0.6872,230.5,30.5,217,19,244,42,0.099,0.346,42.897,16.636,59.89
53,47,car,0.7267,461.0,291.0,423,248,499,334,0.099,0.346,7.553,5.355,19.28
53,48,car,0.6875,705.0,430.0,627,391,783,469,0.099,0.346,6.318,0.0,0.0
54,5,car,0.6772,60.0,57.5,34,42,86,73,0.027,-0.255,32.196,14.22,51.191
54,25,car,0.6311,446.5,81.0,431,68,462,94,0.027,-0.255,25.445,15.481,55.732
54,28,car,0.6942,511.0,70.5,496,57,526,84,0.027,-0.255,29.108,15.948,57.411
54,41,car,0.6595,365.5,168.5,337,143,394,194,0.027,-0.255,15.664,14.273,51.382
54,42,car,0.6766,228.0,31.5,214,20,242,43,0.027,-0.255,42.924,17.862,64.302
54,47,car,0.6994,460.0,275.5,424,236,496,315,0.027,-0.255,9.94,8.14,29.304
54,48,car,0.7668,698.5,419.0,617,370,780,468,0.027,-0.255,6.47,0.0,0.0
55,5,car,0.7297,54.5,59.0,27,44,82,74,0.07,-0.052,31.77,14.779,53.204
55,25,car,0.6016,446.5,78.0,431,65,462,91,0.07,-0.052,27.746,16.278,58.599
55,28,car,0.6903,510.5,70.0,496,57,525,83,0.07,-0.052,29.545,15.737,56.653
55,41,car,0.7553,367.5,161.5,340,137,395,186,0.07,-0.052,16.881,15.583,56.098
55,42,car,0.6182,224.5,33.5,210,22,239,45,0.07,-0.052,42.853,18.435,66.366
55,47,car,0.602,459.5,261.5,425,224,494,299,0.07,-0.052,10.753,10.518,37.865
55,48,car,0.6228,691.5,408.0,606,347,777,469,0.07,-0.052,6.667,0.0,0.0
55,49,car,0.623,71.0,421.0,0,367,142,475,0.07,-0.052,6.627,0.0,0.0
56,5,car,0.8132,49.0,61.0,20,45,78,77,0.107,-0.117,31.667,14.986,53.949
56,25,car,0.5638,446.5,76.0,431,63,462,89,0.107,-0.117,29.1,17.357,62.487
56,28,car,0.7439,509.0,67.5,495,55,523,80,0.107,-0.117,31.347,16.523,59.482
56,41,car,0.6547,370.5,154.5,345,131,396,178,0.107,-0.117,17.711,16.746,60.284
56,42,car,0.7199,221.0,35.0,206,24,236,46,0.107,-0.117,42.85,18.445,66.404
56,47,car,0.8005,459.0,250.5,426,215,492,286,0.107,-0.117,11.239,12.003,43.209
56,48,car,0.8875,675.0,395.5,597,325,753,466,0.107,-0.117,6.901,0.0,0.0
56,49,car,0.4136,80.5,408.0,0,341,161,475,0.107,-0.117,6.868,0.0,0.0
57,5,car,0.7871,42.0,62.0,12,46,72,78,0.099,-0.357,31.797,14.73,53.026
57,25,car,0.4368,446.5,74.0,431,61,462,87,0.099,-0.357,30.005,18.36,66.097
57,28,car,0.7587,509.0,66.0,495,54,523,78,0.099,-0.357,32.068,17.179,61.846
57,41,car,0.6992,372.0,148.5,347,125,397,172,0.099,-0.357,18.422,17.684,63.664
57,42,car,0.7257,217.5,35.5,202,24,233,47,0.099,-0.357,43.203,17.765,63.955
57,47,car,0.5373,458.5,239.0,427,205,490,273,0.099,-0.357,11.811,12.483,44.938
57,48,car,0.8444,659.5,376.0,589,305,730,447,0.099,-0.357,7.293,4.616,16.619
57,49,car,0.7028,91.0,391.5,0,314,182,469,0.099,-0.357,7.176,0.0,0.0
58,5,car,0.738,36.5,64.0,5,48,68,80,0.106,0.134,31.73,14.26,51.337
58,25,car,0.5181,446.0,72.5,430,60,462,85,0.106,0.134,30.486,19.018,68.465
58,28,car,0.7289,508.0,64.5,494,53,522,76,0.106,0.134,32.749,17.763,63.946
58,41,car,0.7221,375.0,142.5,351,120,399,165,0.106,0.134,19.187,18.51,66.635
58,42,car,0.7021,214.0,38.0,199,26,229,50,0.106,0.134,42.747,17.334,62.404
58,47,car,0.6749,458.0,229.0,428,197,488,261,0.106,0.134,12.397,12.947,46.609
58,48,car,0.6182,646.5,353.0,582,285,711,421,0.106,0.134,7.792,5.642,20.31
58,49,car,0.5249,106.5,366.0,13,289,200,443,0.106,0.134,7.713,0.0,0.0
59,5,car,0.7682,31.0,65.0,0,48,62,82,0.176,-0.651,31.73,13.672,49.218
59,25,car,0.4066,446.0,70.0,430,58,462,82,0.176,-0.651,31.166,19.525,70.289
59,28,car,0.6829,507.0,63.0,493,52,521,74,0.176,-0.651,33.248,18.071,65.055
59,41,car,0.7626,376.5,136.0,353,115,400,157,0.176,-0.651,20.095,19.3,69.481
59,42,car,0.7216,210.5,39.0,195,27,226,51,0.176,-0.651,42.642,16.731,60.231
59,47,car,0.5678,457.0,218.5,428,188,486,249,0.176,-0.651,12.949,13.366,48.117
59,48,car,0.5706,635.0,329.5,576,268,694,391,0.176,-0.651,8.367,6.673,24.023
59,49,truck,0.5162,127.0,336.5,38,266,216,407,0.176,-0.651,8.451,7.314,26.33
60,5,car,0.5464,28.0,67.0,0,50,56,84,0.126,-0.174,30.908,13.463,48.469
60,25,car,0.5199,445.5,68.5,430,57,461,80,0.126,-0.174,31.513,19.712,70.964
60,28,car,0.5559,506.5,62.0,493,51,520,73,0.126,-0.174,33.564,18.151,65.343
60,41,car,0.7214,378.5,131.0,356,110,401,152,0.126,-0.174,20.824,19.941,71.788
60,42,car,0.6707,206.0,40.5,190,28,222,53,0.126,-0.174,41.953,16.362,58.904
60,47,car,0.5545,456.5,209.5,428,180,485,239,0.126,-0.174,13.441,13.714,49.37
60,48,car,0.5489,624.5,309.0,570,253,679,365,0.126,-0.174,8.94,7.704,27.734
60,49,car,0.6167,149.0,311.0,68,248,230,374,0.126,-0.174,9.173,8.643,31.113
61,5,car,0.5087,20.5,69.0,0,52,41,86,0.051,-0.365,30.691,13.294,47.857
61,25,car,0.4826,445.0,66.0,429,54,461,78,0.051,-0.365,33.586,20.825,74.972
61,28,car,0.6056,506.0,59.5,493,49,519,70,0.051,-0.365,36.751,20.006,72.023
61,41,car,0.7593,380.0,126.0,358,106,402,146,0.051,-0.365,20.391,19.689,70.88
61,42,car,0.6723,202.5,41.5,186,29,219,54,0.051,-0.365,38.582,17.955,64.639
61,47,car,0.5917,456.5,199.5,429,171,484,228,0.051,-0.365,13.501,13.745,49.482
61,48,car,0.6803,615.5,290.0,564,239,667,341,0.051,-0.365,9.211,8.323,29.962
61,49,car,0.4949,168.5,287.5,95,231,242,344,0.051,-0.365,9.708,9.686,34.869
62,5,car,0.544,18.0,71.0,0,54,36,88,0.108,-0.084,30.756,12.75,45.899
62,25,car,0.4992,444.5,64.0,429,52,460,76,0.108,-0.084,33.72,21.274,76.588
62,28,car,0.676,505.0,58.0,492,48,518,68,0.108,-0.084,36.921,20.998,75.592
62,41,car,0.7533,382.0,120.5,361,102,403,139,0.108,-0.084,20.87,19.444,70.0
62,42,car,0.7145,199.0,43.0,182,30,216,56,0.108,-0.084,38.396,18.837,67.812
62,47,car,0.7552,456.0,192.5,430,165,482,220,0.108,-0.084,13.707,13.577,48.878
62,48,car,0.4913,607.0,274.0,559,227,655,321,0.108,-0.084,9.575,8.77,31.571
62,49,truck,0.5093,186.5,268.0,119,218,254,318,0.108,-0.084,10.243,10.507,37.827
63,5,car,0.5928,17.0,73.0,0,56,34,90,0.014,-0.123,30.655,12.25,44.102
63,25,car,0.5231,444.5,63.0,430,52,459,74,0.014,-0.123,33.678,21.045,75.762
63,28,car,0.6088,504.0,57.0,491,47,517,67,0.014,-0.123,37.215,21.411,77.081
63,41,car,0.6906,383.5,116.5,363,98,404,135,0.014,-0.123,21.451,19.184,69.064
63,42,car,0.7405,194.5,45.0,177,32,212,58,0.014,-0.123,38.201,19.272,69.378
63,47,car,0.7321,455.5,184.5,430,158,481,211,0.014,-0.123,14.169,13.492,48.573
63,48,truck,0.5194,600.0,259.5,555,216,645,303,0.014,-0.123,10.205,9.482,34.136
63,49,truck,0.5736,200.5,250.5,139,205,262,296,0.014,-0.123,11.063,11.572,41.658
64,5,car,0.632,15.5,72.5,0,56,31,89,0.018,-0.256,30.79,11.347,40.85
64,25,car,0.557,444.5,60.0,430,49,459,71,0.018,-0.256,35.279,21.599,77.757
64,28,car,0.592,503.5,55.5,491,46,516,65,0.018,-0.256,37.741,21.621,77.835
64,41,car,0.7822,385.0,112.0,365,94,405,130,0.018,-0.256,23.985,20.268,72.965
64,42,car,0.6455,189.5,46.0,171,32,208,60,0.018,-0.256,38.574,18.89,68.005
64,47,car,0.7345,455.0,177.0,431,151,479,203,0.018,-0.256,16.259,14.488,52.156
64,48,car,0.6906,593.5,246.5,551,207,636,286,0.018,-0.256,11.997,10.582,38.094
64,49,truck,0.665,214.0,234.5,157,192,271,277,0.018,-0.256,13.165,14.679,52.844
65,5,car,0.5418,13.5,73.5,0,58,27,89,0.039,0.162,30.587,10.602,38.168
65,25,car,0.5289,444.5,59.5,430,49,459,70,0.039,0.162,35.753,21.747,78.288
65,28,car,0.6185,503.5,54.0,491,44,516,64,0.039,0.162,38.932,22.148,79.731
65,41,car,0.8159,386.5,108.5,367,91,406,126,0.039,0.162,25.939,21.9,78.839
65,42,car,0.684,185.0,48.5,166,34,204,63,0.039,0.162,38.378,18.423,66.324
65,47,car,0.7845,454.5,172.0,431,148,478,196,0.039,0.162,17.739,15.838,57.017
65,48,car,0.625,587.5,234.5,547,198,628,271,0.039,0.162,13.272,11.991,43.168
65,49,truck,0.6326,225.5,220.0,173,180,278,260,0.039,0.162,14.185,17.259,62.132
66,25,car,0.5218,445.0,58.0,431,48,459,68,-0.007,-0.426,37.875,22.801,82.083
66,28,car,0.6067,502.5,51.5,490,41,515,62,-0.007,-0.426,41.739,23.931,86.152
66,41,car,0.8242,387.5,103.5,369,87,406,120,-0.007,-0.426,27.21,23.474,84.505
66,42,car,0.7552,180.0,50.5,161,36,199,65,-0.007,-0.426,38.498,17.752,63.906
66,47,car,0.7727,454.0,165.0,431,142,477,188,-0.007,-0.426,18.684,17.114,61.61
66,48,car,0.7464,581.5,222.5,544,188,619,257,-0.007,-0.426,14.083,13.286,47.83
66,49,truck,0.6307,236.0,207.5,187,170,285,245,-0.007,-0.426,15.053,18.048,64.973
67,25,car,0.402,445.0,56.0,431,46,459,66,0.099,0.252,40.329,24.81,89.318
67,28,car,0.5881,502.0,50.0,490,39,514,61,0.099,0.252,43.003,25.581,92.093
67,41,car,0.8111,388.5,101.5,370,85,407,118,0.099,0.252,27.77,24.427,87.937
67,42,car,0.694,175.5,53.5,156,39,195,68,0.099,0.252,37.988,17.183,61.86
67,47,car,0.747,453.5,160.0,431,138,476,182,0.099,0.252,19.331,18.087,65.115
67,48,car,0.8314,577.0,212.0,541,179,613,245,0.099,0.252,14.744,14.391,51.808
67,49,truck,0.703,245.5,196.5,199,161,292,232,0.099,0.252,15.929,18.823,67.762
68,25,car,0.3427,445.5,53.5,432,43,459,64,-0.05,-0.203,41.628,26.575,95.67
68,28,car,0.6393,501.5,49.0,490,38,513,60,-0.05,-0.203,43.792,26.654,95.954
68,41,car,0.7258,390.0,98.0,372,82,408,114,-0.05,-0.203,28.565,25.126,90.453
68,42,car,0.6687,170.5,55.0,150,41,191,69,-0.05,-0.203,37.97,16.449,59.217
68,47,car,0.7892,454.0,154.0,432,132,476,176,-0.05,-0.203,20.104,18.918,68.104
68,48,car,0.6497,572.0,202.5,538,171,606,234,-0.05,-0.203,15.427,15.311,55.119
68,49,car,0.4673,253.5,185.5,210,152,297,219,-0.05,-0.203,16.842,19.582,70.495
69,25,car,0.4732,444.5,52.5,432,42,457,63,0.023,-0.077,42.013,27.474,98.907
69,28,car,0.6826,500.5,47.5,489,37,512,58,0.023,-0.077,44.877,27.631,99.473
69,41,car,0.767,391.5,94.0,374,79,409,109,0.023,-0.077,29.514,25.766,92.756
69,42,car,0.7838,165.5,57.0,145,42,186,72,0.023,-0.077,37.497,15.89,57.205
69,47,car,0.7881,453.0,148.5,432,128,474,169,0.023,-0.077,20.74,19.536,70.328
69,48,car,0.7463,568.0,193.5,535,163,601,224,0.023,-0.077,16.104,16.109,57.991
69,49,car,0.5166,261.5,176.0,221,144,302,208,0.023,-0.077,17.718,20.286,73.031
69,61,truck,0.5037,258.5,180.0,217,147,300,213,0.023,-0.077,17.334,0.0,0.0
70,25,car,0.5084,444.5,51.0,432,41,457,61,-0.054,-0.035,42.572,27.924,100.527
70,28,car,0.7093,500.5,47.0,489,37,512,57,-0.054,-0.035,45.168,27.875,100.351
70,41,car,0.7735,393.0,90.5,376,75,410,106,-0.054,-0.035,30.471,26.294,94.659
70,42,car,0.7348,159.5,58.5,138,43,181,74,-0.054,-0.035,36.886,15.564,56.032
70,47,car,0.7957,453.0,143.0,432,123,474,163,-0.054,-0.035,21.516,20.082,72.294
70,48,car,0.7546,564.0,185.5,532,157,596,214,-0.054,-0.035,16.719,16.738,60.256
70,49,truck,0.5934,269.0,167.0,230,136,308,198,-0.054,-0.035,18.669,20.991,75.568
71,25,car,0.574,444.5,50.0,432,40,457,60,-0.023,-0.066,36.921,23.946,86.207
71,28,car,0.6942,499.5,46.0,488,36,511,56,-0.023,-0.066,39.443,24.054,86.594
71,41,car,0.7415,393.5,87.5,377,73,410,102,-0.023,-0.066,24.826,22.788,82.035
71,42,car,0.7506,154.0,60.5,132,45,176,76,-0.023,-0.066,28.93,20.234,72.841
71,47,car,0.7583,452.5,138.5,432,119,473,158,-0.023,-0.066,17.225,17.531,63.111
71,48,car,0.7513,559.5,178.0,529,151,590,205,-0.023,-0.066,13.739,15.084,54.302
71,49,car,0.5579,276.0,158.0,240,128,312,188,-0.023,-0.066,15.194,19.056,68.6
71,61,truck,0.5443,273.0,161.5,236,131,310,192,-0.023,-0.066,15.001,0.0,0.0
72,25,car,0.6117,444.5,48.0,432,38,457,58,-0.028,-0.015,37.103,20.846,75.047
72,28,car,0.6806,499.5,45.5,488,36,511,55,-0.028,-0.015,39.564,20.576,74.072
72,41,car,0.7032,394.5,84.5,378,70,411,99,-0.028,-0.015,25.067,19.854,71.475
72,42,car,0.7587,148.0,63.5,126,48,170,79,-0.028,-0.015,28.664,23.464,84.47
72,47,car,0.7818,452.0,134.5,432,116,472,153,-0.028,-0.015,17.298,15.332,55.196
72,48,car,0.7217,556.0,170.0,527,145,585,195,-0.028,-0.015,14.044,13.783,49.62
72,49,car,0.3407,282.5,151.0,248,123,317,179,-0.028,-0.015,15.812,17.529,63.105
72,61,truck,0.5829,280.0,153.5,245,125,315,182,-0.028,-0.015,15.585,0.0,0.0
73,25,car,0.7464,444.5,47.0,432,37,457,57,-0.059,-0.047,37.177,18.01,64.837
73,28,car,0.6605,499.5,43.5,488,34,511,53,-0.059,-0.047,40.542,18.338,66.016
73,41,car,0.6547,395.5,81.0,379,67,412,95,-0.059,-0.047,25.797,17.695,63.703
73,42,car,0.7817,142.0,66.0,119,50,165,82,-0.059,-0.047,28.492,25.365,91.314
73,47,car,0.7479,451.5,129.5,432,111,471,148,-0.059,-0.047,17.716,13.683,49.258
73,48,car,0.7107,553.0,162.5,524,138,582,187,-0.059,-0.047,14.738,12.943,46.595
73,49,truck,0.5385,287.5,143.5,254,116,321,171,-0.059,-0.047,16.836,16.693,60.095
73,61,car,0.5165,286.0,146.0,252,118,320,174,-0.059,-0.047,16.402,0.0,0.0
74,25,car,0.665,444.5,46.0,432,37,457,55,-0.001,-0.024,37.506,15.771,56.777
74,28,car,0.6941,499.0,42.5,487,33,511,52,-0.001,-0.024,41.469,16.809,60.512
74,41,car,0.6845,396.5,78.5,381,65,412,92,-0.001,-0.024,27.076,16.474,59.307
74,42,car,0.7982,135.5,68.5,112,52,159,85,-0.001,-0.024,28.383,26.231,94.433
74,47,car,0.8145,451.5,125.5,433,108,470,143,-0.001,-0.024,18.673,12.696,45.706
74,48,car,0.7287,550.5,155.5,523,131,578,180,-0.001,-0.024,16.69,13.288,47.838
74,49,car,0.4577,292.5,137.5,261,111,324,164,-0.001,-0.024,19.459,17.388,62.597
74,61,truck,0.5203,291.5,139.0,260,112,323,166,-0.001,-0.024,18.807,10.479,37.723
75,25,car,0.4726,444.0,44.0,432,35,456,53,-0.096,-0.06,39.739,15.368,55.325
75,28,car,0.6105,498.5,41.5,487,32,510,51,-0.096,-0.06,42.381,15.946,57.405
75,41,car,0.7049,398.0,76.0,383,63,413,89,-0.096,-0.06,29.572,16.886,60.789
75,42,car,0.8599,128.5,71.0,104,54,153,88,-0.096,-0.06,28.381,26.278,94.601
75,47,car,0.7261,451.5,122.0,433,105,470,139,-0.096,-0.06,20.698,13.001,46.803
75,48,car,0.7938,547.0,149.5,521,126,573,173,-0.096,-0.06,18.118,14.169,51.01
75,49,car,0.4462,297.5,131.0,268,105,327,157,-0.096,-0.06,21.036,18.578,66.882
75,61,truck,0.5305,296.5,132.0,266,107,327,157,-0.096,-0.06,20.839,14.907,53.665
75,62,car,0.5818,726.5,430.5,652,392,801,469,-0.096,-0.06,6.178,0.0,0.0
76,25,car,0.5823,444.0,42.5,432,33,456,52,0.043,-0.04,41.741,16.057,57.806
76,28,car,0.5657,498.0,40.5,487,31,509,50,0.043,-0.04,43.371,15.646,56.326
76,41,car,0.6925,398.0,73.5,383,60,413,87,0.043,-0.04,31.052,17.814,64.131
76,42,car,0.8129,122.0,74.5,97,57,147,92,0.043,-0.04,28.245,25.896,93.224
76,47,car,0.7917,451.0,118.0,433,101,469,135,0.043,-0.04,21.931,13.775,49.59
76,48,car,0.7757,544.5,144.5,519,123,570,166,0.043,-0.04,18.954,15.044,54.16
76,49,truck,0.4906,302.5,125.0,274,100,331,150,0.043,-0.04,22.068,19.725,71.009
76,61,car,0.5864,301.0,126.0,272,101,330,151,0.043,-0.04,21.895,18.223,65.602
76,62,car,0.7453,719.0,419.0,641,371,797,467,0.043,-0.04,6.395,0.0,0.0
77,25,car,0.6078,444.5,41.5,433,32,456,51,-0.02,-0.104,42.852,16.924,60.925
77,28,car,0.5335,497.5,39.0,486,30,509,48,-0.02,-0.104,45.163,16.339,58.822
77,41,car,0.5928,398.5,70.5,384,57,413,84,-0.02,-0.104,32.235,18.917,68.102
77,42,car,0.7906,114.5,77.0,88,59,141,95,-0.02,-0.104,28.12,25.089,90.321
77,47,car,0.7701,451.0,114.5,433,98,469,131,-0.02,-0.104,22.744,14.566,52.437
77,48,car,0.7625,542.0,139.0,517,118,567,160,-0.02,-0.104,19.813,15.939,57.382
77,49,truck,0.3722,306.5,119.5,279,95,334,144,-0.02,-0.104,22.968,20.725,74.61
77,61,car,0.5359,305.5,120.5,278,96,333,145,-0.02,-0.104,22.801,20.532,73.916
77,62,car,0.9039,704.0,408.0,630,348,778,468,-0.02,-0.104,6.6,0.0,0.0
78,25,car,0.5742,444.5,40.5,433,31,456,50,0.038,-0.045,43.804,17.828,64.179
78,28,car,0.6149,497.0,38.5,486,30,508,47,0.038,-0.045,45.451,16.612,59.805
78,41,car,0.6798,399.0,68.5,384,55,414,82,0.038,-0.045,32.842,19.676,70.835
78,42,car,0.7775,106.5,80.0,79,61,134,99,0.038,-0.045,27.416,24.456,88.043
78,47,car,0.6577,450.5,111.0,433,95,468,127,0.038,-0.045,23.433,15.289,55.04
78,48,car,0.7565,540.0,134.0,515,113,565,155,0.038,-0.045,20.524,16.716,60.178
78,61,car,0.6934,310.0,116.0,283,93,337,139,0.038,-0.045,23.587,21.955,79.038
78,62,car,0.8087,687.5,388.5,619,325,756,452,0.038,-0.045,6.975,0.0,0.0
79,25,car,0.4796,444.0,40.0,433,31,455,49,-0.031,-0.059,44.04,18.211,65.558
79,28,car,0.5843,496.5,37.5,485,29,508,46,-0.031,-0.059,46.341,17.082,61.494
79,41,car,0.6667,400.0,66.5,385,54,415,79,-0.031,-0.059,33.486,20.23,72.827
79,42,car,0.8001,98.0,82.5,70,63,126,102,-0.031,-0.059,26.838,23.828,85.781
79,47,car,0.7378,450.0,107.5,433,91,467,124,-0.031,-0.059,24.196,15.992,57.571
79,48,car,0.6684,538.0,129.0,514,108,562,150,-0.031,-0.059,21.225,17.389,62.602
79,61,car,0.7193,314.0,110.5,288,88,340,133,-0.031,-0.059,24.709,23.468,84.485
79,62,car,0.7409,673.5,365.0,611,304,736,426,-0.031,-0.059,7.485,5.707,20.546
80,25,car,0.4975,444.0,38.5,433,30,455,47,-0.027,-0.043,45.084,18.871,67.936
80,28,car,0.5774,496.0,36.5,485,28,507,45,-0.027,-0.043,47.03,17.518,63.066
80,41,car,0.6839,400.0,65.0,385,53,415,77,-0.027,-0.043,33.932,20.469,73.687
80,42,car,0.7998,90.0,86.5,61,66,119,107,-0.027,-0.043,25.857,23.588,84.916
80,47,car,0.7397,450.0,104.5,433,89,467,120,-0.027,-0.043,24.768,16.527,59.496
80,48,car,0.7404,535.0,123.5,511,103,559,144,-0.027,-0.043,22.196,18.164,65.392
80,61,car,0.6445,317.5,106.0,293,84,342,128,-0.027,-0.043,25.546,24.376,87.753
80,62,car,0.6913,661.0,342.0,603,286,719,398,-0.027,-0.043,8.069,6.559,23.613
81,25,car,0.4896,444.0,38.0,433,30,455,46,0.054,-0.015,42.978,17.443,62.794
81,28,car,0.5714,495.5,36.0,485,28,506,44,0.054,-0.015,46.273,16.899,60.838
81,41,car,0.679,401.5,63.0,387,51,416,75,0.054,-0.015,30.979,18.322,65.958
81,42,car,0.8242,81.5,91.5,50,71,113,112,0.054,-0.015,21.475,25.937,93.371
81,47,car,0.6096,450.5,101.5,434,86,467,117,0.054,-0.015,21.422,14.508,52.23
81,48,car,0.7272,532.5,119.5,510,100,555,139,0.054,-0.015,18.328,15.999,57.596
81,61,car,0.7743,321.5,102.0,297,81,346,123,0.054,-0.015,21.083,21.459,77.252
81,62,car,0.7,650.5,320.0,597,268,704,372,0.054,-0.015,7.015,6.532,23.515
82,25,car,0.3356,444.0,36.5,433,29,455,44,-0.036,-0.131,43.21,16.27,58.572
82,28,car,0.5818,494.5,34.5,484,27,505,42,-0.036,-0.131,46.49,16.313,58.726
82,41,car,0.6678,402.5,60.5,388,49,417,72,-0.036,-0.131,31.469,16.721,60.197
82,42,car,0.7221,73.5,94.5,44,74,103,115,-0.036,-0.131,20.936,27.357,98.486
82,47,car,0.6803,450.0,99.0,434,84,466,114,-0.036,-0.131,21.541,12.755,45.919
82,48,car,0.7342,530.5,116.5,509,98,552,135,-0.036,-0.131,18.618,14.136,50.888
82,61,car,0.6803,324.5,98.5,301,78,348,119,-0.036,-0.131,21.26,18.906,68.063
82,62,car,0.523,640.0,300.5,590,253,690,348,-0.036,-0.131,7.403,6.327,22.778
83,25,car,0.3132,444.0,36.0,433,28,455,44,0.006,0.048,43.383,15.12,54.432
83,28,car,0.5621,494.5,34.5,484,27,505,42,0.006,0.048,46.49,15.432,55.554
83,41,car,0.687,403.0,59.0,389,48,417,70,0.006,0.048,31.91,15.434,55.561
83,42,car,0.7331,61.5,99.0,29,77,94,121,0.006,0.048,20.615,27.968,100.684
83,47,car,0.7682,449.5,96.0,434,81,465,111,0.006,0.048,21.92,11.509,41.433
83,48,car,0.669,529.0,113.0,508,96,550,130,0.006,0.048,19.102,12.818,46.143
83,61,car,0.6534,328.0,94.5,305,75,351,114,0.006,0.048,22.021,17.14,61.706
83,62,car,0.7785,632.0,282.5,585,239,679,326,0.006,0.048,8.134,6.547,23.569
84,28,car,0.5863,494.0,33.0,484,25,504,41,-0.068,-0.076,47.357,15.149,54.537
84,41,car,0.7188,404.0,56.5,391,45,417,68,-0.068,-0.076,33.708,15.418,55.506
84,42,car,0.7992,51.0,103.0,17,81,85,125,-0.068,-0.076,20.518,27.86,100.295
84,47,car,0.6196,449.5,93.5,434,79,465,108,-0.068,-0.076,22.74,10.822,38.961
84,48,car,0.6716,527.0,109.5,506,93,548,126,-0.068,-0.076,20.042,12.171,43.814
84,61,car,0.7257,330.0,90.5,308,71,352,110,-0.068,-0.076,23.586,16.438,59.177
84,62,car,0.6409,623.5,267.0,579,226,668,308,-0.068,-0.076,9.746,8.455,30.439
85,28,car,0.3707,494.0,32.5,484,24,504,41,0.033,0.041,47.61,14.722,53.001
85,41,car,0.7511,405.0,54.5,392,43,418,66,0.033,0.041,36.391,16.858,60.689
85,42,car,0.7687,41.0,108.0,6,85,76,131,0.033,0.041,20.383,27.298,98.273
85,47,car,0.6603,449.5,90.0,434,76,465,104,0.033,0.041,24.586,11.367,40.92
85,48,car,0.7267,525.5,105.5,505,89,546,122,0.033,0.041,21.786,12.615,45.415
85,61,car,0.5802,333.0,87.0,312,68,354,106,0.033,0.041,26.203,17.297,62.268
85,62,car,0.7299,616.0,253.0,574,215,658,291,0.033,0.041,10.449,10.161,36.581
85,70,suitcase,0.6195,70.5,428.0,0,380,141,476,0.033,0.041,5.888,0.0,0.0
86,28,car,0.3842,494.5,31.5,485,23,504,40,0.078,-0.118,48.585,14.791,53.247
86,41,car,0.6418,406.5,53.0,394,42,419,64,0.078,-0.118,37.775,18.427,66.338
86,42,car,0.7771,33.0,112.5,0,89,66,136,0.078,-0.118,20.086,26.508,95.431
86,47,car,0.7324,449.5,88.0,434,74,465,102,0.078,-0.118,25.699,12.187,43.874
86,48,car,0.6513,524.5,101.0,505,84,544,118,0.078,-0.118,23.501,13.825,49.769
86,61,car,0.619,336.0,83.0,315,64,357,102,0.078,-0.118,27.972,18.74,67.465
86,62,car,0.6934,610.0,240.0,570,204,650,276,0.078,-0.118,11.035,10.737,38.653
86,70,car,0.7802,80.0,415.5,0,355,160,476,0.078,-0.118,6.096,0.0,0.0
86,71,car,0.571,290.5,20.0,278,10,303,30,0.078,-0.118,53.19,0.0,0.0
86,25,car,0.4365,443.5,33.0,433,25,454,41,0.078,-0.118,46.59,16.332,58.795
87,28,car,0.2705,494.0,31.0,485,23,503,39,-0.009,0.027,48.968,14.743,53.076
87,41,car,0.6444,406.5,52.0,394,42,419,62,-0.009,0.027,38.265,19.478,70.12
87,42,car,0.612,24.0,117.0,0,93,48,141,-0.009,0.027,19.753,25.552,91.986
87,47,car,0.7219,449.0,85.5,434,72,464,99,-0.009,0.027,26.654,13.187,47.473
87,48,car,0.7241,522.5,98.5,503,82,542,115,-0.009,0.027,24.302,14.88,53.568
87,61,car,0.6568,338.5,80.0,318,62,359,98,-0.009,0.027,28.932,20.004,72.016
87,62,car,0.65,603.5,228.0,566,194,641,262,-0.009,0.027,11.627,11.316,40.736
87,70,car,0.9282,89.5,401.5,0,328,179,475,-0.009,0.027,6.336,0.0,0.0
87,71,car,0.5883,288.5,21.0,276,11,301,31,-0.009,0.027,53.11,0.0,0.0
87,25,car,0.458,443.0,31.5,433,23,453,40,-0.009,0.027,49.189,18.517,66.66
88,28,car,0.4258,493.5,29.0,485,21,502,37,0.163,-0.169,51.49,16.211,58.36
88,41,car,0.7249,407.0,50.5,394,40,420,61,0.163,-0.169,39.009,20.322,73.157
88,42,car,0.7112,20.5,121.5,0,97,41,146,0.163,-0.169,19.702,24.475,88.109
88,47,car,0.6433,449.5,83.0,435,70,464,96,0.163,-0.169,27.498,14.182,51.055
88,48,car,0.7444,521.0,95.0,502,79,540,111,0.163,-0.169,25.337,16.038,57.738
88,61,car,0.5783,340.5,77.5,321,60,360,95,0.163,-0.169,29.717,20.985,75.545
88,62,car,0.7529,599.5,217.5,564,185,635,250,0.163,-0.169,12.196,11.865,42.715
88,70,car,0.9027,108.5,378.0,19,303,198,453,0.163,-0.169,6.78,0.0,0.0
88,71,car,0.6083,286.5,22.0,274,12,299,32,0.163,-0.169,53.037,0.0,0.0
88,25,car,0.4539,443.0,30.5,433,22,453,39,0.163,-0.169,50.355,20.421,73.516
89,28,car,0.4319,493.0,28.5,484,21,502,36,0.045,-0.114,52.057,17.2,61.921
89,41,car,0.6518,407.5,48.5,395,38,420,59,0.045,-0.114,39.896,21.138,76.095
89,42,car,0.5767,15.5,125.0,0,102,31,148,0.045,-0.114,19.244,23.384,84.182
89,47,car,0.6537,448.5,81.0,434,68,463,94,0.045,-0.114,28.12,15.001,54.004
89,48,car,0.6783,519.5,92.5,501,77,538,108,0.045,-0.114,26.007,16.957,61.046
89,61,car,0.6613,343.5,75.0,325,58,362,92,0.045,-0.114,30.484,21.761,78.339
89,62,car,0.6603,593.5,207.0,559,176,628,238,0.045,-0.114,12.786,12.404,44.653
89,70,car,0.9135,131.0,350.0,48,280,214,420,0.045,-0.114,7.392,6.164,22.192
89,71,car,0.5977,284.5,23.0,272,13,297,33,0.045,-0.114,52.928,0.0,0.0
89,25,car,0.3232,443.0,29.5,433,21,453,38,0.045,-0.114,51.324,22.031,79.31
90,28,car,0.316,492.5,28.0,484,20,501,36,0.14,-0.263,52.478,17.801,64.084
90,41,car,0.7994,408.0,46.5,396,36,420,57,0.14,-0.263,40.802,21.873,78.741
90,47,car,0.76,449.0,78.5,435,65,463,92,0.14,-0.263,29.038,15.9,57.241
90,48,car,0.6854,518.0,89.0,500,74,536,104,0.14,-0.263,26.933,17.905,64.458
90,61,car,0.8015,345.5,72.5,327,56,364,89,0.14,-0.263,31.24,22.352,80.468
90,62,car,0.739,588.5,197.5,556,168,621,227,0.14,-0.263,13.406,12.932,46.554
90,70,car,0.8456,152.0,323.0,76,259,228,387,0.14,-0.263,8.097,7.432,26.754
90,71,car,0.6901,281.5,24.0,268,14,295,34,0.14,-0.263,52.205,5.89,21.204
90,25,car,0.2902,442.5,29.0,433,21,452,37,0.14,-0.263,52.183,23.235,83.647
91,28,car,0.2918,492.5,26.5,484,19,501,34,0.056,-0.151,60.992,23.141,83.309
91,41,car,0.799,408.5,44.5,397,34,420,55,0.056,-0.151,43.757,23.943,86.195
91,47,car,0.7073,449.0,76.0,435,63,463,89,0.056,-0.151,32.2,18.329,65.986
91,48,car,0.7904,516.5,86.5,499,72,534,101,0.056,-0.151,28.335,19.117,68.822
91,61,car,0.7784,348.5,69.0,330,53,367,85,0.056,-0.151,32.347,23.105,83.178
91,62,car,0.6658,584.5,188.5,554,160,615,217,0.056,-0.151,14.757,13.935,50.166
91,70,car,0.8939,172.0,298.5,103,242,241,355,0.056,-0.151,9.521,9.602,34.567
91,71,car,0.7216,279.5,24.5,266,14,293,35,0.056,-0.151,48.185,11.459,41.254
91,76,car,0.582,468.5,402.5,412,335,525,470,0.056,-0.151,6.601,0.0,0.0
92,28,car,0.2754,492.0,26.0,483,19,501,33,0.013,0.01,61.065,26.988,97.156
92,41,car,0.7834,409.0,43.5,397,33,421,54,0.013,0.01,43.973,25.008,90.028
92,47,car,0.586,449.0,74.5,435,62,463,87,0.013,0.01,32.285,19.711,70.959
92,48,car,0.739,515.5,84.0,498,70,533,98,0.013,0.01,28.471,19.681,70.851
92,61,car,0.6881,349.5,67.0,331,51,368,83,0.013,0.01,32.436,23.151,83.343
92,62,car,0.6927,580.5,181.5,550,154,611,209,0.013,0.01,15.035,14.525,52.29
92,70,car,0.8522,188.5,277.5,125,227,252,328,0.013,0.01,10.216,11.341,40.829
92,71,car,0.6516,278.0,26.0,264,15,292,37,0.013,0.01,48.07,14.376,51.754
92,76,truck,0.4961,468.0,385.5,414,317,522,454,0.013,0.01,6.83,0.0,0.0
93,28,car,0.2644,491.5,26.0,483,19,500,33,0.11,-0.418,60.974,29.009,104.433
93,41,car,0.7467,409.0,42.0,397,32,421,52,0.11,-0.418,44.736,25.74,92.665
93,47,car,0.6468,448.5,72.0,435,60,462,84,0.11,-0.418,32.415,20.386,73.39
93,48,car,0.6715,514.5,82.0,498,69,531,95,0.11,-0.418,28.788,19.83,71.386
93,61,car,0.7854,351.5,63.5,334,48,369,79,0.11,-0.418,32.795,22.977,82.716
93,62,car,0.7239,576.0,174.0,547,147,605,201,0.11,-0.418,15.662,15.053,54.191
93,70,car,0.8342,203.0,258.5,145,213,261,304,0.11,-0.418,11.395,13.488,48.556
93,71,car,0.6266,275.0,27.0,261,16,289,38,0.11,-0.418,47.968,15.559,56.012
93,76,car,0.6126,466.0,361.5,415,297,517,426,0.11,-0.418,7.147,0.0,0.0
94,41,car,0.7177,410.5,41.0,398,31,423,51,0.077,-0.109,46.207,26.721,96.194
94,47,car,0.6336,448.0,70.0,434,58,462,82,0.077,-0.109,33.082,20.894,75.217
94,48,car,0.7129,513.0,79.5,496,65,530,94,0.077,-0.109,30.109,20.438,73.577
94,61,car,0.8304,353.0,61.5,336,47,370,76,0.077,-0.109,34.196,23.257,83.725
94,62,car,0.7056,573.0,165.0,544,137,602,193,0.077,-0.109,18.333,16.932,60.955
94,70,car,0.8337,216.0,242.0,163,200,269,284,0.077,-0.109,13.296,16.884,60.782
94,71,car,0.5762,272.5,28.5,258,17,287,40,0.077,-0.109,47.83,15.566,56.037
94,76,car,0.5838,464.5,338.5,417,279,512,398,0.077,-0.109,8.354,0.0,0.0
95,41,car,0.7308,411.0,40.5,398,31,424,50,0.087,-0.19,47.245,27.476,98.914
95,47,car,0.6831,447.5,68.0,434,56,461,80,0.087,-0.19,34.88,21.993,79.176
95,48,car,0.7519,512.0,75.5,496,61,528,90,0.087,-0.19,33.563,22.811,82.119
95,61,car,0.7931,355.0,59.5,339,45,371,74,0.087,-0.19,37.282,25.006,90.023
95,62,car,0.7423,570.0,159.0,543,133,597,185,0.087,-0.19,19.312,18.527,66.699
95,70,car,0.767,227.5,227.5,178,188,277,267,0.087,-0.19,14.127,19.179,69.045
95,71,car,0.6074,269.5,29.5,255,18,284,41,0.087,-0.19,47.756,14.989,53.961
95,76,car,0.6465,463.5,319.0,418,265,509,373,0.087,-0.19,9.965,9.158,32.969
95,28,car,0.2529,491.5,25.0,483,19,500,31,0.087,-0.19,61.073,30.048,108.172
96,41,car,0.6617,411.0,39.0,398,30,424,48,0.001,-0.079,48.962,28.662,103.182
96,47,car,0.6762,447.5,66.0,434,54,461,78,0.001,-0.079,36.998,23.742,85.473
96,48,car,0.7681,511.0,73.5,495,60,527,87,0.001,-0.079,34.894,24.856,89.481
96,61,car,0.7985,356.5,56.5,341,42,372,71,0.001,-0.079,41.057,28.338,102.019
96,62,car,0.7855,567.0,153.5,541,129,593,178,0.001,-0.079,20.155,19.838,71.417
96,70,car,0.7961,237.5,215.0,192,178,283,252,0.001,-0.079,14.935,19.838,71.416
96,71,car,0.6034,267.0,30.5,252,18,282,43,0.001,-0.079,47.667,13.973,50.303
96,76,car,0.5653,462.0,300.0,419,250,505,350,0.001,-0.079,10.556,10.834,39.001
96,28,car,0.3319,491.5,24.5,483,18,500,31,0.001,-0.079,61.322,30.251,108.904
97,41,car,0.5315,411.5,38.0,399,29,424,47,0.0,-0.135,50.019,29.557,106.406
97,47,car,0.6353,447.5,64.0,434,52,461,76,0.0,-0.135,38.519,25.504,91.815
97,48,car,0.7171,510.5,71.5,495,58,526,85,0.0,-0.135,35.834,26.423,95.122
97,61,car,0.8035,358.0,55.0,342,41,374,69,0.0,-0.135,42.273,30.868,111.123
97,62,car,0.7189,564.5,148.5,539,125,590,172,0.0,-0.135,20.913,20.853,75.07
97,70,car,0.8155,246.5,202.0,204,167,289,237,0.0,-0.135,15.839,20.507,73.826
97,71,car,0.5365,264.5,32.0,250,20,279,44,0.0,-0.135,47.489,13.657,49.166
97,76,car,0.6038,460.5,283.5,420,237,501,330,0.0,-0.135,11.182,12.144,43.719
97,28,car,0.3297,491.0,24.0,483,18,499,30,0.0,-0.135,61.282,29.672,106.818
98,41,car,0.6717,412.0,36.0,399,27,425,45,0.014,-0.129,52.14,31.079,111.886
98,47,car,0.5426,447.5,62.0,435,51,460,73,0.014,-0.129,39.691,27.015,97.256
98,48,car,0.665,508.5,69.5,493,56,524,83,0.014,-0.129,36.788,27.606,99.381
98,61,car,0.7795,359.5,53.0,344,39,375,67,0.014,-0.129,43.341,32.77,117.973
98,62,car,0.7145,561.5,142.5,538,119,585,166,0.014,-0.129,21.894,21.808,78.51
98,70,car,0.747,255.5,191.0,215,157,296,225,0.014,-0.129,16.685,21.093,75.936
98,71,car,0.6869,261.5,33.5,246,21,277,46,0.014,-0.129,47.373,13.284,47.822
98,76,car,0.4784,459.5,269.0,420,226,499,312,0.014,-0.129,11.824,13.224,47.608
99,41,car,0.7483,413.0,35.5,400,27,426,44,0.075,-0.068,52.74,31.796,114.467
99,47,car,0.6273,448.0,61.0,435,50,461,72,0.075,-0.068,40.177,27.798,100.072
99,48,car,0.8054,508.0,67.5,493,55,523,80,0.075,-0.068,37.667,28.468,102.484
99,61,car,0.7625,361.5,51.0,346,37,377,65,0.075,-0.068,44.384,34.137,122.893
99,62,car,0.7493,559.0,137.5,536,115,582,160,0.075,-0.068,22.683,22.54,81.143
99,70,car,0.8209,263.0,182.5,225,150,301,215,0.075,-0.068,17.383,21.5,77.399
99,71,car,0.4972,258.0,36.0,242,24,274,48,0.075,-0.068,46.938,13.228,47.621
99,76,truck,0.471,459.0,255.5,422,215,496,296,0.075,-0.068,12.46,14.14,50.906
100,41,car,0.7606,413.5,34.0,400,25,427,43,0.024,-0.039,53.926,32.494,116.978
100,47,car,0.6462,447.0,59.0,434,48,460,70,0.024,-0.039,41.165,28.468,102.487
100,48,car,0.7545,507.0,66.0,492,54,522,78,0.024,-0.039,38.429,28.948,104.214
100,61,car,0.829,363.0,49.5,348,36,378,63,0.024,-0.039,45.156,34.869,125.53
100,62,car,0.7898,556.5,132.5,534,110,579,155,0.024,-0.039,23.39,23.056,83.003
100,70,car,0.8111,269.5,172.0,233,141,306,203,0.024,-0.039,18.418,22.068,79.444
100,71,car,0.4995,255.0,38.0,239,26,271,50,0.024,-0.039,45.799,13.524,48.688
100,76,truck,0.5454,458.0,243.0,422,205,494,281,0.024,-0.039,13.09,14.904,53.654
101,41,car,0.6969,413.5,33.0,401,24,426,42,-0.089,-0.016,48.742,28.758,103.53
101,47,car,0.6735,447.0,57.0,434,46,460,68,-0.089,-0.016,36.295,25.139,90.5
101,48,car,0.7322,506.5,64.0,492,52,521,76,-0.089,-0.016,33.656,25.543,91.955
101,61,car,0.7917,365.0,48.0,350,35,380,61,-0.089,-0.016,38.383,30.333,109.197
101,62,car,0.6461,554.5,129.0,533,108,576,150,-0.089,-0.016,18.972,20.136,72.488
101,70,car,0.7738,276.0,164.0,242,135,310,193,-0.089,-0.016,15.089,19.973,71.903
101,71,car,0.5133,251.5,39.5,235,27,268,52,-0.089,-0.016,37.894,17.582,63.294
101,76,truck,0.572,457.5,232.0,423,196,492,268,-0.089,-0.016,10.591,11.439,41.182
102,41,car,0.6566,413.5,31.5,401,22,426,41,0.025,-0.052,49.079,25.722,92.6
102,47,car,0.6975,447.5,56.0,435,45,460,67,0.025,-0.052,36.351,22.121,79.635
102,48,car,0.7822,506.0,62.5,492,51,520,74,0.025,-0.052,33.659,22.485,80.944
102,61,car,0.8564,366.0,46.5,352,34,380,59,0.025,-0.052,38.428,26.319,94.747
102,62,car,0.6106,552.0,124.5,531,104,573,145,0.025,-0.052,19.06,17.773,63.984
102,70,car,0.7625,282.0,155.0,249,127,315,183,0.025,-0.052,15.718,18.459,66.454
102,71,car,0.6281,248.0,41.0,231,28,265,54,0.025,-0.052,37.802,21.15,76.139
102,76,truck,0.5289,456.5,221.5,423,187,490,256,0.025,-0.052,10.665,10.453,37.631
103,41,car,0.7194,413.5,30.5,401,21,426,40,-0.025,-0.042,49.512,23.201,83.525
103,47,car,0.5511,448.0,54.0,436,43,460,65,-0.025,-0.042,36.903,19.934,71.762
103,48,car,0.7445,505.0,61.0,491,49,519,73,-0.025,-0.042,33.74,19.859,71.491
103,61,car,0.8642,367.5,44.0,353,32,382,56,-0.025,-0.042,38.895,23.327,83.977
103,62,car,0.7513,549.5,120.0,528,101,571,139,-0.025,-0.042,19.466,15.908,57.269
103,70,car,0.7662,288.0,147.5,257,121,319,174,-0.025,-0.042,17.34,17.931,64.552
103,71,car,0.5613,245.5,42.5,228,30,263,55,-0.025,-0.042,37.727,23.331,83.99
103,76,truck,0.5475,456.5,211.0,424,178,489,244,-0.025,-0.042,11.057,9.747,35.089
104,41,car,0.7181,414.0,30.0,402,21,426,39,0.03,-0.009,49.676,20.934,75.364
104,47,car,0.5208,448.0,53.0,436,42,460,64,0.03,-0.009,37.549,18.251,65.705
104,48,car,0.6785,504.0,59.0,490,48,518,70,0.03,-0.009,34.677,18.184,65.463
104,61,car,0.7745,368.0,43.0,354,31,382,55,0.03,-0.009,39.333,20.708,74.548
104,62,car,0.7757,548.5,116.0,528,97,569,135,0.03,-0.009,20.805,15.001,54.002
104,70,car,0.735,292.5,141.0,263,116,322,166,0.03,-0.009,19.73,18.705,67.338
104,71,car,0.6228,242.0,44.0,224,31,260,57,0.03,-0.009,37.612,24.447,88.01
104,76,car,0.452,455.5,202.5,424,171,487,234,0.03,-0.009,12.322,9.713,34.965
104,85,truck,0.4034,456.0,206.0,424,174,488,238,0.03,-0.009,11.492,0.0,0.0
105,41,car,0.626,414.0,28.5,402,20,426,37,-0.047,-0.07,51.157,19.934,71.761
105,47,car,0.3981,447.5,51.5,436,41,459,62,-0.047,-0.07,39.302,17.84,64.224
105,48,car,0.6629,503.5,57.5,490,47,517,68,-0.047,-0.07,36.268,17.592,63.333
105,61,car,0.7683,369.5,41.5,356,30,383,53,-0.047,-0.07,41.787,20.043,72.154
105,62,car,0.6427,546.5,112.0,527,94,566,130,-0.047,-0.07,22.779,15.312,55.124
105,70,car,0.7107,297.5,135.0,269,110,326,160,-0.047,-0.07,20.913,19.636,70.688
105,71,car,0.701,238.5,45.5,220,32,257,59,-0.047,-0.07,37.491,24.806,89.301
105,76,truck,0.5064,455.5,193.5,425,163,486,224,-0.047,-0.07,14.599,10.95,39.418
105,85,car,0.5899,456.0,198.0,426,167,486,229,-0.047,-0.07,13.96,0.0,0.0
106,41,car,0.4416,414.5,27.5,403,19,426,36,0.03,-0.048,52.665,19.756,71.122
106,47,car,0.3792,447.5,50.5,436,40,459,61,0.03,-0.048,41.021,18.283,65.818
106,48,car,0.6953,502.5,55.5,489,45,516,66,0.03,-0.048,39.22,18.801,67.682
106,61,car,0.8114,370.5,39.5,357,28,384,51,0.03,-0.048,45.208,21.476,77.314
106,62,car,0.6024,544.5,109.0,526,92,563,126,0.03,-0.048,23.756,15.829,56.984
106,70,car,0.7324,302.0,128.5,275,105,329,152,0.03,-0.048,21.92,20.582,74.095
106,71,car,0.6522,234.5,47.5,216,34,253,61,0.03,-0.048,37.36,24.651,88.745
106,76,truck,0.4083,455.0,185.5,426,156,484,215,0.03,-0.048,15.405,12.134,43.683
106,85,car,0.7429,456.0,189.0,427,159,485,219,0.03,-0.048,15.081,0.0,0.0
107,41,car,0.3986,415.0,26.5,404,18,426,35,0.004,-0.063,54.448,20.405,73.456
107,47,car,0.4288,447.5,49.5,436,39,459,60,0.004,-0.063,42.571,19.245,69.281
107,48,car,0.7124,502.0,52.5,489,41,515,64,0.004,-0.063,41.957,21.192,76.292
107,61,car,0.8296,372.0,38.5,359,27,385,50,0.004,-0.063,47.003,23.187,83.473
107,62,car,0.5273,542.5,105.0,524,88,561,122,0.004,-0.063,24.944,16.69,60.084
107,70,car,0.8105,306.5,123.0,280,100,333,146,0.004,-0.063,22.776,21.374,76.947
107,71,car,0.7082,230.5,49.5,211,36,250,63,0.004,-0.063,37.247,24.09,86.725
107,85,car,0.7216,455.0,179.5,427,151,483,208,0.004,-0.063,15.918,0.0,0.0
108,41,car,0.4414,415.0,25.5,403,17,427,34,0.005,-0.004,57.032,22.191,79.886
108,47,car,0.557,446.5,48.0,435,38,458,58,0.005,-0.004,43.98,20.509,73.832
108,48,car,0.7868,501.0,51.0,488,40,514,62,0.005,-0.004,43.119,23.159,83.371
108,61,car,0.7511,372.5,37.0,360,26,385,48,0.005,-0.004,48.529,24.997,89.99
108,62,car,0.5021,541.5,101.0,523,84,560,118,0.005,-0.004,26.07,17.727,63.816
108,70,car,0.8312,309.5,117.5,285,95,334,140,0.005,-0.004,23.75,22.154,79.753
108,71,car,0.7813,227.0,52.0,207,38,247,66,0.005,-0.004,37.112,23.298,83.873
108,85,car,0.8272,454.0,172.5,427,145,481,200,0.005,-0.004,16.474,8.848,31.851
109,41,car,0.5184,416.5,24.5,405,16,428,33,0.015,-0.045,58.727,24.155,86.957
109,47,car,0.5878,446.5,46.5,435,36,458,57,0.015,-0.045,45.317,21.875,78.751
109,48,car,0.7572,501.0,49.5,488,38,514,61,0.015,-0.045,43.747,24.51,88.236
109,61,car,0.6776,374.0,35.5,362,25,386,46,0.015,-0.045,50.17,26.864,96.71
109,62,car,0.5377,539.5,98.5,521,82,558,115,0.015,-0.045,26.763,18.494,66.578
109,70,car,0.7932,314.0,113.0,290,92,338,134,0.015,-0.045,24.639,22.798,82.072
109,71,car,0.558,222.5,54.5,202,40,243,69,0.015,-0.045,36.643,22.577,81.277
109,85,car,0.7662,453.5,165.5,427,139,480,192,0.015,-0.045,17.29,10.077,36.276
110,41,car,0.533,417.0,23.5,406,15,428,32,0.023,-0.065,59.895,25.833,93.0
110,47,car,0.6679,446.5,45.0,435,35,458,55,0.023,-0.065,46.365,23.099,83.156
110,48,car,0.7266,500.5,49.0,488,38,513,60,0.023,-0.065,44.162,25.16,90.574
110,61,car,0.7621,374.5,34.0,362,23,387,45,0.023,-0.065,51.337,28.428,102.341
110,62,car,0.726,538.5,95.0,520,79,557,111,0.023,-0.065,27.783,19.381,69.773
110,70,car,0.81,317.5,109.0,294,88,341,130,0.023,-0.065,25.461,23.311,83.919
110,71,car,0.5665,218.0,56.0,197,41,239,71,0.023,-0.065,35.923,21.956,79.043
110,85,car,0.7714,453.0,159.5,427,134,479,185,0.023,-0.065,17.953,11.226,40.414
110,89,car,0.325,443.0,44.5,428,33,458,56,0.023,-0.065,46.512,0.0,0.0
111,41,car,0.6009,418.0,22.0,407,14,429,30,0.016,-0.138,48.61,25.129,90.464
111,47,car,0.58,447.0,43.5,436,34,458,53,0.016,-0.138,37.117,22.07,79.453
111,48,car,0.7639,499.5,47.0,487,37,512,57,0.016,-0.138,34.494,24.226,87.213
111,61,car,0.7864,375.5,32.5,363,22,388,43,0.016,-0.138,39.581,27.43,98.749
111,62,car,0.5838,537.0,92.0,519,76,555,108,0.016,-0.138,21.54,17.682,63.656
111,70,car,0.7865,321.5,104.0,299,84,344,124,0.016,-0.138,19.249,20.95,75.421
111,71,car,0.3187,214.0,57.5,193,42,235,73,0.016,-0.138,25.297,28.289,101.842
111,85,car,0.8404,453.5,153.0,429,128,478,178,0.016,-0.138,13.938,9.946,35.806
112,41,car,0.4391,418.0,22.0,407,14,429,30,0.002,-0.009,48.61,24.11,86.796
112,47,car,0.4701,447.0,42.5,436,33,458,52,0.002,-0.009,37.348,20.679,74.444
112,48,car,0.7107,499.5,47.0,487,37,512,57,0.002,-0.009,34.494,23.039,82.94
112,61,car,0.6773,376.5,31.5,364,21,389,42,0.002,-0.009,39.671,26.041,93.749
112,62,car,0.626,535.0,89.0,518,74,552,104,0.002,-0.009,21.587,16.075,57.87
112,70,car,0.8205,324.5,100.5,302,81,347,120,0.002,-0.009,19.554,18.569,66.847
112,71,car,0.3308,209.0,59.0,187,44,231,74,0.002,-0.009,25.2,32.248,116.094
112,85,car,0.8042,453.5,147.5,430,123,477,172,0.002,-0.009,13.954,8.697,31.31
113,41,car,0.3147,418.0,21.0,407,13,429,29,-0.0,0.025,49.077,22.457,80.846
113,47,car,0.445,446.5,42.0,436,32,457,52,-0.0,0.025,37.463,19.155,68.958
113,48,car,0.6026,498.5,46.0,486,36,511,56,-0.0,0.025,34.636,21.561,77.62
113,61,car,0.6388,378.0,31.0,366,21,390,41,-0.0,0.025,39.791,24.423,87.923
113,62,car,0.6563,534.0,86.5,517,72,551,101,-0.0,0.025,21.805,14.384,51.783
113,70,car,0.8186,328.5,97.0,307,79,350,115,-0.0,0.025,20.254,16.421,59.115
113,71,car,0.5226,203.5,63.0,181,48,226,78,-0.0,0.025,24.908,34.725,125.01
113,85,car,0.8097,453.0,142.5,430,119,476,166,-0.0,0.025,14.066,7.426,26.733
114,41,car,0.3927,417.5,20.5,407,12,428,29,-0.025,-0.171,49.176,20.729,74.623
114,47,car,0.4082,446.5,40.0,435,30,458,50,-0.025,-0.171,39.459,16.699,60.117
114,48,car,0.6506,498.0,44.0,486,34,510,54,-0.025,-0.171,35.423,19.467,70.08
114,61,car,0.7179,379.0,30.0,367,20,391,40,-0.025,-0.171,40.365,22.291,80.247
114,62,car,0.5729,533.0,83.5,516,69,550,98,-0.025,-0.171,23.269,12.841,46.227
114,70,car,0.7783,330.5,93.0,310,75,351,111,-0.025,-0.171,22.313,15.492,55.77
114,71,car,0.5951,197.5,65.5,174,49,221,82,-0.025,-0.171,24.77,35.748,128.692
114,85,car,0.8274,453.0,137.0,431,115,475,159,-0.025,-0.171,14.451,6.057,21.806
115,41,car,0.4293,417.5,20.5,407,12,428,29,0.082,0.178,49.176,19.003,68.412
115,47,car,0.375,446.5,39.5,435,30,458,49,0.082,0.178,39.919,14.597,52.55
115,48,car,0.6271,497.5,43.0,485,33,510,53,0.082,0.178,36.862,16.867,60.72
115,61,car,0.7457,380.0,29.0,368,19,392,39,0.082,0.178,41.695,19.457,70.047
115,62,car,0.634,532.0,82.0,516,68,548,96,0.082,0.178,24.232,11.986,43.151
115,70,car,0.8353,333.0,90.0,313,72,353,108,0.082,0.178,24.295,15.771,56.776
115,71,car,0.4997,193.5,68.5,169,52,218,85,0.082,0.178,24.569,35.863,129.106
115,85,car,0.7959,452.5,133.0,431,111,474,155,0.082,0.178,15.042,5.567,20.041
116,41,car,0.3923,418.0,19.0,407,11,429,27,0.053,-0.301,50.964,16.503,59.412
116,47,car,0.4074,446.0,38.5,435,29,457,48,0.053,-0.301,40.863,13.347,48.05
116,48,car,0.564,496.5,41.0,484,31,509,51,0.053,-0.301,39.676,16.342,58.831
116,61,car,0.732,380.5,27.5,369,18,392,37,0.053,-0.301,43.743,17.687,63.674
116,62,car,0.5613,530.5,79.0,515,65,546,93,0.053,-0.301,26.13,12.399,44.637
116,70,car,0.734,336.0,86.0,316,69,356,103,0.053,-0.301,25.691,16.574,59.668
116,71,car,0.5623,187.5,71.0,162,54,213,88,0.053,-0.301,24.485,35.185,126.666
116,85,car,0.8178,452.5,127.0,431,105,474,149,0.053,-0.301,17.964,6.891,24.806
117,41,car,0.3422,418.5,18.5,408,11,429,26,0.033,0.031,51.584,14.612,52.602
117,47,car,0.4139,446.0,37.5,435,28,457,47,0.033,0.031,41.922,12.936,46.57
117,48,car,0.5082,496.0,39.5,484,30,508,49,0.033,0.031,41.21,16.675,60.03
117,61,car,0.7013,381.0,26.5,370,17,392,36,0.033,0.031,45.266,17.079,61.484
117,62,car,0.6169,529.0,77.0,514,63,544,91,0.033,0.031,27.006,13.013,46.846
117,70,car,0.724,338.5,83.0,319,67,358,99,0.033,0.031,26.568,17.385,62.585
117,71,car,0.5404,181.0,73.5,155,56,207,91,0.033,0.031,24.681,33.734,121.443
117,85,car,0.8767,452.5,122.5,431,101,474,144,0.033,0.031,18.966,8.354,30.076
117,92,car,0.6053,460.0,411.0,409,351,511,471,0.033,0.031,5.843,0.0,0.0
118,41,car,0.2793,419.0,18.5,409,11,429,26,0.077,0.016,51.616,12.835,46.206
118,47,car,0.3506,446.5,36.5,436,27,457,46,0.077,0.016,42.753,12.897,46.429
118,48,car,0.6331,496.0,38.5,484,29,508,48,0.077,0.016,42.008,17.042,61.35
118,61,car,0.6645,382.0,26.0,371,17,393,35,0.077,0.016,46.551,17.068,61.443
118,62,car,0.484,528.0,75.5,513,62,543,89,0.077,0.016,27.579,13.529,48.704
118,70,car,0.697,340.5,80.0,322,64,359,96,0.077,0.016,27.343,18.108,65.191
118,71,car,0.5272,175.0,76.5,147,58,203,95,0.077,0.016,24.584,32.053,115.389
118,85,car,0.8167,451.5,119.5,431,100,472,139,0.077,0.016,19.469,9.527,34.298
118,92,car,0.556,459.0,394.0,411,332,507,456,0.077,0.016,6.13,0.0,0.0
118,93,car,0.7613,699.0,427.5,619,386,779,469,0.077,0.016,5.629,0.0,0.0
119,47,car,0.3141,446.0,34.5,435,25,457,44,-0.002,-0.293,44.148,13.592,48.931
119,48,car,0.6057,495.0,37.0,483,28,507,46,-0.002,-0.293,42.913,17.555,63.198
119,61,car,0.7792,382.5,24.5,372,15,393,34,-0.002,-0.293,48.444,18.028,64.9
119,62,car,0.5693,526.0,72.5,511,59,541,86,-0.002,-0.293,28.703,14.412,51.882
119,70,car,0.7785,342.5,77.5,324,62,361,93,-0.002,-0.293,27.966,18.628,67.061
119,71,car,0.6351,170.5,80.0,140,61,201,99,-0.002,-0.293,24.11,30.511,109.84
119,85,car,0.8547,451.0,115.5,431,96,471,135,-0.002,-0.293,20.202,10.678,38.442
119,92,car,0.6185,458.0,369.0,413,311,503,427,-0.002,-0.293,6.593,0.0,0.0
119,93,car,0.7961,688.5,417.0,611,366,766,468,-0.002,-0.293,5.788,0.0,0.0
120,47,car,0.2613,446.5,34.0,435,25,458,43,0.019,0.114,44.582,14.041,50.548
120,48,car,0.6232,495.0,36.0,483,27,507,45,0.019,0.114,43.423,17.92,64.512
120,61,car,0.7967,383.5,24.0,373,15,394,33,0.019,0.114,48.971,18.667,67.2
120,62,car,0.6622,525.5,71.0,511,58,540,84,0.019,0.114,29.203,15.057,54.205
120,70,car,0.8438,344.5,75.0,328,60,361,90,0.019,0.114,28.632,19.08,68.69
120,71,car,0.6612,163.0,83.5,132,64,194,103,0.019,0.114,23.939,28.809,103.714
120,85,car,0.7932,450.5,112.0,431,93,470,131,0.019,0.114,20.774,11.675,42.031
120,92,car,0.5516,457.0,344.0,415,291,499,397,0.019,0.114,7.143,0.0,0.0
120,93,car,0.8387,674.0,406.5,600,345,748,468,0.019,0.114,5.951,0.0,0.0
121,47,car,0.2943,446.0,33.0,435,24,457,42,-0.062,-0.572,47.219,15.794,56.86
121,48,car,0.601,494.5,34.0,483,25,506,43,-0.062,-0.572,45.575,19.244,69.28
121,61,car,0.797,384.5,22.0,374,12,395,32,-0.062,-0.572,52.66,21.264,76.551
121,62,car,0.6767,524.5,67.5,510,55,539,80,-0.062,-0.572,30.193,15.907,57.265
121,70,car,0.7717,346.5,71.5,331,57,362,86,-0.062,-0.572,27.701,18.389,66.2
121,71,car,0.6676,155.0,85.0,124,64,186,106,-0.062,-0.572,22.082,28.117,101.22
121,85,car,0.7119,450.5,108.5,431,90,470,127,-0.062,-0.572,20.038,11.641,41.909
121,92,car,0.5833,456.0,321.0,416,273,496,369,-0.062,-0.572,7.072,6.232,22.434
121,93,car,0.7982,658.5,385.5,590,321,727,450,-0.062,-0.572,6.023,0.0,0.0
122,47,car,0.3506,446.0,33.5,435,25,457,42,-0.041,0.312,46.888,16.492,59.372
122,48,car,0.6006,494.5,34.5,483,26,506,43,-0.041,0.312,45.515,19.68,70.848
122,61,car,0.7118,385.5,21.5,375,12,396,31,-0.041,0.312,52.735,22.744,81.879
122,62,car,0.7491,523.0,66.5,509,54,537,79,-0.041,0.312,30.231,16.16,58.176
122,70,car,0.8443,349.5,69.5,333,55,366,84,-0.041,0.312,28.173,17.831,64.193
122,71,car,0.6866,147.0,90.0,115,69,179,111,-0.041,0.312,21.631,27.391,98.609
122,85,car,0.7716,450.0,105.5,431,87,469,124,-0.041,0.312,20.087,11.451,41.224
122,92,car,0.373,455.5,301.5,418,258,493,345,-0.041,0.312,7.308,6.194,22.3
122,93,car,0.7482,645.5,363.5,582,302,709,425,-0.041,0.312,6.279,4.959,17.852
123,47,car,0.335,446.0,31.0,435,21,457,41,0.05,-0.416,49.181,18.303,65.89
123,48,car,0.5939,494.0,33.0,483,24,505,42,0.05,-0.416,45.736,19.728,71.022
123,61,car,0.5973,386.0,20.5,375,11,397,30,0.05,-0.416,52.847,23.299,83.876
123,62,car,0.7106,522.0,64.0,508,52,536,76,0.05,-0.416,30.675,16.29,58.644
123,70,car,0.7832,351.5,66.5,335,52,368,81,0.05,-0.416,29.555,17.927,64.536
123,71,car,0.5592,139.0,94.0,106,73,172,115,0.05,-0.416,21.343,26.5,95.401
123,85,car,0.7182,450.5,102.0,432,84,469,120,0.05,-0.416,20.243,11.141,40.107
123,92,car,0.5885,454.5,284.0,419,244,490,324,0.05,-0.416,7.799,6.356,22.88
123,93,car,0.8046,635.0,340.0,577,284,693,396,0.05,-0.416,6.811,5.432,19.555
124,47,car,0.3957,445.5,29.5,434,19,457,40,-0.072,-0.063,50.947,20.43,73.548
124,48,car,0.5661,494.0,32.0,483,23,505,41,-0.072,-0.063,46.401,19.843,71.436
124,61,car,0.599,386.5,20.0,376,11,397,29,-0.072,-0.063,53.025,23.354,84.074
124,62,car,0.6519,521.5,62.5,508,51,535,74,-0.072,-0.063,31.33,16.486,59.351
124,70,car,0.8405,353.0,64.0,337,51,369,77,-0.072,-0.063,31.577,18.995,68.382
124,71,car,0.6727,130.0,98.0,96,76,164,120,-0.072,-0.063,21.13,25.377,91.356
124,85,car,0.7038,450.0,98.0,432,80,468,116,-0.072,-0.063,20.766,11.098,39.953
124,92,car,0.4727,454.5,269.0,421,232,488,306,-0.072,-0.063,9.769,8.879,31.966
124,93,car,0.7587,624.0,318.0,570,267,678,369,-0.072,-0.063,8.263,7.227,26.018
125,47,car,0.3667,445.5,29.0,434,19,457,39,-0.004,-0.082,51.469,21.769,78.368
125,48,car,0.4265,493.5,31.0,483,21,504,41,-0.004,-0.082,47.377,20.118,72.425
125,61,car,0.54,387.5,20.0,377,11,398,29,-0.004,-0.082,53.164,22.899,82.435
125,62,car,0.6582,520.5,61.0,507,49,534,73,-0.004,-0.082,32.912,17.31,62.316
125,70,car,0.8094,355.0,62.0,340,49,370,75,-0.004,-0.082,33.602,20.678,74.44
125,71,car,0.6682,121.0,102.5,85,80,157,125,-0.004,-0.082,20.92,24.212,87.162
125,85,car,0.7743,450.0,96.0,432,79,468,113,-0.004,-0.082,21.595,11.29,40.644
125,92,car,0.5344,453.5,254.5,421,220,486,289,-0.004,-0.082,10.433,10.853,39.072
125,93,car,0.8014,614.0,299.0,563,252,665,346,-0.004,-0.082,8.907,8.783,31.617
126,47,car,0.3864,445.0,27.5,434,18,456,37,-0.016,-0.245,53.035,23.392,84.212
126,48,car,0.381,493.5,29.0,483,20,504,38,-0.016,-0.245,50.921,22.372,80.538
126,61,car,0.379,387.5,18.0,378,9,397,27,-0.016,-0.245,54.819,23.375,84.15
126,62,car,0.6604,520.0,59.0,507,47,533,71,-0.016,-0.245,34.955,18.934,68.162
126,70,car,0.7902,356.5,59.5,342,47,371,72,-0.016,-0.245,35.2,22.541,81.146
126,71,car,0.7719,111.0,107.5,73,84,149,131,-0.016,-0.245,20.715,23.059,83.012
126,85,car,0.7762,450.0,93.0,432,76,468,110,-0.016,-0.245,23.779,12.662,45.583
126,92,car,0.6537,453.0,241.0,421,208,485,274,-0.016,-0.245,11.048,12.349,44.456
126,93,car,0.82,605.5,282.0,558,239,653,325,-0.016,-0.245,9.488,10.08,36.286
127,47,car,0.39,445.0,27.5,434,18,456,37,0.007,0.142,53.035,23.976,86.312
127,48,car,0.3786,493.0,28.5,483,20,503,37,0.007,0.142,51.275,23.672,85.219
127,61,car,0.3767,388.5,17.5,379,9,398,26,0.007,0.142,56.045,23.952,86.227
127,62,car,0.7065,519.0,57.5,506,46,532,69,0.007,0.142,36.259,20.574,74.067
127,70,car,0.7703,357.5,58.0,343,46,372,70,0.007,0.142,36.06,23.961,86.261
127,71,car,0.6281,101.5,111.5,62,87,141,136,0.007,0.142,20.549,21.766,78.358
127,85,car,0.6909,449.5,91.0,432,75,467,107,0.007,0.142,24.852,14.083,50.699
127,92,car,0.6981,452.5,229.5,422,198,483,261,0.007,0.142,11.656,13.479,48.524
127,93,car,0.7833,598.0,267.0,554,228,642,306,0.007,0.142,10.028,11.123,40.041
128,47,car,0.3047,445.5,26.0,435,17,456,35,0.016,-0.553,54.478,24.887,89.593
128,48,car,0.398,492.5,27.5,483,19,502,36,0.016,-0.553,53.088,25.277,90.998
128,62,car,0.6751,518.5,55.5,506,44,531,67,0.016,-0.553,37.628,22.216,79.976
128,70,car,0.7012,359.5,55.0,345,43,374,67,0.016,-0.553,37.553,25.491,91.766
128,71,car,0.7536,91.5,116.5,51,92,132,141,0.016,-0.553,19.757,20.978,75.519
128,85,car,0.6946,449.0,88.5,432,73,466,104,0.016,-0.553,25.939,15.512,55.843
128,92,car,0.5023,452.0,217.5,423,188,481,247,0.016,-0.553,12.293,13.88,49.968
128,93,car,0.7843,592.5,252.5,550,216,635,289,0.016,-0.553,10.625,12.061,43.418
129,48,car,0.3546,492.5,27.0,483,19,502,35,0.079,0.456,53.493,26.266,94.558
129,62,car,0.5884,518.0,54.5,506,44,530,65,0.079,0.456,38.199,23.341,84.028
129,70,car,0.7289,361.0,53.5,347,41,375,66,0.079,0.456,38.328,26.585,95.707
129,71,car,0.527,79.0,123.0,36,97,122,149,0.079,0.456,18.352,20.851,75.064
129,85,car,0.7347,449.0,86.5,433,72,465,101,0.079,0.456,26.574,16.677,60.037
129,92,car,0.7161,452.0,207.5,424,179,480,236,0.079,0.456,12.841,14.244,51.277
129,93,car,0.7012,586.0,241.0,546,207,626,275,0.079,0.456,11.164,12.372,44.538
129,61,car,0.2685,389.0,16.5,380,8,398,25,0.079,0.456,57.982,25.211,90.759
130,48,car,0.482,491.5,25.5,481,17,502,34,0.005,-0.367,55.597,27.754,99.915
130,62,car,0.5868,517.0,53.0,505,42,529,64,0.005,-0.367,39.099,24.175,87.032
130,70,car,0.7151,363.0,52.0,349,40,377,64,0.005,-0.367,38.977,27.134,97.681
130,71,car,0.5794,67.0,128.5,21,101,113,156,0.005,-0.367,17.719,20.751,74.704
130,85,car,0.4374,449.0,83.5,433,70,465,97,0.005,-0.367,27.436,17.707,63.747
130,92,truck,0.4736,451.0,197.5,424,170,478,225,0.005,-0.367,13.476,14.602,52.568
130,93,car,0.7469,579.5,228.5,542,197,617,260,0.005,-0.367,11.824,12.764,45.951
130,96,car,0.7528,238.5,438.0,170,403,307,473,0.005,-0.367,5.872,0.0,0.0
131,48,car,0.4701,491.0,25.0,481,17,501,33,0.026,0.076,52.383,26.062,93.822
131,62,car,0.576,516.0,51.0,504,40,528,62,0.026,0.076,35.89,22.224,80.005
131,70,car,0.7966,365.0,49.5,351,38,379,61,0.026,0.076,35.144,24.591,88.529
131,71,car,0.7364,54.5,134.5,7,106,102,163,0.026,0.076,16.751,20.82,74.953
131,85,car,0.531,448.5,81.0,433,67,464,95,0.026,0.076,25.944,17.121,61.634
131,92,car,0.7348,451.5,189.0,426,162,477,216,0.026,0.076,12.27,13.82,49.752
131,93,car,0.7903,575.0,218.0,539,188,611,248,0.026,0.076,10.846,12.195,43.903
131,96,car,0.7038,246.0,427.0,177,380,315,474,0.026,0.076,5.115,0.0,0.0
132,48,car,0.4059,490.5,24.5,481,17,500,32,0.023,-0.103,52.478,24.268,87.366
132,62,car,0.5289,515.5,50.0,504,39,527,61,0.023,-0.103,35.971,20.26,72.936
132,70,car,0.8225,366.5,48.5,353,37,380,60,0.023,-0.103,35.302,22.138,79.698
132,71,car,0.6575,45.0,140.5,0,111,90,170,0.023,-0.103,16.664,20.513,73.848
132,85,car,0.4209,449.0,79.0,433,65,465,93,0.023,-0.103,26.142,16.415,59.094
132,92,car,0.6687,451.5,181.5,427,156,476,207,0.023,-0.103,12.518,13.097,47.15
132,93,car,0.7832,570.0,208.0,536,179,604,237,0.023,-0.103,11.284,11.798,42.471
132,96,car,0.8134,256.5,413.0,188,352,325,474,0.023,-0.103,5.359,0.0,0.0
133,48,car,0.5047,490.5,23.5,481,16,500,31,0.062,-0.206,53.006,22.857,82.287
133,62,car,0.5855,514.5,48.0,503,37,526,59,0.062,-0.206,36.845,19.066,68.636
133,70,car,0.8372,367.5,46.5,354,35,381,58,0.062,-0.206,35.983,20.411,73.479
133,71,truck,0.2967,39.0,146.5,0,117,78,176,0.062,-0.206,16.415,20.061,72.221
133,85,car,0.3974,448.5,76.5,433,63,464,90,0.062,-0.206,26.386,15.741,56.667
133,92,car,0.7062,451.0,173.5,427,149,475,198,0.062,-0.206,13.072,12.676,45.634
133,93,car,0.739,566.0,198.0,533,170,599,226,0.062,-0.206,12.218,11.869,42.727
133,96,car,0.8732,268.0,395.0,204,327,332,463,0.062,-0.206,5.671,0.0,0.0
134,48,car,0.5185,490.0,23.0,481,16,499,30,0.025,0.183,53.071,21.379,76.964
134,62,car,0.6815,514.0,47.5,503,37,525,58,0.025,0.183,37.331,18.045,64.963
134,70,car,0.852,369.0,45.0,355,33,383,57,0.025,0.183,38.23,20.224,72.807
134,85,car,0.4404,448.5,75.0,433,62,464,88,0.025,0.183,26.751,15.136,54.491
134,92,car,0.8134,451.0,166.5,428,143,474,190,0.025,0.183,15.155,13.437,48.374
134,93,car,0.6284,563.5,190.5,533,164,594,217,0.025,0.183,13.72,12.626,45.453
134,96,car,0.8531,281.0,370.0,222,304,340,436,0.025,0.183,6.992,5.411,19.48
135,48,car,0.3362,490.0,22.0,481,15,499,29,0.007,-0.704,53.955,20.372,73.338
135,62,car,0.7848,513.0,46.0,502,36,524,56,0.007,-0.704,39.188,18.143,65.316
135,70,car,0.7973,369.5,42.5,356,31,383,54,0.007,-0.704,41.214,21.648,77.932
135,85,car,0.4676,448.5,72.5,432,60,465,85,0.007,-0.704,28.53,15.544,55.959
135,92,car,0.7757,450.5,158.5,428,136,473,181,0.007,-0.704,16.496,14.58,52.488
135,93,car,0.7426,558.0,181.5,528,157,588,206,0.007,-0.704,14.743,13.569,48.85
135,96,car,0.7838,291.5,343.0,238,282,345,404,0.007,-0.704,7.7,7.2,25.921
136,62,car,0.7585,512.0,44.5,501,35,523,54,0.011,0.152,41.115,19.24,69.264
136,70,car,0.7671,371.0,41.0,358,30,384,52,0.011,0.152,42.832,23.352,84.067
136,85,car,0.4637,448.5,70.0,432,58,465,82,0.011,0.152,30.355,16.807,60.504
136,92,car,0.8239,450.5,152.5,429,131,472,174,0.011,0.152,17.163,15.541,55.947
136,93,car,0.6943,555.0,175.0,527,151,583,199,0.011,0.152,15.318,14.347,51.649
136,96,car,0.8029,300.5,318.5,251,263,350,374,0.011,0.152,8.342,8.843,31.834
137,62,car,0.7773,511.5,43.5,501,34,522,53,0.072,-0.091,42.069,20.163,72.587
137,70,car,0.7771,372.0,40.5,359,30,385,51,0.072,-0.091,43.455,24.366,87.718
137,85,car,0.495,448.5,68.0,433,55,464,81,0.072,-0.091,31.412,17.998,64.792
137,92,car,0.8162,450.0,147.0,429,126,471,168,0.072,-0.091,17.805,16.302,58.686
137,93,car,0.7513,552.0,167.5,525,144,579,191,0.072,-0.091,15.985,15.047,54.171
137,96,car,0.744,308.0,296.5,261,246,355,347,0.072,-0.091,8.974,10.237,36.854
138,62,car,0.6547,511.0,41.0,500,31,522,51,0.041,-0.364,44.373,22.056,79.402
138,70,car,0.7275,373.0,38.0,361,28,385,48,0.041,-0.364,45.216,25.885,93.186
138,85,car,0.52,448.0,65.5,433,53,463,78,0.041,-0.364,32.581,19.274,69.386
138,92,car,0.8106,450.0,141.0,430,121,470,161,0.041,-0.364,18.599,17.041,61.348
138,93,car,0.7896,548.0,160.0,521,137,575,183,0.041,-0.364,16.732,15.728,56.62
138,96,car,0.7221,315.5,277.0,272,232,359,322,0.041,-0.364,9.661,11.529,41.504
139,62,car,0.6256,509.5,40.0,498,30,521,50,0.058,0.187,45.312,23.527,84.698
139,70,car,0.7165,374.0,37.5,362,28,386,47,0.058,0.187,45.799,26.735,96.246
139,85,car,0.5171,448.0,64.0,433,52,463,76,0.058,0.187,33.277,20.243,72.875
139,92,car,0.8234,449.5,136.5,430,117,469,156,0.058,0.187,19.238,17.623,63.443
139,93,car,0.7551,545.0,155.0,518,132,572,178,0.058,0.187,17.195,16.167,58.202
139,96,car,0.4464,322.0,260.0,282,219,362,301,0.058,0.187,10.341,12.71,45.757
140,62,car,0.5349,509.5,38.5,498,29,521,48,0.025,-0.541,46.622,24.937,89.774
140,70,car,0.719,375.0,36.0,363,26,387,46,0.025,-0.541,46.73,27.371,98.536
140,85,car,0.3426,448.5,62.0,434,50,463,74,0.025,-0.541,34.056,20.994,75.577
140,92,car,0.7323,449.5,131.0,431,112,468,150,0.025,-0.541,20.116,18.243,65.676
140,93,car,0.7094,542.5,148.5,517,127,568,170,0.025,-0.541,17.859,16.589,59.719
140,96,car,0.6938,327.5,244.0,290,206,365,282,0.025,-0.541,11.028,13.761,49.54
141,62,car,0.6545,509.0,38.5,498,29,520,48,-0.048,0.246,42.998,22.938,82.576
141,70,car,0.711,376.0,34.5,364,25,388,44,-0.048,0.246,42.009,24.298,87.472
141,92,car,0.7184,449.5,127.0,431,109,468,145,-0.048,0.246,18.181,17.063,61.427
141,93,car,0.6997,540.5,144.0,515,124,566,164,-0.048,0.246,16.502,15.663,56.386
141,96,car,0.6637,331.5,231.0,297,197,366,265,-0.048,0.246,10.566,13.452,48.429
142,62,car,0.6231,508.5,36.5,498,27,519,46,-0.005,-0.421,43.106,21.114,76.01
142,70,car,0.7217,377.0,33.5,365,24,389,43,-0.005,-0.421,42.086,21.361,76.9
142,92,car,0.7084,449.0,122.0,431,105,467,139,-0.005,-0.421,18.523,16.06,57.816
142,93,car,0.6654,537.5,138.5,513,119,562,158,-0.005,-0.421,16.752,14.818,53.347
142,96,car,0.5568,336.5,218.0,304,186,369,250,-0.005,-0.421,10.883,13.152,47.346
143,62,car,0.5766,507.5,35.5,497,26,518,45,0.039,0.169,43.295,19.504,70.213
143,70,car,0.7053,378.5,31.5,367,22,390,41,0.039,0.169,43.037,19.685,70.866
143,92,car,0.7844,449.0,118.0,431,101,467,135,0.039,0.169,19.257,15.487,55.753
143,93,car,0.6828,536.0,133.5,513,114,559,153,0.039,0.169,17.237,14.245,51.281
143,96,car,0.751,341.0,207.0,310,177,372,237,0.039,0.169,11.766,13.221,47.594
143,85,car,0.283,447.5,56.5,433,45,462,68,0.039,0.169,32.658,20.549,73.976
144,62,car,0.5207,507.5,35.0,498,26,517,44,0.039,-0.076,43.229,17.752,63.908
144,70,car,0.756,380.0,30.5,369,21,391,40,0.039,-0.076,44.862,19.062,68.622
144,92,car,0.7959,448.5,115.0,431,99,466,131,0.039,-0.076,20.51,15.506,55.823
144,93,car,0.6325,532.5,128.0,510,109,555,147,0.039,-0.076,19.561,15.03,54.108
144,96,car,0.6625,346.0,196.5,316,168,376,225,0.039,-0.076,14.022,14.432,51.954
144,85,car,0.2941,447.0,55.5,433,44,461,67,0.039,-0.076,32.842,19.525,70.291
145,62,car,0.426,507.0,33.5,498,25,516,42,0.019,-0.138,44.681,17.176,61.834
145,70,car,0.696,380.5,29.5,369,20,392,39,0.019,-0.138,46.903,19.581,70.491
145,92,car,0.7072,448.0,110.5,431,95,465,126,0.019,-0.138,22.599,16.614,59.811
145,93,car,0.6567,529.5,123.5,507,105,552,142,0.019,-0.138,21.053,16.248,58.491
145,96,car,0.7189,349.0,186.5,321,159,377,214,0.019,-0.138,15.039,15.676,56.433
145,85,car,0.3019,448.0,53.5,434,42,462,65,0.019,-0.138,34.382,19.47,70.09
146,62,car,0.3795,506.5,33.5,497,25,516,42,-0.002,0.167,45.116,16.586,59.71
146,70,car,0.6805,381.5,29.5,371,20,392,39,-0.002,0.167,47.164,19.655,70.759
146,92,car,0.7115,447.5,107.0,431,91,464,123,-0.002,0.167,23.51,17.651,63.543
146,93,car,0.6757,527.5,120.0,506,102,549,138,-0.002,0.167,21.842,17.295,62.263
146,96,car,0.6158,353.0,177.5,326,152,380,203,-0.002,0.167,15.686,16.669,60.008
146,85,car,0.3404,448.0,53.0,435,42,461,64,-0.002,0.167,34.313,18.887,67.995
147,62,car,0.422,505.5,32.5,496,24,515,41,-0.038,-0.36,47.064,17.122,61.638
147,70,car,0.6761,381.5,28.0,371,19,392,37,-0.038,-0.36,49.015,20.587,74.112
147,92,car,0.4673,447.5,103.5,431,89,464,118,-0.038,-0.36,24.388,18.583,66.898
147,93,car,0.6817,526.0,116.0,506,99,546,133,-0.038,-0.36,22.655,18.217,65.582
147,96,car,0.4697,356.0,168.0,330,143,382,193,-0.038,-0.36,16.46,17.549,63.178
148,62,car,0.3932,504.5,32.0,495,23,514,41,-0.005,0.242,48.456,18.126,65.255
148,70,car,0.659,382.5,27.0,372,18,393,36,-0.005,0.242,50.46,21.844,78.639
148,92,car,0.6814,447.5,100.0,431,85,464,115,-0.005,0.242,25.342,19.53,70.307
148,93,car,0.6248,524.5,112.0,505,95,544,129,-0.005,0.242,23.41,19.03,68.508
148,96,car,0.5941,358.5,160.0,334,136,383,184,-0.005,0.242,17.271,18.353,66.072
149,62,car,0.3428,504.5,29.5,495,21,514,38,0.007,-0.228,52.161,21.081,75.891
149,70,car,0.6607,383.5,26.0,373,17,394,35,0.007,-0.228,51.596,22.961,82.66
149,92,car,0.6563,447.0,96.0,431,81,463,111,0.007,-0.228,26.402,20.485,73.745
149,93,car,0.7119,521.5,108.5,502,92,541,125,0.007,-0.228,24.043,19.577,70.477
149,96,car,0.5908,360.5,153.0,336,130,385,176,0.007,-0.228,18.035,19.017,68.463
149,85,car,0.3043,447.0,48.5,435,38,459,59,0.007,-0.228,38.942,21.372,76.939
150,62,car,0.432,503.5,28.5,494,20,513,37,0.031,0.056,53.055,23.295,83.862
150,70,car,0.7258,384.0,24.0,374,15,394,33,0.031,0.056,53.491,24.718,88.986
150,92,car,0.627,447.0,93.5,431,79,463,108,0.031,0.056,27.02,21.124,76.047
150,93,car,0.6961,520.0,104.0,501,87,539,121,0.031,0.056,24.794,20.121,72.435
150,96,car,0.6767,360.5,147.5,335,126,386,169,0.031,0.056,18.707,19.534,70.323
150,85,car,0.286,447.0,47.0,435,36,459,58,0.031,0.056,39.78,23.147,83.33
151,62,car,0.4076,503.0,28.5,494,20,512,37,0.076,0.055,44.304,21.295,76.661
151,70,car,0.7456,385.0,23.0,375,14,395,32,0.076,0.055,45.148,22.431,80.751
151,92,car,0.7192,447.0,90.5,431,76,463,105,0.076,0.055,20.66,19.096,68.744
151,93,car,0.7394,518.5,100.5,500,84,537,117,0.076,0.055,18.497,18.487,66.554
151,96,car,0.5873,362.0,141.0,335,120,389,162,0.076,0.055,14.443,17.17,61.813
152,62,car,0.3716,503.0,27.0,493,18,513,36,-0.049,-0.117,44.538,19.149,68.937
152,70,car,0.6934,386.0,22.0,376,13,396,31,-0.049,-0.117,45.69,19.954,71.834
152,92,car,0.6831,446.5,87.0,431,73,462,101,-0.049,-0.117,20.837,17.116,61.618
152,93,car,0.7617,517.0,98.0,499,82,535,114,-0.049,-0.117,18.566,16.84,60.624
152,96,car,0.5029,367.0,135.0,344,116,390,154,-0.049,-0.117,14.544,15.261,54.939
153,62,car,0.3941,501.5,27.0,491,18,512,36,0.002,0.087,44.533,17.323,62.364
153,70,car,0.646,387.0,21.5,377,12,397,31,0.002,0.087,46.1,17.476,62.912
153,92,car,0.6318,447.0,85.0,432,72,462,98,0.002,0.087,21.054,15.148,54.533
153,93,car,0.822,515.5,95.5,498,80,533,111,0.002,0.087,18.828,15.131,54.47
153,96,car,0.5212,371.0,130.0,350,112,392,148,0.002,0.087,15.249,13.75,49.499
154,62,car,0.3401,501.5,25.5,491,18,512,33,-0.036,-0.237,44.766,15.348,55.253
154,70,car,0.5168,387.5,20.0,378,11,397,29,-0.036,-0.237,47.481,15.59,56.125
154,92,car,0.4802,447.0,82.0,432,69,462,95,-0.036,-0.237,22.5,13.51,48.634
154,93,car,0.7672,514.0,92.0,497,78,531,106,-0.036,-0.237,19.972,13.298,47.873
154,96,car,0.6202,373.0,124.5,353,107,393,142,-0.036,-0.237,17.081,13.45,48.419
155,62,car,0.4299,501.0,24.5,491,17,511,32,0.043,0.166,45.392,13.444,48.398
155,70,car,0.4834,388.5,20.0,379,11,398,29,0.043,0.166,47.916,14.095,50.741
155,92,car,0.6029,446.5,80.0,432,67,461,93,0.043,0.166,24.024,12.993,46.776
155,93,car,0.7511,513.0,89.5,496,75,530,104,0.043,0.166,21.333,12.423,44.722
155,96,car,0.6411,375.5,119.5,356,102,395,137,0.043,0.166,18.44,13.847,49.85
156,62,car,0.4271,501.0,24.0,491,17,511,31,0.014,-0.094,45.954,11.742,42.272
156,70,car,0.4066,388.5,18.5,379,10,398,27,0.014,-0.094,49.75,14.017,50.462
156,92,car,0.6086,446.5,77.0,432,64,461,90,0.014,-0.094,25.281,13.194,47.498
156,93,car,0.6896,512.0,87.0,495,73,529,101,0.014,-0.094,22.492,12.258,44.13
156,96,car,0.6428,377.0,114.5,358,98,396,131,0.014,-0.094,19.362,14.437,51.973
157,62,car,0.3683,500.5,22.5,491,15,510,30,0.075,0.037,47.865,11.702,42.127
157,70,car,0.4394,389.0,17.5,379,9,399,26,0.075,0.037,51.256,14.673,52.822
157,92,car,0.5713,446.5,74.5,432,62,461,87,0.075,0.037,25.99,13.529,48.706
157,93,car,0.5485,511.0,84.0,494,70,528,98,0.075,0.037,23.458,12.557,45.206
157,96,car,0.5861,379.5,110.0,360,94,399,126,0.075,0.037,20.159,15.088,54.318
158,62,car,0.3062,500.0,22.0,491,14,509,30,0.019,-0.014,48.411,11.67,42.013
158,70,car,0.4696,389.5,17.0,380,9,399,25,0.019,-0.014,51.996,15.269,54.968
158,92,car,0.5063,446.0,73.5,432,62,460,85,0.019,-0.014,26.271,13.6,48.961
158,93,car,0.4599,510.0,81.5,493,68,527,95,0.019,-0.014,24.19,12.971,46.696
158,96,car,0.5169,381.0,106.0,362,90,400,122,0.019,-0.014,20.866,15.691,56.489
158,100,car,0.4094,292.5,20.0,282,12,303,28,0.019,-0.014,49.238,0.0,0.0
159,62,car,0.4124,499.0,21.0,490,13,508,29,0.01,-0.059,49.895,12.45,44.82
159,70,car,0.4034,390.5,16.0,381,8,400,24,0.01,-0.059,53.428,16.392,59.01
159,92,car,0.5223,446.0,70.5,432,58,460,83,0.01,-0.059,27.154,14.037,50.532
159,93,car,0.6667,507.5,79.0,491,66,524,92,0.01,-0.059,24.996,13.53,48.708
159,96,car,0.4447,382.5,101.5,364,85,401,118,0.01,-0.059,21.599,16.3,58.68
159,100,car,0.3251,290.5,21.0,280,13,301,29,0.01,-0.059,48.798,0.0,0.0
160,62,car,0.397,499.0,20.0,490,12,508,28,-0.01,0.014,50.837,13.413,48.285
160,70,car,0.3722,391.0,15.5,382,8,400,23,-0.01,0.014,54.271,17.384,62.581
160,92,car,0.538,445.5,69.0,432,57,459,81,-0.01,0.014,27.587,14.281,51.41
160,93,car,0.7389,506.5,76.5,491,63,522,90,-0.01,0.014,25.843,14.22,51.193
160,96,car,0.7048,383.0,97.5,365,81,401,114,-0.01,0.014,22.271,16.836,60.611
160,100,car,0.5602,288.5,22.0,278,14,299,30,-0.01,0.014,47.951,0.0,0.0
161,62,car,0.3589,498.5,19.0,490,11,507,27,-0.015,-0.049,47.222,11.704,42.134
161,92,car,0.5146,446.0,66.5,433,56,459,77,-0.015,-0.049,23.115,13.169,47.408
161,93,car,0.7159,505.0,73.5,490,60,520,87,-0.015,-0.049,21.175,13.023,46.884
161,96,car,0.7601,383.5,94.0,366,79,401,109,-0.015,-0.049,17.392,15.138,54.497
161,100,car,0.3503,286.5,23.0,276,15,297,31,-0.015,-0.049,38.49,0.0,0.0
162,62,car,0.3306,498.5,18.5,490,11,507,26,0.035,0.047,47.366,10.11,36.396
162,92,car,0.444,446.0,65.0,433,54,459,76,0.035,0.047,23.176,12.024,43.288
162,93,car,0.7786,504.5,71.0,490,58,519,84,0.035,0.047,21.317,11.758,42.329
162,96,car,0.6423,384.5,92.0,367,78,402,106,0.035,0.047,17.446,13.527,48.696
162,100,car,0.5841,284.0,24.0,273,16,295,32,0.035,0.047,38.211,27.443,98.794
163,62,car,0.2822,498.5,18.0,490,10,507,26,0.046,-0.023,47.44,8.723,31.403
163,92,car,0.4133,445.5,63.5,433,53,458,74,0.046,-0.023,23.232,10.897,39.228
163,93,car,0.7543,502.5,69.0,488,56,517,82,0.046,-0.023,21.858,10.396,37.425
163,96,car,0.7361,385.0,88.0,367,74,403,102,0.046,-0.023,18.1,11.918,42.904
163,100,car,0.6167,282.0,24.5,271,16,293,33,0.046,-0.023,38.153,30.12,108.434
164,62,car,0.2567,497.5,17.5,489,10,506,25,0.027,0.042,47.484,7.738,27.858
164,92,car,0.3777,445.5,62.0,433,52,458,72,0.027,0.042,23.483,9.685,34.868
164,93,car,0.7951,501.0,67.5,487,55,515,80,0.027,0.042,22.547,9.261,33.34
164,96,car,0.7414,385.5,85.0,367,72,404,98,0.027,0.042,19.619,11.163,40.187
164,100,car,0.6893,279.5,25.5,268,17,291,34,0.027,0.042,38.077,30.196,108.705
165,92,car,0.5656,445.5,59.5,433,49,458,70,0.032,0.025,25.467,9.349,33.655
165,93,car,0.7783,500.5,65.0,487,53,514,77,0.032,0.025,23.802,9.079,32.683
165,96,car,0.5758,388.0,82.0,371,69,405,95,0.032,0.025,21.195,11.42,41.11
165,100,car,0.5779,277.0,27.5,266,19,288,36,0.032,0.025,37.612,29.634,106.682
165,70,car,0.2882,394.5,12.0,385,4,404,20,0.032,0.025,51.149,16.535,59.526
166,92,car,0.5555,445.5,58.0,433,48,458,68,-0.008,0.016,26.663,9.647,34.729
166,93,car,0.6996,499.5,63.5,486,52,513,75,-0.008,0.016,24.689,9.296,33.465
166,96,car,0.5198,389.5,79.5,374,66,405,93,-0.008,0.016,22.085,11.933,42.958
166,100,car,0.6569,274.5,29.0,263,20,286,38,-0.008,0.016,37.458,27.949,100.616
166,70,car,0.3024,395.0,11.0,386,3,404,19,-0.008,0.016,52.39,15.664,56.389
167,92,car,0.4881,445.5,56.5,434,47,457,66,0.057,0.038,27.438,10.177,36.639
167,93,car,0.6654,499.0,62.0,486,51,512,73,0.057,0.038,25.388,9.725,35.011
167,96,car,0.5631,391.5,76.0,377,63,406,89,0.057,0.038,22.956,12.674,45.628
167,100,car,0.6454,272.0,30.5,260,21,284,40,0.057,0.038,37.31,25.812,92.923
167,70,car,0.2552,395.5,10.5,387,2,404,19,0.057,0.038,53.286,15.25,54.899
168,92,car,0.3905,445.5,54.5,434,45,457,64,-0.008,0.024,28.398,11.013,39.647
168,93,car,0.7507,498.0,60.5,485,49,511,72,-0.008,0.024,26.197,10.367,37.322
168,96,car,0.6595,392.5,73.0,378,60,407,86,-0.008,0.024,23.683,13.41,48.277
168,100,car,0.7052,269.0,31.5,257,22,281,41,-0.008,0.024,37.203,23.398,84.231
168,70,car,0.2532,395.5,10.0,387,2,404,18,-0.008,0.024,54.159,15.208,54.749
169,92,car,0.412,445.5,52.0,434,42,457,62,0.025,0.015,29.245,11.983,43.14
169,93,car,0.8175,497.5,58.5,484,47,511,70,0.025,0.015,27.049,11.208,40.347
169,96,car,0.4596,393.0,70.5,379,57,407,84,0.025,0.015,24.29,14.048,50.573
169,100,car,0.7763,267.5,33.5,255,24,280,43,0.025,0.015,36.021,23.204,83.534
169,70,car,0.2616,396.0,9.5,388,2,404,17,0.025,0.015,55.407,15.697,56.508
170,92,car,0.3273,445.5,51.0,434,41,457,61,0.002,-0.008,29.548,12.561,45.22
170,93,car,0.7722,497.0,57.0,484,46,510,68,0.002,-0.008,27.639,11.951,43.024
170,96,car,0.633,394.0,68.0,380,55,408,81,0.002,-0.008,24.976,14.669,52.808
170,100,car,0.747,264.5,35.0,252,25,277,45,0.002,-0.008,35.212,23.054,82.994
170,62,car,0.3964,495.5,12.0,486,2,505,22,0.002,-0.008,52.82,10.06,36.215
171,93,car,0.6002,496.0,55.0,483,44,509,66,0.012,0.012,23.197,11.14,40.105
171,96,car,0.5944,395.0,65.0,382,52,408,78,0.012,0.012,20.491,13.253,47.712
171,100,car,0.7541,261.0,36.0,248,26,274,46,0.012,0.012,27.502,27.663,99.585
171,62,car,0.3344,495.0,11.5,486,2,504,21,0.012,0.012,48.079,8.768,31.566
172,93,car,0.6384,496.0,52.5,483,41,509,64,0.011,-0.007,23.392,10.177,36.639
172,96,car,0.5404,395.5,63.5,382,52,409,75,0.011,-0.007,20.586,11.841,42.628
172,100,car,0.6731,258.5,37.5,245,27,272,48,0.011,-0.007,27.42,30.485,109.746
173,93,car,0.6715,495.5,51.0,482,39,509,63,0.025,0.027,23.786,9.016,32.456
173,96,car,0.609,396.5,62.0,383,51,410,73,0.025,0.027,20.749,10.478,37.722
173,100,car,0.742,254.5,39.5,241,29,268,50,0.025,0.027,27.315,31.91,114.876
173,92,car,0.3708,445.0,45.5,434,36,456,55,0.025,0.027,26.546,11.54,41.544
174,93,car,0.6801,494.5,50.0,482,39,507,61,0.009,-0.013,23.852,7.955,28.639
174,96,car,0.7039,396.5,60.0,383,49,410,71,0.009,-0.013,21.472,9.228,33.219
174,100,car,0.6865,251.5,41.5,238,31,265,52,0.009,-0.013,27.232,32.307,116.306
174,92,car,0.3379,445.0,45.5,434,37,456,54,0.009,-0.013,26.546,9.845,35.44
175,93,car,0.6644,493.5,48.5,482,38,505,59,-0.002,-0.021,24.466,7.119,25.628
175,96,car,0.7536,396.5,58.0,383,47,410,69,-0.002,-0.021,23.064,9.131,32.87
175,100,car,0.7324,248.0,42.5,234,32,262,53,-0.002,-0.021,27.265,31.78,114.408
175,92,car,0.3466,445.0,44.5,434,37,456,52,-0.002,-0.021,27.381,8.962,32.265
176,93,car,0.739,492.0,47.5,481,37,503,58,0.027,-0.025,25.7,7.116,25.617
176,96,car,0.4564,396.5,56.5,383,46,410,67,0.027,-0.025,24.057,9.509,34.232
176,100,car,0.8389,244.5,44.0,230,33,259,55,0.027,-0.025,27.245,30.729,110.624
176,92,car,0.2571,445.0,43.0,434,35,456,51,0.027,-0.025,28.386,8.835,31.805
177,93,car,0.7669,491.5,46.5,481,37,502,56,-0.004,-0.002,26.502,7.495,26.983
177,96,car,0.4898,397.5,54.0,384,43,411,65,-0.004,-0.002,25.193,10.388,37.397
177,100,car,0.8591,241.0,45.5,226,34,256,57,-0.004,-0.002,27.228,29.295,105.463
177,92,car,0.3437,445.5,41.5,435,33,456,50,-0.004,-0.002,28.943,8.938,32.176
177,104,car,0.463,220.0,20.5,207,11,233,30,-0.004,-0.002,41.291,0.0,0.0
178,93,car,0.774,490.5,45.0,480,36,501,54,0.014,-0.006,27.834,8.528,30.702
178,96,car,0.4118,398.0,52.0,385,41,411,63,0.014,-0.006,25.908,11.264,40.549
178,100,car,0.8318,237.0,48.0,222,37,252,59,0.014,-0.006,26.942,27.87,100.331
178,92,car,0.4439,445.5,40.0,435,31,456,49,0.014,-0.006,29.575,9.244,33.28
178,104,car,0.4009,217.5,21.0,204,11,231,31,0.014,-0.006,41.722,0.0,0.0
179,93,car,0.7852,489.5,44.0,479,35,500,53,-0.006,0.011,28.549,9.553,34.391
179,96,car,0.3995,399.5,50.5,387,40,412,61,-0.006,0.011,26.428,11.99,43.163
179,100,car,0.8111,233.5,50.0,218,39,249,61,-0.006,0.011,26.42,26.546,95.567
179,92,car,0.3329,445.0,38.0,435,29,455,47,-0.006,0.011,30.337,9.819,35.35
179,104,car,0.4643,215.0,22.5,201,12,229,33,-0.006,0.011,41.356,0.0,0.0
179,107,car,0.5139,275.0,13.0,265,6,285,20,-0.006,0.011,46.717,0.0,0.0
180,93,car,0.8222,489.0,42.5,478,33,500,52,0.008,0.023,29.391,10.684,38.461
180,96,car,0.4218,400.5,48.0,388,37,413,59,0.008,0.023,27.289,12.883,46.378
180,100,car,0.6451,230.0,52.5,214,41,246,64,0.008,0.023,25.71,25.516,91.857
180,92,car,0.3204,444.5,36.0,434,26,455,46,0.008,0.023,31.417,10.76,38.736
180,104,car,0.4209,211.5,23.5,198,13,225,34,0.008,0.023,41.53,0.0,0.0
180,107,car,0.4779,272.5,13.0,262,6,283,20,0.008,0.023,46.827,0.0,0.0
181,93,car,0.7691,489.0,40.5,478,31,500,50,0.065,0.024,30.654,12.159,43.771
181,96,car,0.5059,401.0,46.0,389,35,413,57,0.065,0.024,27.423,13.325,47.971
181,100,car,0.746,225.5,54.5,209,43,242,66,0.065,0.024,22.536,26.326,94.774
181,104,car,0.2807,208.0,24.5,194,14,222,35,0.065,0.024,35.251,13.763,49.546
181,107,car,0.5384,271.0,13.5,261,6,281,21,0.065,0.024,42.618,0.0,0.0
182,93,car,0.7356,488.0,39.5,477,30,499,49,0.017,0.029,30.887,13.067,47.041
182,96,car,0.682,402.0,44.5,391,34,413,55,0.017,0.029,27.597,13.457,48.446
182,100,car,0.8158,221.0,57.0,204,45,238,69,0.017,0.029,22.335,26.487,95.353
182,104,car,0.584,205.0,25.5,191,15,219,36,0.017,0.029,35.146,17.946,64.605
182,107,car,0.5627,269.0,14.0,259,6,279,22,0.017,0.029,42.172,0.0,0.0
183,93,car,0.7027,487.5,38.0,477,29,498,47,0.022,-0.057,31.612,13.953,50.232
183,96,car,0.715,402.5,43.0,392,33,413,53,0.022,-0.057,28.291,13.723,49.404
183,100,car,0.7603,216.0,59.5,199,47,233,72,0.022,-0.057,22.193,26.112,94.004
183,104,car,0.6998,201.5,26.0,187,15,216,37,0.022,-0.057,35.484,18.692,67.293
183,107,car,0.4235,267.5,15.5,257,8,278,23,0.022,-0.057,41.468,19.386,69.791
183,108,car,0.851,735.5,403.5,666,345,805,462,0.022,-0.057,4.632,0.0,0.0
184,93,car,0.7198,487.5,37.0,477,28,498,46,-0.051,-0.052,32.523,14.895,53.62
184,96,car,0.7607,403.0,42.0,393,32,413,52,-0.051,-0.052,29.002,14.079,50.683
184,100,car,0.7189,211.5,60.5,194,48,229,73,-0.051,-0.052,22.159,25.213,90.768
184,104,car,0.6152,198.0,26.5,183,15,213,38,-0.051,-0.052,36.184,17.03,61.307
184,107,car,0.5187,265.5,16.0,255,8,276,24,-0.051,-0.052,41.432,18.332,65.996
184,108,car,0.8329,721.0,382.5,656,327,786,438,-0.051,-0.052,5.326,0.0,0.0
185,93,car,0.6943,487.0,36.0,476,27,498,45,-0.027,-0.146,33.617,15.979,57.526
185,96,car,0.7656,403.5,40.5,393,31,414,50,-0.027,-0.146,30.748,15.226,54.812
185,100,car,0.6211,206.0,63.0,188,51,224,75,-0.027,-0.146,22.087,24.127,86.858
185,104,car,0.5418,195.5,28.0,180,16,211,40,-0.027,-0.146,36.043,15.663,56.385
185,107,car,0.4195,263.5,17.0,253,9,274,25,-0.027,-0.146,41.169,17.356,62.48
185,108,car,0.793,705.5,358.5,646,307,765,410,-0.027,-0.146,5.716,0.0,0.0
185,109,car,0.7988,290.5,387.5,228,319,353,456,-0.027,-0.146,5.249,0.0,0.0
186,93,car,0.6924,487.0,35.0,476,26,498,44,-0.03,-0.11,34.417,16.968,61.085
186,96,car,0.7277,404.5,40.0,394,31,415,49,-0.03,-0.11,31.216,15.999,57.596
186,100,car,0.5354,201.5,65.5,182,53,221,78,-0.03,-0.11,21.997,22.867,82.321
186,104,car,0.6367,192.0,29.5,177,18,207,41,-0.03,-0.11,36.204,13.943,50.194
186,107,car,0.5123,262.0,18.0,251,10,273,26,-0.03,-0.11,40.985,16.198,58.311
186,108,car,0.8517,692.5,336.5,637,289,748,384,-0.03,-0.11,6.093,0.0,0.0
186,109,car,0.7852,300.5,363.0,242,300,359,426,-0.03,-0.11,5.619,0.0,0.0
187,93,car,0.6009,486.0,34.5,475,26,497,43,0.025,-0.107,34.985,17.658,63.569
187,96,car,0.6867,404.5,38.5,394,30,415,47,0.025,-0.107,32.492,17.115,61.614
187,100,car,0.7556,196.0,68.5,176,54,216,83,0.025,-0.107,21.703,21.689,78.08
187,104,car,0.5746,188.5,31.0,173,20,204,42,0.025,-0.107,36.314,12.242,44.071
187,107,car,0.4749,260.0,18.5,249,11,271,26,0.025,-0.107,41.018,14.597,52.55
187,108,car,0.7904,680.5,317.0,629,273,732,361,0.025,-0.107,6.46,5.665,20.392
187,109,car,0.7072,310.0,335.0,257,278,363,392,0.025,-0.107,6.098,0.0,0.0
187,110,car,0.3902,445.5,30.0,435,22,456,38,0.025,-0.107,36.888,0.0,0.0
188,93,car,0.7651,484.5,33.0,474,24,495,42,0.026,-0.125,36.052,18.545,66.761
188,96,car,0.7262,404.5,37.5,394,29,415,46,0.026,-0.125,33.123,17.95,64.62
188,100,car,0.6809,190.5,71.5,170,57,211,86,0.026,-0.125,21.358,20.598,74.154
188,104,car,0.6218,184.0,32.5,168,21,200,44,0.026,-0.125,36.583,11.615,41.816
188,107,car,0.2508,258.0,19.0,247,11,269,27,0.026,-0.125,41.045,12.939,46.58
188,108,car,0.7681,670.5,298.5,622,256,719,341,0.026,-0.125,6.855,5.945,21.402
188,109,car,0.7605,319.0,312.5,270,261,368,364,0.026,-0.125,6.529,0.0,0.0
188,110,car,0.4018,445.0,29.0,435,21,455,37,0.026,-0.125,37.329,0.0,0.0
189,93,car,0.782,484.5,32.0,474,23,495,41,0.043,-0.13,36.9,19.339,69.619
189,96,car,0.7066,404.5,36.5,394,28,415,45,0.043,-0.13,33.69,18.544,66.757
189,100,car,0.8239,184.5,74.5,163,60,206,89,0.043,-0.13,21.003,19.606,70.582
189,104,car,0.7211,180.5,33.5,164,22,197,45,0.043,-0.13,36.621,10.812,38.924
189,107,car,0.4146,256.5,19.5,245,11,268,28,0.043,-0.13,40.975,11.45,41.22
189,108,car,0.8423,661.5,283.0,616,244,707,322,0.043,-0.13,7.224,6.277,22.597
189,109,car,0.7238,326.5,292.0,281,245,372,339,0.043,-0.13,6.985,6.504,23.415
189,110,car,0.3833,445.0,27.0,435,18,455,36,0.043,-0.13,38.233,0.0,0.0
190,93,car,0.6901,484.0,30.0,474,21,494,39,-0.013,-0.046,38.617,20.721,74.596
190,96,car,0.6873,405.0,34.5,395,26,415,43,-0.013,-0.046,34.873,19.431,69.95
190,100,car,0.8503,179.0,78.0,156,63,202,93,-0.013,-0.046,20.533,18.791,67.648
190,104,car,0.7473,177.0,34.5,160,23,194,46,-0.013,-0.046,36.46,10.114,36.409
190,107,car,0.3533,254.0,21.0,243,13,265,29,-0.013,-0.046,40.494,11.296,40.666
190,108,car,0.8018,652.5,269.0,610,232,695,306,-0.013,-0.046,7.591,6.689,24.079
190,109,car,0.7716,332.5,275.0,290,232,375,318,-0.013,-0.046,7.402,6.752,24.306
190,110,car,0.2836,445.0,24.5,435,15,455,34,-0.013,-0.046,39.479,0.0,0.0
191,93,car,0.6124,483.5,28.5,474,20,493,37,-0.023,-0.046,40.684,22.643,81.514
191,96,car,0.6603,406.0,33.0,396,24,416,42,-0.023,-0.046,37.705,21.537,77.534
191,100,car,0.7474,174.0,80.0,149,64,199,96,-0.023,-0.046,19.748,18.245,65.681
191,104,car,0.6919,173.0,36.5,156,25,190,48,-0.023,-0.046,33.592,11.254,40.516
191,107,car,0.5374,252.5,22.0,241,14,264,30,-0.023,-0.046,39.571,11.501,41.402
191,108,car,0.8515,644.5,256.0,604,222,685,290,-0.023,-0.046,7.834,6.966,25.076
191,109,car,0.5996,338.5,258.0,299,218,378,298,-0.023,-0.046,7.557,6.895,24.821
192,93,car,0.6106,483.0,28.0,474,20,492,36,0.068,-0.107,40.717,23.492,84.573
192,96,car,0.7184,406.5,31.0,397,21,416,41,0.068,-0.107,38.299,23.023,82.884
192,100,car,0.6974,166.0,83.5,142,68,190,99,0.068,-0.107,19.645,17.633,63.48
192,104,car,0.6536,168.5,37.5,151,26,186,49,0.068,-0.107,33.49,11.851,42.664
192,107,car,0.6633,249.5,22.5,238,14,261,31,0.068,-0.107,39.541,11.431,41.153
192,108,car,0.8198,637.0,245.0,598,212,676,278,0.068,-0.107,8.151,7.22,25.992
192,109,car,0.6362,343.5,243.5,306,206,381,281,0.068,-0.107,7.872,7.051,25.385
193,93,car,0.5258,482.0,27.0,473,19,491,35,-0.05,-0.041,41.791,24.352,87.668
193,96,car,0.6732,407.5,29.5,398,19,417,40,-0.05,-0.041,39.86,24.638,88.696
193,100,car,0.8036,158.5,87.0,134,71,183,103,-0.05,-0.041,19.553,16.871,60.736
193,104,car,0.7246,165.0,38.5,147,26,183,51,-0.05,-0.041,33.491,12.005,43.218
193,107,car,0.6979,247.5,23.5,236,15,259,32,-0.05,-0.041,39.528,11.142,40.11
193,108,car,0.7971,631.0,233.0,594,201,668,265,-0.05,-0.041,9.001,8.336,30.008
193,109,car,0.6736,348.0,230.0,312,195,384,265,-0.05,-0.041,8.682,7.966,28.677
194,93,car,0.4748,482.0,26.0,473,18,491,34,-0.031,-0.038,43.015,25.276,90.993
194,96,car,0.6032,408.0,28.0,399,18,417,38,-0.031,-0.038,42.286,26.911,96.878
194,100,car,0.8515,150.5,91.0,126,74,175,108,-0.031,-0.038,19.516,16.063,57.827
194,104,car,0.6266,160.5,39.5,142,27,179,52,-0.031,-0.038,33.694,11.789,42.44
194,107,car,0.7291,245.5,23.5,234,15,257,32,-0.031,-0.038,39.545,10.616,38.218
194,108,car,0.794,624.5,222.5,590,192,659,253,-0.031,-0.038,10.217,9.204,33.134
194,109,car,0.6571,352.5,218.5,319,185,386,252,-0.031,-0.038,10.368,10.553,37.99
195,93,car,0.4224,481.5,25.5,473,18,490,33,-0.071,-0.049,43.539,25.703,92.531
195,96,car,0.6384,408.0,27.0,399,18,417,36,-0.071,-0.049,43.811,28.97,104.291
195,100,car,0.8161,143.0,95.0,117,78,169,112,-0.071,-0.049,19.518,15.164,54.59
195,104,car,0.6393,156.0,41.5,137,29,175,54,-0.071,-0.049,33.696,11.507,41.424
195,107,car,0.7719,242.5,24.5,230,16,255,33,-0.071,-0.049,39.708,10.097,36.348
195,108,car,0.7029,618.5,213.0,585,184,652,242,-0.071,-0.049,10.811,10.025,36.09
195,109,car,0.7029,356.0,207.0,324,175,388,239,-0.071,-0.049,11.019,12.478,44.922
196,93,car,0.3629,481.0,25.0,472,17,490,33,-0.005,-0.025,44.44,26.053,93.791
196,96,car,0.5754,408.5,26.5,399,17,418,36,-0.005,-0.025,44.501,30.256,108.922
196,100,car,0.8239,134.5,99.5,108,82,161,117,-0.005,-0.025,19.39,14.389,51.799
196,104,car,0.719,152.0,43.0,133,30,171,56,-0.005,-0.025,33.789,10.988,39.556
196,107,car,0.6591,240.5,26.0,228,17,253,35,-0.005,-0.025,39.532,9.62,34.632
196,108,car,0.8067,613.0,204.5,581,176,645,233,-0.005,-0.025,11.249,10.69,38.482
196,109,car,0.6627,359.5,197.5,329,167,390,228,-0.005,-0.025,11.552,13.006,46.823
197,93,car,0.3186,480.5,24.5,472,17,489,32,0.011,-0.015,44.842,26.0,93.599
197,96,car,0.5644,409.0,25.5,400,17,418,34,0.011,-0.015,45.404,31.159,112.172
197,100,car,0.8143,126.0,103.5,98,85,154,122,0.011,-0.015,19.025,13.73,49.427
197,104,car,0.7152,147.0,44.5,127,32,167,57,0.011,-0.015,33.919,10.502,37.808
197,107,car,0.6724,238.0,26.5,226,17,250,36,0.011,-0.015,39.869,8.892,32.011
197,108,car,0.7728,608.0,196.0,577,169,639,223,0.011,-0.015,11.723,11.261,40.539
197,109,car,0.8519,363.0,187.0,334,158,392,216,0.011,-0.015,12.147,13.523,48.683
198,93,car,0.4054,480.5,24.0,472,17,489,31,-0.003,-0.019,45.361,25.741,92.667
198,96,car,0.528,409.0,25.0,400,17,418,33,-0.003,-0.019,45.897,31.423,113.123
198,100,car,0.7471,116.0,108.0,87,89,145,127,-0.003,-0.019,18.364,13.433,48.359
198,104,car,0.7694,142.0,46.0,122,32,162,60,-0.003,-0.019,34.054,10.001,36.003
198,107,car,0.6902,235.5,28.0,223,19,248,37,-0.003,-0.019,39.759,8.385,30.185
198,108,car,0.6225,604.0,188.5,574,163,634,214,-0.003,-0.019,12.147,11.711,42.161
198,109,car,0.6607,365.5,178.5,337,150,394,207,-0.003,-0.019,12.694,13.951,50.225
199,93,car,0.3771,480.0,23.5,472,17,488,30,-0.077,-0.017,46.009,25.418,91.504
199,96,car,0.3351,409.0,24.5,400,17,418,32,-0.077,-0.017,46.386,31.247,112.488
199,100,car,0.8146,106.5,113.5,76,94,137,133,-0.077,-0.017,17.591,13.432,48.356
199,104,car,0.747,136.5,47.5,116,33,157,62,-0.077,-0.017,33.909,9.642,34.71
199,107,car,0.7584,233.0,29.0,220,19,246,39,-0.077,-0.017,39.821,7.817,28.141
199,108,car,0.8149,599.0,181.0,570,156,628,206,-0.077,-0.017,12.602,12.086,43.509
199,109,car,0.8495,368.0,170.5,341,143,395,198,-0.077,-0.017,13.234,14.32,51.551
200,93,car,0.3096,480.0,23.0,472,16,488,30,-0.032,-0.022,46.528,24.976,89.915
200,96,car,0.3796,410.0,24.5,401,17,419,32,-0.032,-0.022,46.386,30.389,109.4
200,100,car,0.8211,95.5,118.5,63,98,128,139,-0.032,-0.022,16.998,13.531,48.713
200,104,car,0.8046,131.0,49.5,110,35,152,64,-0.032,-0.022,33.183,9.563,34.426
200,107,car,0.6871,231.0,30.0,218,20,244,40,-0.032,-0.022,39.709,7.284,26.222
200,108,car,0.7278,595.0,174.0,567,150,623,198,-0.032,-0.022,13.041,12.39,44.604
200,109,car,0.749,371.5,163.5,346,137,397,190,-0.032,-0.022,13.764,14.62,52.632
201,93,car,0.2678,479.0,22.0,471,15,487,29,-0.01,-0.019,56.082,30.642,110.311
201,96,car,0.4174,410.0,23.5,401,16,419,31,-0.01,-0.019,54.154,34.441,123.987
201,100,car,0.7768,85.5,124.5,53,103,118,146,-0.01,-0.019,18.057,12.922,46.52
201,104,car,0.7928,125.5,52.0,104,37,147,67,-0.01,-0.019,33.122,9.478,34.119
201,107,car,0.6335,228.0,31.5,215,22,241,41,-0.01,-0.019,40.899,7.173,25.824
201,108,car,0.668,591.5,167.5,564,144,619,191,-0.01,-0.019,13.998,12.976,46.715
201,109,car,0.7847,373.0,156.5,348,131,398,182,-0.01,-0.019,14.418,14.961,53.86
201,113,car,0.6917,274.0,441.0,209,408,339,474,-0.01,-0.019,5.148,0.0,0.0
202,93,car,0.2704,479.0,21.5,471,15,487,28,-0.053,-0.06,56.22,34.126,122.854
202,96,car,0.288,410.5,22.5,402,15,419,30,-0.053,-0.06,54.336,36.73,132.229
202,100,car,0.6563,72.0,130.5,37,108,107,153,-0.053,-0.06,17.403,12.732,45.836
202,104,car,0.7594,120.0,53.0,97,38,143,68,-0.053,-0.06,33.084,9.209,33.151
202,107,car,0.5487,225.5,32.5,212,23,239,42,-0.053,-0.06,40.733,6.834,24.603
202,108,car,0.7329,588.0,161.0,562,138,614,184,-0.053,-0.06,14.387,13.384,48.182
202,109,car,0.8494,375.5,149.5,351,125,400,174,-0.053,-0.06,14.633,15.041,54.147
202,113,car,0.7426,280.5,429.5,215,385,346,474,-0.053,-0.06,5.352,0.0,0.0
203,96,car,0.2655,411.0,21.5,402,14,420,29,-0.058,-0.041,54.554,37.728,135.822
203,100,car,0.6129,58.5,137.5,21,114,96,161,-0.058,-0.041,17.167,12.582,45.295
203,104,car,0.8225,114.0,55.0,91,40,137,70,-0.058,-0.041,32.866,9.134,32.881
203,107,car,0.6775,223.0,33.5,209,24,237,43,-0.058,-0.041,40.626,6.497,23.388
203,108,car,0.701,584.0,155.5,558,133,610,178,-0.058,-0.041,15.254,13.948,50.214
203,109,car,0.7564,377.5,143.0,354,119,401,167,-0.058,-0.041,15.33,15.234,54.844
203,113,car,0.4138,289.0,416.0,225,358,353,474,-0.058,-0.041,5.8,0.0,0.0
204,100,car,0.7137,45.0,143.5,5,119,85,168,-0.074,-0.05,16.989,12.339,44.419
204,104,car,0.7427,107.5,57.5,84,42,131,73,-0.074,-0.05,32.682,9.177,33.037
204,107,car,0.7503,220.0,34.5,206,25,234,44,-0.074,-0.05,40.629,6.313,22.727
204,108,car,0.6667,581.0,150.5,556,129,606,172,-0.074,-0.05,16.662,14.991,53.966
204,109,car,0.7487,379.5,138.0,357,115,402,161,-0.074,-0.05,17.103,16.186,58.271
204,113,car,0.6891,299.5,397.0,240,333,359,461,-0.074,-0.05,6.605,0.0,0.0
205,100,car,0.6868,36.0,150.5,0,125,72,176,0.044,-0.04,16.308,12.172,43.818
205,104,car,0.7901,101.5,59.5,77,43,126,76,0.044,-0.04,32.638,9.073,32.663
205,107,car,0.7799,217.0,36.0,203,26,231,46,0.044,-0.04,40.6,6.212,22.362
205,108,car,0.5973,577.5,145.0,554,124,601,166,0.044,-0.04,17.91,16.255,58.517
205,109,car,0.7032,381.0,132.5,359,110,403,155,0.044,-0.04,19.578,18.168,65.407
205,113,car,0.7494,309.0,372.0,254,310,364,434,0.044,-0.04,7.105,5.592,20.133
206,100,car,0.4864,28.0,158.5,0,131,56,186,-0.004,-0.095,15.524,12.331,44.391
206,104,car,0.8152,95.0,61.5,70,45,120,78,-0.004,-0.095,32.626,9.005,32.416
206,107,car,0.7551,213.5,37.0,199,27,228,47,-0.004,-0.095,40.635,6.171,22.215
206,108,car,0.7305,575.0,140.0,552,120,598,160,-0.004,-0.095,18.794,17.409,62.672
206,109,car,0.7129,383.5,127.0,362,105,405,149,-0.004,-0.095,20.55,19.857,71.486
206,113,car,0.7456,317.5,346.5,267,289,368,404,-0.004,-0.095,7.701,6.935,24.965
207,100,car,0.3944,21.0,166.5,0,140,42,193,-0.043,-0.073,15.399,12.29,44.246
207,104,car,0.7997,87.5,63.5,62,47,113,80,-0.043,-0.073,32.624,9.084,32.703
207,107,car,0.7954,210.0,38.0,195,28,225,48,-0.043,-0.073,40.737,6.153,22.152
207,108,car,0.6382,572.5,135.5,550,116,595,155,-0.043,-0.073,19.478,18.316,65.939
207,109,car,0.65,384.5,122.5,364,101,405,144,-0.043,-0.073,21.204,21.073,75.861
207,113,car,0.717,324.5,323.0,277,270,372,376,-0.043,-0.073,8.326,8.249,29.697
208,104,car,0.7502,81.0,66.0,55,49,107,83,0.096,-0.055,32.006,9.132,32.877
208,107,car,0.7297,207.0,39.0,192,29,222,49,0.096,-0.055,40.781,6.069,21.847
208,108,car,0.5613,569.5,131.0,547,111,592,151,0.096,-0.055,20.169,19.03,68.509
208,109,car,0.7614,386.5,117.5,367,97,406,138,0.096,-0.055,22.072,22.087,79.512
208,113,car,0.3868,331.0,302.5,287,255,375,350,0.096,-0.055,8.894,9.392,33.809
209,104,car,0.816,73.0,68.5,45,51,101,86,0.007,-0.044,31.029,9.566,34.436
209,107,car,0.6841,204.0,40.0,189,29,219,51,0.007,-0.044,40.824,5.948,21.412
209,108,car,0.6181,567.0,127.0,546,108,588,146,0.007,-0.044,20.742,19.512,70.244
209,109,car,0.8505,387.5,113.5,368,94,407,133,0.007,-0.044,22.827,22.825,82.168
209,113,truck,0.4326,337.5,282.0,296,238,379,326,0.007,-0.044,9.589,10.664,38.389
210,104,car,0.694,66.5,70.5,39,52,94,89,0.006,-0.059,29.743,10.304,37.093
210,107,car,0.6465,200.5,42.0,185,31,216,53,0.006,-0.059,40.424,6.015,21.654
210,108,car,0.7018,564.5,122.5,543,104,586,141,0.006,-0.059,21.403,19.892,71.61
210,109,car,0.7748,388.5,109.0,370,90,407,128,0.006,-0.059,23.642,23.423,84.324
210,113,truck,0.4326,343.0,264.0,304,223,382,305,0.006,-0.059,10.333,11.938,42.978
211,104,car,0.5809,58.0,72.5,29,54,87,91,0.015,-0.046,25.825,13.232,47.636
211,107,car,0.7417,198.0,43.0,182,32,214,54,0.015,-0.046,34.545,7.819,28.15
211,108,car,0.7282,561.5,119.0,541,101,582,137,0.015,-0.046,18.663,17.941,64.589
211,109,car,0.7858,390.0,105.5,372,87,408,124,0.015,-0.046,20.201,21.094,75.937
211,113,truck,0.546,347.0,249.0,310,211,384,287,0.015,-0.046,9.401,10.797,38.871
212,104,car,0.5914,48.5,75.5,18,56,79,95,-0.046,-0.04,25.536,15.295,55.061
212,107,car,0.7809,194.0,44.5,178,33,210,56,-0.046,-0.04,34.276,10.165,36.595
212,108,car,0.7346,559.5,115.0,539,97,580,133,-0.046,-0.04,18.825,16.279,58.606
212,109,car,0.8076,391.0,102.0,373,84,409,120,-0.046,-0.04,20.255,19.001,68.404
212,113,truck,0.4828,351.0,235.5,316,200,386,271,-0.046,-0.04,9.66,10.468,37.684
213,104,car,0.4692,39.5,78.0,7,59,72,97,-0.009,-0.054,25.372,16.537,59.534
213,107,car,0.7445,190.5,46.0,174,34,207,58,-0.009,-0.054,34.296,11.83,42.587
213,108,car,0.7559,557.5,110.5,538,93,577,128,-0.009,-0.054,19.544,15.218,54.785
213,109,car,0.7066,393.0,98.0,376,81,410,115,-0.009,-0.054,20.409,17.236,62.048
213,113,car,0.61,354.5,224.0,322,190,387,258,-0.009,-0.054,10.404,10.449,37.616
214,104,car,0.3236,32.5,80.5,1,61,64,100,0.03,-0.045,25.002,17.345,62.444
214,107,car,0.8347,186.0,48.0,169,36,203,60,0.03,-0.045,34.426,12.743,45.874
214,108,car,0.8055,556.0,108.0,537,91,575,125,0.03,-0.045,20.746,14.842,53.43
214,109,car,0.7075,393.5,94.5,377,77,410,112,0.03,-0.045,20.936,15.898,57.233
214,113,car,0.5851,359.0,212.0,327,179,391,245,0.03,-0.045,12.569,11.607,41.786
215,107,car,0.827,182.5,49.5,165,38,200,61,-0.032,-0.043,34.572,12.992,46.77
215,108,car,0.7084,554.5,104.5,536,88,573,121,-0.032,-0.043,22.609,15.523,55.884
215,109,car,0.7052,395.5,91.5,379,74,412,109,-0.032,-0.043,23.749,16.419,59.108
215,113,car,0.6814,362.0,202.0,332,171,392,233,-0.032,-0.043,13.39,12.723,45.804
216,107,car,0.7782,178.5,51.5,161,40,196,63,-0.002,-0.01,34.659,12.912,46.482
216,108,car,0.7,552.5,102.0,535,87,570,117,-0.002,-0.01,23.664,16.352,58.867
216,109,car,0.7218,395.5,88.5,379,72,412,105,-0.002,-0.01,25.701,17.743,63.873
216,113,car,0.6207,365.0,192.0,336,163,394,221,-0.002,-0.01,14.074,13.721,49.396
216,119,traffic light,0.3438,444.0,7.5,437,0,451,15,-0.002,-0.01,64.882,0.0,0.0
217,107,car,0.7607,174.0,53.0,156,40,192,66,-0.002,-0.027,34.784,12.53,45.107
217,108,car,0.5853,550.5,99.0,533,83,568,115,-0.002,-0.027,24.802,17.372,62.538
217,109,car,0.7381,397.0,85.5,381,69,413,102,-0.002,-0.027,26.892,19.11,68.797
217,113,car,0.6827,367.5,183.5,339,155,396,212,-0.002,-0.027,14.59,14.48,52.127
217,119,traffic light,0.3477,444.0,7.5,437,0,451,15,-0.002,-0.027,64.882,0.0,0.0
218,107,car,0.8477,170.5,54.0,152,41,189,67,-0.048,-0.024,35.077,11.756,42.32
218,108,car,0.6198,548.0,95.5,531,80,565,111,-0.048,-0.024,25.828,18.435,66.365
218,109,car,0.7116,398.0,82.0,382,66,414,98,-0.048,-0.024,27.787,20.309,73.112
218,113,car,0.5278,370.0,174.0,343,147,397,201,-0.048,-0.024,15.35,15.247,54.891
218,119,traffic light,0.2885,443.5,7.0,436,0,451,14,-0.048,-0.024,65.131,0.0,0.0
219,107,car,0.7768,166.0,55.5,147,42,185,69,-0.05,-0.018,35.057,11.16,40.175
219,108,car,0.4487,545.5,92.5,528,77,563,108,-0.05,-0.018,26.64,19.334,69.602
219,109,car,0.5758,398.0,79.5,383,64,413,95,-0.05,-0.018,28.372,21.098,75.953
219,113,car,0.678,372.5,167.5,347,142,398,193,-0.05,-0.018,15.971,15.844,57.039
219,119,traffic light,0.2592,444.0,6.5,437,0,451,13,-0.05,-0.018,65.421,0.0,0.0
220,107,car,0.75,160.0,58.0,141,45,179,71,0.002,-0.033,34.397,11.118,40.024
220,108,car,0.5429,543.5,90.0,526,75,561,105,0.002,-0.033,27.246,19.957,71.846
220,109,car,0.605,399.5,77.5,385,62,414,93,0.002,-0.033,28.964,21.587,77.712
220,113,car,0.6717,375.0,160.0,350,135,400,185,0.002,-0.033,16.763,16.482,59.336
221,107,car,0.749,155.5,60.0,136,47,175,73,-0.009,-0.021,29.678,13.737,49.454
221,108,car,0.6243,542.0,87.5,525,73,559,102,-0.009,-0.021,24.016,17.868,64.326
221,109,car,0.6316,400.0,74.0,385,59,415,89,-0.009,-0.021,26.407,19.879,71.566
221,113,car,0.6296,376.5,153.5,353,130,400,177,-0.009,-0.021,14.434,15.129,54.463
221,123,car,0.6474,240.0,432.5,169,391,311,474,-0.009,-0.021,4.88,0.0,0.0
222,107,car,0.7694,151.0,62.0,131,48,171,76,0.055,-0.069,29.339,15.56,56.017
222,108,car,0.6943,540.5,85.0,524,71,557,99,0.055,-0.069,24.291,16.155,58.157
222,109,car,0.6364,400.5,72.0,385,57,416,87,0.055,-0.069,26.562,18.232,65.635
222,113,car,0.6778,378.5,147.5,356,124,401,171,0.055,-0.069,14.489,13.872,49.938
222,123,car,0.7094,245.0,420.5,171,368,319,473,0.055,-0.069,5.149,0.0,0.0
223,107,car,0.793,146.5,64.0,126,50,167,78,-0.002,-0.058,29.114,16.686,60.068
223,108,car,0.6811,540.0,82.5,524,69,556,96,-0.002,-0.058,24.875,14.957,53.846
223,109,car,0.5055,401.0,69.5,385,55,417,84,-0.002,-0.058,27.109,17.046,61.365
223,113,car,0.6697,380.5,141.5,358,119,403,164,-0.002,-0.058,15.01,13.009,46.832
223,123,car,0.7859,255.5,407.5,184,343,327,472,-0.002,-0.058,5.441,0.0,0.0
224,107,car,0.7757,141.0,66.0,120,52,162,80,0.063,-0.064,28.989,17.209,61.954
224,108,car,0.6624,538.5,81.0,523,67,554,95,0.063,-0.064,25.727,14.276,51.393
224,109,car,0.6093,402.0,67.5,388,53,416,82,0.063,-0.064,27.289,15.921,57.315
224,113,car,0.6562,382.5,135.0,361,113,404,157,0.063,-0.064,17.651,13.82,49.751
224,123,car,0.9166,268.5,390.5,202,320,335,461,0.063,-0.064,6.43,0.0,0.0
225,107,car,0.7741,135.5,67.5,114,53,157,82,0.023,-0.071,28.989,17.186,61.868
225,108,car,0.7486,537.5,79.0,522,65,553,93,0.023,-0.071,27.158,14.455,52.037
225,109,car,0.7052,403.0,65.0,389,51,417,79,0.023,-0.071,29.958,16.564,59.631
225,113,car,0.584,384.0,130.0,363,109,405,151,0.023,-0.071,19.527,15.317,55.142
225,123,car,0.813,279.5,367.0,219,298,340,436,0.023,-0.071,6.977,5.538,19.937
226,107,car,0.7844,129.5,70.0,107,55,152,85,0.022,-0.122,28.944,16.916,60.899
226,108,car,0.7073,536.0,77.0,521,64,551,90,0.022,-0.122,28.452,15.132,54.477
226,109,car,0.7621,403.5,63.0,390,50,417,76,0.022,-0.122,32.0,18.016,64.859
226,113,car,0.5845,385.0,126.0,365,106,405,146,0.022,-0.122,20.354,16.601,59.763
226,123,car,0.8166,290.0,342.0,234,278,346,406,0.022,-0.122,7.563,6.938,24.976
226,125,car,0.5826,720.0,427.5,643,386,797,469,0.022,-0.122,5.897,0.0,0.0
227,107,car,0.8161,124.0,73.0,101,58,147,88,-0.013,-0.105,28.832,16.475,59.312
227,108,car,0.5819,534.5,75.0,520,62,549,88,-0.013,-0.105,29.436,15.959,57.454
227,109,car,0.6516,404.0,61.0,391,48,417,74,-0.013,-0.105,33.533,19.709,70.953
227,113,car,0.7066,387.0,120.5,367,101,407,140,-0.013,-0.105,21.43,17.924,64.528
227,123,car,0.7847,299.0,319.0,247,261,351,377,-0.013,-0.105,8.144,8.232,29.636
227,125,car,0.701,712.5,417.5,634,366,791,469,-0.013,-0.105,6.051,0.0,0.0
228,107,car,0.8119,118.0,75.0,94,60,142,90,0.035,-0.102,28.77,15.819,56.948
228,108,car,0.5326,533.5,72.5,519,60,548,85,0.035,-0.102,30.671,17.071,61.455
228,109,car,0.6627,405.5,59.0,393,46,418,72,0.035,-0.102,34.709,21.299,76.677
228,113,car,0.6856,388.5,116.0,369,97,408,135,0.035,-0.102,22.313,19.064,68.632
228,123,car,0.7251,305.0,298.5,256,245,354,352,0.035,-0.102,8.714,9.386,33.788
228,125,car,0.6998,700.5,406.5,624,344,777,469,0.035,-0.102,6.228,0.0,0.0
229,107,car,0.7942,111.0,77.5,87,62,135,93,-0.019,-0.152,28.293,15.394,55.42
229,108,car,0.5862,532.0,70.5,518,58,546,83,-0.019,-0.152,31.541,18.063,65.028
229,109,car,0.7144,406.0,56.5,394,44,418,69,-0.019,-0.152,35.789,22.739,81.86
229,113,car,0.7047,389.5,111.5,371,93,408,130,-0.019,-0.152,23.126,20.024,72.086
229,123,car,0.6594,310.0,281.0,261,233,359,329,-0.019,-0.152,9.283,10.389,37.4
229,125,car,0.8034,686.0,390.0,615,323,757,457,-0.019,-0.152,6.516,0.0,0.0
230,107,car,0.838,105.0,79.5,80,63,130,96,0.0,-0.243,27.882,14.964,53.872
230,108,car,0.6184,530.5,68.0,517,56,544,80,0.0,-0.243,32.676,19.176,69.032
230,109,car,0.7314,406.5,55.0,395,43,418,67,0.0,-0.243,36.479,23.699,85.317
230,113,car,0.6479,390.5,107.5,373,90,408,125,0.0,-0.243,23.696,20.656,74.361
230,123,car,0.5076,318.0,265.0,274,221,362,309,0.0,-0.243,9.886,11.339,40.821
230,125,car,0.8028,673.5,370.0,608,305,739,435,0.0,-0.243,6.905,4.642,16.71
231,107,car,0.8119,97.5,82.5,72,65,123,100,-0.022,-0.14,27.821,14.541,52.346
231,108,car,0.7796,529.5,66.0,516,54,543,78,-0.022,-0.14,36.049,21.833,78.598
231,109,car,0.7083,407.5,53.5,396,42,419,65,-0.022,-0.14,38.677,25.363,91.308
231,113,car,0.6577,391.5,105.0,374,88,409,122,-0.022,-0.14,24.205,20.968,75.485
231,123,car,0.5692,324.0,250.5,283,210,365,291,-0.022,-0.14,10.771,12.63,45.467
231,125,car,0.8112,661.5,348.5,601,288,722,409,-0.022,-0.14,7.796,5.821,20.955
231,127,car,0.4917,457.0,422.0,398,370,516,474,-0.022,-0.14,5.588,0.0,0.0
232,107,car,0.754,91.0,85.5,65,69,117,102,-0.079,-0.155,27.349,14.191,51.087
232,108,car,0.7117,528.5,64.5,515,53,542,76,-0.079,-0.155,36.146,23.315,83.934
232,109,car,0.5504,408.5,52.5,397,41,420,64,-0.079,-0.155,38.691,25.989,93.56
232,113,car,0.6875,393.0,101.0,376,84,410,118,-0.079,-0.155,24.273,20.837,75.012
232,123,car,0.6394,330.0,237.5,291,199,369,276,-0.079,-0.155,11.136,12.907,46.464
232,125,car,0.8248,652.0,329.0,596,273,708,385,-0.079,-0.155,8.186,6.736,24.251
232,127,car,0.7113,456.0,411.0,400,348,512,474,-0.079,-0.155,5.71,0.0,0.0
233,107,car,0.7588,83.0,89.0,56,72,110,106,-0.104,-0.158,27.063,13.959,50.252
233,108,car,0.6561,527.0,62.5,513,51,541,74,-0.104,-0.158,36.556,24.171,87.016
233,109,car,0.7053,408.5,50.5,397,39,420,62,-0.104,-0.158,38.925,26.089,93.919
233,113,car,0.6702,394.5,97.5,378,81,411,114,-0.104,-0.158,24.591,20.495,73.781
233,123,car,0.5773,334.0,225.0,298,189,370,261,-0.104,-0.158,11.955,13.371,48.137
233,125,car,0.7862,642.5,311.0,590,260,695,362,-0.104,-0.158,8.801,7.798,28.073
233,127,car,0.694,455.0,395.0,402,325,508,465,-0.104,-0.158,5.869,0.0,0.0
234,107,car,0.7924,75.5,92.0,48,74,103,110,-0.039,-0.188,26.842,13.62,49.031
234,108,car,0.6451,524.5,60.5,510,49,539,72,-0.039,-0.188,39.291,26.095,93.94
234,109,car,0.7964,409.0,49.5,397,38,421,61,-0.039,-0.188,39.459,25.89,93.203
234,113,car,0.6597,395.5,94.0,379,78,412,110,-0.039,-0.188,25.741,20.571,74.054
234,123,car,0.6669,338.5,212.5,304,178,373,247,-0.039,-0.188,14.631,15.161,54.578
234,125,car,0.8067,635.0,295.0,585,247,685,343,-0.039,-0.188,10.185,10.025,36.089
234,127,car,0.7358,454.5,371.0,405,303,504,439,-0.039,-0.188,7.586,0.0,0.0
235,107,car,0.7176,69.0,95.5,42,78,96,113,-0.127,-0.197,26.599,13.255,47.717
235,108,car,0.6678,523.5,59.5,509,48,538,71,-0.127,-0.197,40.413,27.639,99.499
235,109,car,0.8323,409.5,48.0,398,37,421,59,-0.127,-0.197,40.531,25.931,93.351
235,113,car,0.6265,396.0,90.5,380,75,412,106,-0.127,-0.197,28.851,22.251,80.102
235,123,car,0.7121,342.0,203.0,309,171,375,235,-0.127,-0.197,15.532,16.702,60.126
235,125,car,0.7935,627.0,279.5,580,235,674,324,-0.127,-0.197,11.22,12.339,44.42
235,127,car,0.622,453.0,345.0,407,282,499,408,-0.127,-0.197,9.173,8.562,30.825
236,107,car,0.5862,59.0,99.5,29,81,89,118,-0.205,-0.22,26.333,13.178,47.44
236,108,car,0.6342,522.0,58.0,508,47,536,69,-0.205,-0.22,41.991,29.226,105.215
236,109,car,0.8407,410.0,46.5,399,35,421,58,-0.205,-0.22,42.338,26.611,95.799
236,113,car,0.6602,397.0,88.0,381,73,413,103,-0.205,-0.22,30.861,24.288,87.438
236,123,car,0.5491,344.5,194.0,314,163,375,225,-0.205,-0.22,16.227,17.919,64.507
236,125,car,0.808,620.0,266.0,575,224,665,308,-0.205,-0.22,11.816,13.905,50.056
236,127,car,0.4028,452.5,322.0,409,265,496,379,-0.205,-0.22,9.782,10.803,38.89
237,107,car,0.6405,49.5,103.0,18,84,81,122,-0.043,-0.146,25.563,13.212,47.562
237,108,car,0.6832,521.0,56.5,507,45,535,68,-0.043,-0.146,43.516,30.771,110.775
237,109,car,0.8085,410.0,44.5,399,33,421,56,-0.043,-0.146,45.954,29.003,104.412
237,113,car,0.681,398.0,85.0,383,70,413,100,-0.043,-0.146,31.945,25.982,93.535
237,123,car,0.7281,348.5,185.5,319,156,378,215,-0.043,-0.146,16.814,18.8,67.68
237,125,car,0.8332,614.0,254.0,571,215,657,293,-0.043,-0.146,12.371,14.339,51.622
237,127,car,0.55,451.5,301.0,410,249,493,353,-0.043,-0.146,10.483,12.584,45.304
237,131,truck,0.459,451.5,302.5,409,252,494,353,-0.043,-0.146,10.428,0.0,0.0
238,107,car,0.7509,40.5,106.5,7,87,74,126,-0.078,-0.085,24.957,13.298,47.874
238,108,car,0.7702,520.5,54.5,507,43,534,66,-0.078,-0.085,45.096,32.326,116.375
238,109,car,0.8231,410.5,43.5,399,32,422,55,-0.078,-0.085,47.787,31.272,112.58
238,113,car,0.6541,399.0,82.5,384,68,414,97,-0.078,-0.085,32.688,27.123,97.642
238,123,car,0.4684,352.0,176.0,323,147,381,205,-0.078,-0.085,17.662,19.622,70.638
238,125,car,0.8123,608.5,242.0,568,205,649,279,-0.078,-0.085,12.972,14.754,53.114
238,127,car,0.4692,451.5,283.0,412,236,491,330,-0.078,-0.085,11.189,13.998,50.391
239,107,car,0.3721,32.5,110.0,0,90,65,130,-0.028,-0.051,24.325,13.455,48.437
239,108,car,0.72,520.0,53.0,507,42,533,64,-0.028,-0.051,46.098,33.389,120.201
239,109,car,0.6613,410.5,42.0,399,31,422,53,-0.028,-0.051,49.063,33.121,119.234
239,113,car,0.6894,400.0,79.5,385,65,415,94,-0.028,-0.051,33.626,28.008,100.83
239,123,car,0.5457,354.5,170.5,327,144,382,197,-0.028,-0.051,18.264,20.131,72.473
239,125,car,0.7973,603.5,231.5,565,196,642,267,-0.028,-0.051,13.556,15.114,54.409
239,127,car,0.4813,451.0,266.5,414,223,488,310,-0.028,-0.051,11.928,15.211,54.758
240,108,car,0.6619,519.5,52.0,507,41,532,63,-0.053,-0.083,46.691,33.79,121.643
240,109,car,0.5546,411.0,41.0,400,30,422,52,-0.053,-0.083,49.974,34.305,123.5
240,113,car,0.6889,401.5,77.5,387,63,416,92,-0.053,-0.083,34.401,28.515,102.652
240,123,car,0.6285,357.5,162.0,331,135,384,189,-0.053,-0.083,19.252,20.778,74.801
240,125,car,0.7148,598.5,222.0,562,189,635,255,-0.053,-0.083,14.159,15.439,55.581
240,127,truck,0.5012,451.0,252.0,415,212,487,292,-0.053,-0.083,12.619,16.164,58.19
240,132,car,0.4519,450.5,255.0,414,215,487,295,-0.053,-0.083,12.474,0.0,0.0
241,108,car,0.5955,519.0,50.5,507,39,531,62,0.04,-0.027,41.769,30.07,108.253
241,109,car,0.4302,410.5,39.0,400,29,421,49,0.04,-0.027,42.604,29.773,107.183
241,113,car,0.5583,402.5,75.0,388,61,417,89,0.04,-0.027,31.037,26.07,93.852
241,123,car,0.6584,359.5,154.5,333,128,386,181,0.04,-0.027,17.845,19.91,71.678
241,125,car,0.7409,594.0,213.0,559,180,629,246,0.04,-0.027,13.492,14.932,53.753
241,127,car,0.5521,450.5,239.0,416,201,485,277,0.04,-0.027,11.834,14.799,53.275
241,132,truck,0.3975,450.5,243.5,415,205,486,282,0.04,-0.027,11.774,0.0,0.0
242,108,car,0.5911,518.0,49.5,506,38,530,61,-0.002,-0.02,41.821,26.711,96.161
242,109,car,0.3499,411.5,38.5,401,29,422,48,-0.002,-0.02,42.691,25.69,92.485
242,113,car,0.6174,402.5,72.5,388,59,417,86,-0.002,-0.02,30.967,23.7,85.32
242,123,car,0.7167,361.0,149.0,335,124,387,174,-0.002,-0.02,17.835,18.81,67.714
242,125,car,0.6725,589.5,204.5,556,173,623,236,-0.002,-0.02,13.866,14.492,52.17
242,127,truck,0.6094,450.0,226.0,417,190,483,262,-0.002,-0.02,12.112,14.375,51.749
243,108,car,0.5346,517.5,48.0,506,37,529,59,0.007,-0.053,41.957,23.841,85.828
243,109,car,0.3436,412.5,36.5,402,27,423,46,0.007,-0.053,43.38,22.786,82.028
243,113,car,0.5905,403.5,69.5,389,56,418,83,0.007,-0.053,31.23,21.704,78.136
243,123,car,0.6113,361.5,142.5,335,118,388,167,0.007,-0.053,18.156,17.873,64.343
243,125,car,0.7847,585.5,196.5,553,166,618,227,0.007,-0.053,14.562,14.315,51.533
243,127,truck,0.4006,449.5,214.5,418,180,481,249,0.007,-0.053,12.618,14.079,50.686
243,132,car,0.3463,449.5,217.5,418,183,481,252,0.007,-0.053,12.418,0.0,0.0
244,108,car,0.5997,517.0,47.0,506,37,528,57,-0.039,-0.035,42.024,21.248,76.493
244,109,car,0.4741,413.0,35.0,403,26,423,44,-0.039,-0.035,44.503,20.84,75.024
244,113,car,0.6576,404.0,67.5,390,55,418,80,-0.039,-0.035,32.823,20.776,74.793
244,123,car,0.5958,365.0,137.5,341,115,389,160,-0.039,-0.035,20.077,18.018,64.866
244,125,car,0.5902,582.0,188.5,550,159,614,218,-0.039,-0.035,16.457,15.126,54.455
244,132,truck,0.565,449.5,205.5,419,173,480,238,-0.039,-0.035,15.144,0.0,0.0
245,108,car,0.6114,516.0,46.0,505,36,527,56,-0.044,-0.033,43.146,19.657,70.764
245,109,car,0.5134,413.5,33.5,403,24,424,43,-0.044,-0.033,47.433,20.945,75.403
245,113,car,0.7031,404.5,65.5,391,53,418,78,-0.044,-0.033,34.68,20.894,75.218
245,123,car,0.616,369.0,133.0,347,111,391,155,-0.044,-0.033,23.211,19.78,71.21
245,125,car,0.7096,578.0,182.0,547,154,609,210,-0.044,-0.033,17.683,16.171,58.217
245,132,truck,0.4836,449.0,196.0,420,165,478,227,-0.044,-0.033,16.638,15.607,56.186
245,127,car,0.482,449.0,194.5,420,164,478,225,-0.044,-0.033,16.803,16.408,59.068
246,108,car,0.5573,515.0,44.5,504,35,526,54,-0.009,-0.045,45.047,19.396,69.827
246,109,car,0.4704,413.5,32.0,403,22,424,42,-0.009,-0.045,50.014,22.315,80.333
246,113,car,0.7256,405.0,63.5,392,51,418,76,-0.009,-0.045,36.398,21.678,78.041
246,123,car,0.6762,370.5,127.5,349,106,392,149,-0.009,-0.045,24.571,21.561,77.621
246,125,car,0.7302,576.0,175.0,547,148,605,202,-0.009,-0.045,18.612,17.225,62.011
246,132,car,0.7089,449.0,187.5,421,158,477,217,-0.009,-0.045,17.538,17.339,62.421
246,127,truck,0.4759,449.0,186.0,421,156,477,216,-0.009,-0.045,17.682,18.169,65.409
247,108,car,0.5253,514.0,43.5,503,34,525,53,-0.015,-0.034,46.214,19.537,70.334
247,109,car,0.5354,414.0,31.0,404,21,424,41,-0.015,-0.034,51.598,23.856,85.882
247,113,car,0.6088,406.5,61.0,394,49,419,73,-0.015,-0.034,38.259,23.059,83.014
247,123,car,0.6974,372.5,123.0,352,102,393,144,-0.015,-0.034,25.306,22.853,82.27
247,125,car,0.7177,573.0,167.0,545,139,601,195,-0.015,-0.034,19.484,18.217,65.581
247,132,car,0.7199,448.5,178.0,422,149,475,207,-0.015,-0.034,18.443,18.905,68.058
247,127,truck,0.5145,448.5,177.0,421,148,476,206,-0.015,-0.034,18.534,19.632,70.676
248,108,car,0.5813,513.5,42.5,503,33,524,52,-0.01,-0.046,47.251,19.919,71.707
248,109,car,0.5249,414.5,30.5,404,21,425,40,-0.01,-0.046,52.586,25.074,90.267
248,113,car,0.5593,407.0,59.5,395,48,419,71,-0.01,-0.046,38.996,23.998,86.391
248,123,car,0.6784,374.0,119.0,354,99,394,139,-0.01,-0.046,26.067,23.789,85.641
248,125,car,0.8251,570.0,161.5,543,135,597,188,-0.01,-0.046,20.081,18.892,68.012
248,132,car,0.7372,448.5,170.5,422,143,475,198,-0.01,-0.046,19.183,19.894,71.617
248,127,truck,0.3694,448.0,169.0,421,141,475,197,-0.01,-0.046,19.327,20.787,74.832
249,108,car,0.6255,512.0,41.5,501,32,523,51,-0.024,-0.027,47.981,20.247,72.891
249,109,car,0.4563,414.5,29.5,404,20,425,39,-0.024,-0.027,53.505,26.067,93.843
249,113,car,0.598,407.0,57.5,395,46,419,69,-0.024,-0.027,39.694,24.656,88.762
249,123,car,0.7102,375.5,114.5,356,95,395,134,-0.024,-0.027,26.9,24.527,88.297
249,125,car,0.7903,567.0,157.0,541,132,593,182,-0.024,-0.027,20.529,19.25,69.301
249,132,car,0.7828,448.5,164.0,423,137,474,191,-0.024,-0.027,19.851,20.444,73.599
250,108,car,0.6848,511.0,40.0,500,31,522,49,-0.042,-0.049,49.392,21.041,75.747
250,109,car,0.4327,415.0,28.5,405,19,425,38,-0.042,-0.049,54.357,26.79,96.444
250,113,car,0.6873,408.0,55.0,396,43,420,67,-0.042,-0.049,40.564,25.219,90.789
250,123,car,0.6141,377.5,109.5,358,89,397,130,-0.042,-0.049,27.719,25.103,90.369
250,125,car,0.7006,565.0,152.5,540,128,590,177,-0.042,-0.049,21.025,19.431,69.95
250,132,car,0.799,448.0,157.0,423,131,473,183,-0.042,-0.049,20.639,20.983,75.54
251,108,car,0.6131,510.0,38.5,499,30,521,47,-0.032,-0.054,48.964,20.878,75.161
251,109,car,0.3982,415.5,28.0,405,19,426,37,-0.032,-0.054,49.418,23.357,84.085
251,113,car,0.6814,408.5,53.5,396,42,421,65,-0.032,-0.054,40.036,24.667,88.8
251,123,car,0.6447,378.0,105.5,359,86,397,125,-0.032,-0.054,25.259,23.357,84.085
251,125,car,0.7098,563.0,147.5,539,124,587,171,-0.032,-0.054,19.048,17.895,64.424
251,132,car,0.7421,447.5,149.5,424,125,471,174,-0.032,-0.054,18.688,17.52,63.071
252,108,car,0.6229,509.0,37.5,498,28,520,47,-0.006,-0.045,49.134,20.382,73.375
252,109,car,0.3229,415.5,27.0,405,18,426,36,-0.006,-0.045,49.841,20.705,74.539
252,113,car,0.5014,409.0,51.5,397,40,421,63,-0.006,-0.045,40.115,23.827,85.777
252,123,car,0.5223,380.0,101.0,361,82,399,120,-0.006,-0.045,25.451,21.775,78.391
252,125,car,0.7119,560.5,142.0,537,119,584,165,-0.006,-0.045,19.253,16.582,59.694
252,132,car,0.68,447.0,144.0,424,120,470,168,-0.006,-0.045,18.817,16.35,58.859
253,108,car,0.5365,508.0,36.5,497,27,519,46,-0.013,-0.034,49.294,19.69,70.884
253,109,car,0.4119,415.5,26.5,405,17,426,36,-0.013,-0.034,50.215,18.521,66.677
253,113,car,0.5639,409.5,51.0,398,40,421,62,-0.013,-0.034,40.061,22.563,81.227
253,123,car,0.5896,381.5,98.5,363,80,400,117,-0.013,-0.034,25.935,20.381,73.37
253,125,car,0.737,557.5,137.5,534,115,581,160,-0.013,-0.034,19.846,15.623,56.245
253,132,car,0.8106,447.5,138.0,425,115,470,161,-0.013,-0.034,19.157,15.422,55.52
254,108,car,0.6119,508.0,35.5,497,26,519,45,-0.041,-0.017,49.669,19.03,68.508
254,109,car,0.5679,416.0,25.0,406,16,426,34,-0.041,-0.017,51.305,17.407,62.665
254,113,car,0.6527,410.0,48.5,399,37,421,60,-0.041,-0.017,40.379,21.533,77.518
254,123,car,0.6512,382.5,95.5,365,78,400,113,-0.041,-0.017,27.197,19.787,71.232
254,125,car,0.721,556.5,133.5,534,112,579,155,-0.041,-0.017,20.62,15.094,54.337
254,132,car,0.7225,447.0,132.5,425,110,469,155,-0.041,-0.017,20.84,15.487,55.752
255,108,car,0.608,507.5,34.5,497,26,518,43,-0.069,-0.059,50.925,18.976,68.314
255,109,car,0.406,416.5,24.5,407,16,426,33,-0.069,-0.059,51.865,16.483,59.339
255,113,car,0.6781,410.5,47.0,399,36,422,58,-0.069,-0.059,41.986,21.317,76.74
255,123,car,0.6465,383.0,93.0,365,76,401,110,-0.069,-0.059,29.368,20.347,73.249
255,125,car,0.6981,554.0,130.5,532,109,576,152,-0.069,-0.059,22.816,15.79,56.846
255,132,car,0.7551,447.0,128.0,426,106,468,150,-0.069,-0.059,23.735,17.071,61.456
256,108,car,0.5314,507.5,33.5,497,25,518,42,-0.027,-0.046,52.472,19.59,70.523
256,109,car,0.3743,417.5,23.5,408,15,427,32,-0.027,-0.046,54.631,17.39,62.605
256,113,car,0.7122,410.5,46.5,400,36,421,57,-0.027,-0.046,41.986,20.63,74.267
256,123,car,0.668,383.5,90.0,366,74,401,106,-0.027,-0.046,31.205,21.559,77.612
256,125,car,0.676,551.5,126.0,530,105,573,147,-0.027,-0.046,24.73,17.268,62.164
256,132,car,0.7333,447.0,123.0,426,102,468,144,-0.027,-0.046,25.58,19.09,68.723
257,108,car,0.4578,507.0,33.5,497,25,517,42,0.011,-0.018,52.5,19.528,70.302
257,109,car,0.257,418.0,22.5,409,14,427,31,0.011,-0.018,56.439,18.894,68.019
257,113,car,0.6107,411.0,45.5,400,35,422,56,0.011,-0.018,43.303,20.6,74.161
257,123,car,0.6135,384.5,88.0,367,73,402,103,0.011,-0.018,32.0,22.458,80.85
257,125,car,0.7452,550.5,121.5,529,102,572,141,0.011,-0.018,25.998,18.835,67.805
257,132,car,0.7323,447.0,119.0,427,99,467,139,0.011,-0.018,26.453,20.698,74.513
258,108,car,0.5729,506.5,32.5,496,24,517,41,0.011,-0.055,54.187,20.275,72.992
258,113,car,0.5473,411.5,44.0,400,34,423,54,0.011,-0.055,44.489,20.963,75.465
258,123,car,0.574,386.0,85.0,368,70,404,100,0.011,-0.055,32.905,23.268,83.765
258,125,car,0.7802,548.0,118.0,527,99,569,137,0.011,-0.055,26.881,20.104,72.376
258,132,car,0.6645,447.0,114.0,428,95,466,133,0.011,-0.055,27.565,22.192,79.89
259,108,car,0.6682,506.0,32.0,496,23,516,41,0.053,-0.026,55.015,20.895,75.221
259,113,car,0.4487,412.0,43.0,401,33,423,53,0.053,-0.026,45.011,21.09,75.922
259,123,car,0.4154,387.0,82.0,370,68,404,96,0.053,-0.026,33.666,23.87,85.93
259,125,car,0.7297,547.0,115.0,527,96,567,134,0.053,-0.026,27.573,21.054,75.794
259,132,car,0.6763,447.0,111.0,428,92,466,130,0.053,-0.026,28.253,23.193,83.496
260,108,car,0.4308,504.5,31.0,495,23,514,39,0.065,-0.076,56.209,21.726,78.213
260,113,car,0.3563,412.5,41.5,402,32,423,51,0.065,-0.076,45.739,21.248,76.492
260,123,car,0.4939,389.0,78.5,373,63,405,94,0.065,-0.076,34.687,24.505,88.217
260,125,car,0.7125,546.0,112.0,527,94,565,130,0.065,-0.076,28.254,21.737,78.253
260,132,car,0.6936,447.0,106.5,429,88,465,125,0.065,-0.076,29.232,24.123,86.841
260,135,car,0.6801,445.0,409.5,392,346,498,473,0.065,-0.076,7.345,0.0,0.0
261,108,car,0.3447,504.5,30.5,495,23,514,38,-0.02,-0.029,55.503,21.352,76.866
261,123,car,0.5342,390.0,76.5,375,62,405,91,-0.02,-0.029,30.142,21.449,77.216
261,125,car,0.7024,544.0,109.0,526,92,562,126,-0.02,-0.029,22.696,19.173,69.022
261,132,car,0.6967,447.5,103.0,430,85,465,121,-0.02,-0.029,23.612,20.999,75.598
261,135,car,0.8115,444.0,394.5,395,326,493,463,-0.02,-0.029,5.939,0.0,0.0
262,108,car,0.3245,504.0,29.5,495,22,513,37,0.052,-0.097,55.638,20.731,74.632
262,123,car,0.5796,391.0,73.5,376,58,406,89,0.052,-0.097,30.374,19.035,68.527
262,125,car,0.6589,543.0,106.5,525,90,561,123,0.052,-0.097,22.73,16.825,60.571
262,132,car,0.629,447.5,99.5,430,82,465,117,0.052,-0.097,23.737,18.329,65.984
262,135,car,0.7976,444.0,369.5,398,304,490,435,0.052,-0.097,6.118,0.0,0.0
262,113,car,0.3037,413.0,39.0,403,30,423,48,0.052,-0.097,44.676,20.315,73.135
263,108,car,0.2913,503.5,28.5,495,21,512,36,0.004,-0.024,55.741,19.922,71.72
263,123,car,0.659,392.5,70.5,378,55,407,86,0.004,-0.024,31.053,17.335,62.405
263,125,car,0.6105,541.5,102.0,523,85,560,119,0.004,-0.024,23.157,14.954,53.835
263,132,car,0.7822,447.5,96.0,431,79,464,113,0.004,-0.024,23.837,16.095,57.942
263,135,car,0.7714,444.0,343.5,400,284,488,403,0.004,-0.024,6.621,0.0,0.0
264,108,car,0.2756,503.0,27.5,494,20,512,35,-0.022,-0.088,56.021,19.082,68.696
264,123,car,0.6119,393.5,68.5,379,54,408,83,-0.022,-0.088,32.726,16.712,60.165
264,125,car,0.518,540.0,99.0,522,82,558,116,-0.022,-0.088,23.93,13.385,48.188
264,132,car,0.6872,447.5,93.0,431,76,464,110,-0.022,-0.088,24.474,14.368,51.725
264,135,car,0.7964,443.5,321.0,402,268,485,374,-0.022,-0.088,8.72,8.165,29.393
264,136,car,0.6804,733.5,436.5,651,406,816,467,-0.022,-0.088,6.491,0.0,0.0
265,108,car,0.3739,502.5,26.0,493,18,512,34,-0.029,-0.091,56.891,18.727,67.416
265,123,car,0.7134,394.0,67.5,380,54,408,81,-0.029,-0.091,33.717,16.507,59.425
265,125,car,0.6552,538.5,96.0,521,79,556,113,-0.029,-0.091,25.79,13.128,47.26
265,132,car,0.7083,447.5,89.5,431,73,464,106,-0.029,-0.091,27.512,14.785,53.228
265,135,car,0.7635,443.5,301.0,405,253,482,349,-0.029,-0.091,9.539,10.194,36.699
265,136,car,0.5966,730.0,426.5,639,386,821,467,-0.029,-0.091,6.67,0.0,0.0
266,108,car,0.3694,501.5,25.5,492,18,511,33,0.066,-0.1,57.739,18.527,66.696
266,123,car,0.7575,395.0,65.5,381,53,409,78,0.066,-0.1,35.733,17.402,62.646
266,125,car,0.7905,537.5,93.5,520,77,555,110,0.066,-0.1,27.724,13.926,50.133
266,132,car,0.6772,447.5,87.0,431,71,464,103,0.066,-0.1,29.619,16.128,58.061
266,135,car,0.7126,443.0,283.0,407,239,479,327,0.066,-0.1,10.163,11.76,42.335
266,136,car,0.8773,720.0,415.5,630,363,810,468,0.066,-0.1,6.874,0.0,0.0
267,108,car,0.397,501.0,24.5,491,17,511,32,-0.027,-0.077,58.857,18.797,67.67
267,123,car,0.6299,395.5,63.5,381,51,410,76,-0.027,-0.077,37.108,18.6,66.958
267,125,car,0.67,536.0,91.5,519,76,553,107,-0.027,-0.077,29.15,15.135,54.485
267,132,car,0.7062,447.0,84.0,431,68,463,100,-0.027,-0.077,30.814,17.575,63.271
267,135,car,0.5812,442.5,266.5,408,226,477,307,-0.027,-0.077,10.851,13.093,47.136
267,136,car,0.6919,706.5,404.0,618,341,795,467,-0.027,-0.077,7.089,0.0,0.0
268,108,car,0.4036,500.5,24.0,491,17,510,31,-0.027,-0.073,59.399,18.895,68.022
268,123,car,0.4837,396.0,62.0,382,50,410,74,-0.027,-0.073,37.914,19.578,70.48
268,125,car,0.6587,534.5,89.5,518,75,551,104,-0.027,-0.073,30.223,16.397,59.031
268,132,car,0.6655,447.0,81.5,431,66,463,97,-0.027,-0.073,31.733,18.84,67.826
268,135,car,0.6493,442.5,251.5,409,214,476,289,-0.027,-0.073,11.549,14.242,51.269
268,136,car,0.5788,704.0,394.0,609,321,799,467,-0.027,-0.073,7.286,3.616,13.016
269,123,car,0.5157,397.0,60.5,383,49,411,72,-0.01,-0.055,38.75,20.422,73.52
269,125,car,0.6687,533.5,87.5,517,73,550,102,-0.01,-0.055,30.965,17.458,62.848
269,132,car,0.6801,446.5,78.5,431,63,462,94,-0.01,-0.055,32.582,19.946,71.804
269,135,car,0.5867,442.0,240.0,410,204,474,276,-0.01,-0.055,12.097,14.941,53.788
269,136,car,0.8064,694.5,384.5,602,302,787,467,-0.01,-0.055,7.477,3.668,13.204
270,123,car,0.5361,397.0,58.5,383,47,411,70,-0.083,-0.088,39.676,21.243,76.474
270,125,car,0.6136,533.0,85.5,517,72,549,99,-0.083,-0.088,31.608,18.285,65.825
270,132,car,0.7451,447.0,76.5,432,62,462,91,-0.083,-0.088,33.319,20.767,74.76
270,135,car,0.6328,443.0,227.5,413,194,473,261,-0.083,-0.088,12.852,15.788,56.837
270,136,car,0.5903,681.5,370.5,594,285,769,456,-0.083,-0.088,7.774,4.251,15.302
271,123,car,0.5533,397.5,56.5,384,45,411,68,-0.056,-0.079,35.044,18.51,66.637
271,125,car,0.5258,532.5,83.0,517,70,548,96,-0.056,-0.079,27.94,16.166,58.199
271,132,car,0.712,446.5,74.0,432,60,461,88,-0.056,-0.079,29.598,18.53,66.71
271,135,car,0.7932,442.5,216.5,413,185,472,248,-0.056,-0.079,11.574,14.875,53.55
271,136,car,0.6997,669.0,352.0,587,271,751,433,-0.056,-0.079,6.979,4.975,17.91
272,123,car,0.5793,398.0,54.0,385,42,411,66,-0.017,-0.105,35.175,16.314,58.729
272,125,car,0.3914,531.0,80.5,516,67,546,94,-0.017,-0.105,28.062,14.408,51.869
272,132,car,0.6999,446.5,71.5,432,58,461,85,-0.017,-0.105,29.694,16.593,59.734
272,135,car,0.823,442.5,206.0,415,176,470,236,-0.017,-0.105,11.819,14.071,50.655
272,136,car,0.6177,657.0,333.0,581,257,733,409,-0.017,-0.105,7.238,5.354,19.273
273,123,car,0.4989,398.5,52.5,386,41,411,64,-0.08,-0.074,35.262,14.293,51.455
273,125,car,0.5292,530.0,78.5,515,65,545,92,-0.08,-0.074,28.3,12.921,46.517
273,132,car,0.6674,446.5,69.0,432,55,461,83,-0.08,-0.074,29.912,14.999,53.996
273,135,car,0.7444,442.0,196.5,415,168,469,225,-0.08,-0.074,12.581,13.664,49.191
273,136,car,0.7779,646.5,315.0,576,245,717,385,-0.08,-0.074,7.67,5.515,19.852
274,123,car,0.4621,399.0,51.0,387,40,411,62,-0.087,-0.111,35.705,12.772,45.978
274,125,car,0.5771,529.5,76.5,515,63,544,90,-0.087,-0.111,28.759,11.856,42.682
274,132,car,0.7253,446.5,67.0,432,53,461,81,-0.087,-0.111,30.312,13.739,49.46
274,135,car,0.7214,442.5,187.5,417,160,468,215,-0.087,-0.111,15.056,14.663,52.785
274,136,car,0.5926,637.5,297.5,571,233,704,362,-0.087,-0.111,8.253,5.918,21.305
275,123,car,0.5074,400.5,50.0,389,39,412,61,-0.035,-0.084,36.896,12.153,43.749
275,125,car,0.4136,528.0,74.5,513,61,543,88,-0.035,-0.084,30.569,12.023,43.282
275,132,car,0.6953,446.0,65.0,432,52,460,78,-0.035,-0.084,31.446,13.286,47.829
275,135,car,0.8239,443.0,179.0,418,153,468,205,-0.035,-0.084,16.091,15.752,56.707
275,136,car,0.6129,628.5,283.0,566,223,691,343,-0.035,-0.084,9.535,6.569,23.648
275,138,truck,0.5587,630.0,283.5,568,226,692,341,-0.035,-0.084,9.416,0.0,0.0
276,123,car,0.525,400.5,48.0,389,37,412,59,-0.052,-0.119,39.435,13.195,47.501
276,125,car,0.5564,526.5,72.5,511,60,542,85,-0.052,-0.119,32.311,13.047,46.968
276,132,car,0.5995,445.5,63.0,431,50,460,76,-0.052,-0.119,33.912,14.313,51.526
276,135,car,0.8182,442.5,170.5,419,146,466,195,-0.052,-0.119,17.091,16.868,60.725
276,136,car,0.6581,620.0,269.5,561,214,679,325,-0.052,-0.119,10.831,7.724,27.808
277,123,car,0.6675,401.5,46.5,390,36,413,57,-0.115,-0.102,41.407,14.966,53.877
277,125,car,0.5503,525.5,70.0,510,58,541,82,-0.115,-0.102,33.986,14.67,52.812
277,132,car,0.6899,445.5,61.0,431,49,460,73,-0.115,-0.102,36.096,16.218,58.385
277,135,car,0.8133,443.0,163.5,420,140,466,187,-0.115,-0.102,17.771,17.749,63.897
277,136,car,0.543,613.0,257.0,557,205,669,309,-0.115,-0.102,11.413,8.784,31.623
277,138,truck,0.4969,615.5,258.0,560,207,671,309,-0.115,-0.102,11.361,0.0,0.0
278,123,car,0.6223,402.5,45.0,391,35,414,55,-0.054,-0.046,42.784,16.857,60.687
278,125,car,0.6252,524.5,68.5,509,57,540,80,-0.054,-0.046,34.719,15.974,57.505
278,132,car,0.659,445.5,59.5,431,47,460,72,-0.054,-0.046,37.291,18.026,64.893
278,135,car,0.8198,443.0,156.0,420,133,466,179,-0.054,-0.046,18.47,18.488,66.556
278,136,truck,0.5582,607.0,245.0,554,196,660,294,-0.054,-0.046,12.04,9.785,35.225
278,138,car,0.5084,608.5,245.5,555,198,662,293,-0.054,-0.046,12.017,0.0,0.0
279,123,car,0.5715,403.0,44.0,392,34,414,54,-0.1,-0.052,43.379,18.225,65.612
279,125,car,0.5861,523.5,66.0,509,54,538,78,-0.1,-0.052,35.758,17.325,62.37
279,132,car,0.6687,445.5,57.5,432,45,459,70,-0.1,-0.052,38.331,19.669,70.809
279,135,car,0.7947,442.5,150.0,420,128,465,172,-0.1,-0.052,19.207,19.088,68.715
279,136,truck,0.3981,601.5,234.0,551,188,652,280,-0.1,-0.052,12.619,10.681,38.452
279,138,car,0.6053,602.5,234.5,552,190,653,279,-0.1,-0.052,12.593,0.0,0.0
280,123,car,0.6025,403.0,43.0,392,33,414,53,-0.028,-0.056,43.867,19.148,68.934
280,125,car,0.602,522.5,64.5,508,53,537,76,-0.028,-0.056,36.242,18.201,65.524
280,132,car,0.7349,445.5,55.5,432,43,459,68,-0.028,-0.056,39.185,21.011,75.638
280,135,car,0.8094,442.0,144.5,420,123,464,166,-0.028,-0.056,19.958,19.601,70.564
281,123,car,0.5807,404.0,41.0,393,31,415,51,-0.044,-0.066,42.49,18.57,66.851
281,125,car,0.6218,522.0,62.5,508,51,536,74,-0.044,-0.066,32.995,16.345,58.841
281,132,car,0.7113,445.0,54.0,432,42,458,66,-0.044,-0.066,35.783,19.23,69.227
281,135,car,0.7678,442.5,138.5,421,118,464,159,-0.044,-0.066,16.833,17.641,63.507
281,136,car,0.4495,590.5,214.5,544,172,637,257,-0.044,-0.066,11.095,10.614,38.211
282,123,car,0.6108,404.5,40.0,394,30,415,50,-0.042,-0.033,42.509,17.681,63.652
282,125,car,0.6406,521.0,61.5,507,50,535,73,-0.042,-0.033,33.005,14.583,52.499
282,132,car,0.5504,445.0,52.0,432,40,458,64,-0.042,-0.033,36.002,17.729,63.824
282,135,car,0.7152,442.5,133.0,422,114,463,152,-0.042,-0.033,17.066,15.989,57.56
282,136,car,0.5332,585.5,205.5,541,165,630,246,-0.042,-0.033,11.458,10.205,36.739
283,123,car,0.599,404.5,39.5,394,30,415,49,-0.042,-0.045,42.521,16.618,59.823
283,125,car,0.7396,520.0,60.0,506,49,534,71,-0.042,-0.045,33.047,13.077,47.078
283,132,car,0.6302,445.0,51.0,432,39,458,63,-0.042,-0.045,36.191,16.303,58.692
283,135,car,0.7169,442.0,128.0,422,109,462,147,-0.042,-0.045,18.001,15.018,54.066
283,136,truck,0.5036,581.0,197.0,538,157,624,237,-0.042,-0.045,11.932,9.993,35.977
283,145,car,0.4886,284.5,21.0,273,11,296,31,-0.042,-0.045,49.66,0.0,0.0
284,123,car,0.571,405.5,38.0,395,29,416,47,-0.074,-0.059,42.741,15.74,56.662
284,125,car,0.769,519.5,58.5,506,47,533,70,-0.074,-0.059,33.496,11.993,43.174
284,132,car,0.6807,445.5,49.5,433,38,458,61,-0.074,-0.059,36.414,15.12,54.433
284,135,car,0.7909,442.5,123.0,423,105,462,141,-0.074,-0.059,20.361,15.531,55.911
284,136,car,0.5711,576.0,189.0,535,151,617,227,-0.074,-0.059,12.669,10.098,36.351
284,145,car,0.5492,283.0,22.0,271,12,295,32,-0.074,-0.059,49.619,0.0,0.0
285,123,car,0.5794,405.5,37.0,395,28,416,46,0.028,-0.056,43.186,15.012,54.044
285,125,car,0.7841,519.0,57.0,506,46,532,68,0.028,-0.056,34.646,11.714,42.171
285,132,car,0.7239,445.0,48.0,433,37,457,59,0.028,-0.056,37.483,14.651,52.742
285,135,car,0.7757,442.5,119.0,424,102,461,136,0.028,-0.056,22.162,16.731,60.233
285,136,car,0.5731,572.5,181.5,533,144,612,219,0.028,-0.056,14.384,11.071,39.854
285,145,car,0.5528,281.0,23.0,269,13,293,33,0.028,-0.056,49.66,0.0,0.0
286,123,car,0.6021,406.0,36.0,395,27,417,45,-0.018,-0.032,44.686,15.174,54.626
286,125,car,0.7259,519.0,56.0,506,45,532,67,-0.018,-0.032,36.008,12.157,43.764
286,132,car,0.7338,445.0,46.0,433,35,457,57,-0.018,-0.032,41.048,16.428,59.141
286,135,car,0.7535,442.5,114.0,424,97,461,131,-0.018,-0.032,23.527,18.178,65.44
286,136,car,0.4724,569.0,174.0,531,137,607,211,-0.018,-0.032,15.81,12.484,44.943
286,145,car,0.7151,278.5,24.0,267,14,290,34,-0.018,-0.032,49.697,0.0,0.0
286,147,truck,0.4003,570.5,177.0,533,139,608,215,-0.018,-0.032,15.341,0.0,0.0
287,123,car,0.679,406.0,34.5,395,26,417,43,-0.049,-0.022,47.491,16.9,60.839
287,125,car,0.5725,518.0,54.0,505,43,531,65,-0.049,-0.022,38.887,14.204,51.133
287,132,car,0.7951,445.0,44.5,433,33,457,56,-0.049,-0.022,43.674,19.101,68.762
287,135,car,0.8038,442.0,110.5,424,94,460,127,-0.049,-0.022,24.086,19.168,69.006
287,136,car,0.49,564.5,168.5,528,133,601,204,-0.049,-0.022,16.463,13.637,49.094
287,145,car,0.6611,276.5,25.0,265,15,288,35,-0.049,-0.022,49.692,4.614,16.61
288,123,car,0.6565,406.5,33.0,396,24,417,42,-0.046,-0.054,49.973,19.463,70.066
288,125,car,0.676,517.5,53.0,505,42,530,64,-0.046,-0.054,39.929,16.029,57.704
288,132,car,0.7367,445.0,43.0,433,32,457,54,-0.046,-0.054,45.256,21.686,78.07
288,135,car,0.8164,442.0,107.0,424,91,460,123,-0.046,-0.054,24.764,19.923,71.725
288,136,car,0.4566,561.5,163.0,526,129,597,197,-0.046,-0.054,16.961,14.517,52.26
288,145,car,0.6356,274.0,25.5,262,15,286,36,-0.046,-0.054,49.924,4.861,17.5
288,147,truck,0.401,563.0,166.0,527,132,599,200,-0.046,-0.054,16.7,0.0,0.0
289,123,car,0.6524,407.0,32.0,397,23,417,41,-0.041,-0.028,51.305,21.764,78.35
289,125,car,0.5942,516.5,52.0,504,41,529,63,-0.041,-0.028,40.94,17.676,63.634
289,132,car,0.6996,445.5,41.5,434,31,457,52,-0.041,-0.028,46.327,23.819,85.748
289,135,car,0.8034,442.0,103.0,425,87,459,119,-0.041,-0.028,25.645,20.649,74.336
289,145,car,0.6425,271.5,27.0,259,16,284,38,-0.041,-0.028,49.785,5.158,18.568
289,147,car,0.4305,560.0,159.5,526,127,594,192,-0.041,-0.028,17.269,0.0,0.0
290,123,car,0.5973,407.5,31.0,398,22,417,40,-0.029,-0.015,52.482,23.75,85.498
290,125,car,0.5526,515.5,50.0,504,39,527,61,-0.029,-0.015,42.055,19.301,69.482
290,132,car,0.5847,445.0,40.5,434,30,456,51,-0.029,-0.015,47.02,25.271,90.975
290,135,car,0.8144,442.0,99.5,425,84,459,115,-0.029,-0.015,26.412,21.227,76.416
290,145,car,0.6474,269.5,28.5,257,18,282,39,-0.029,-0.015,49.425,5.12,18.434
290,147,car,0.3203,556.5,153.5,524,122,589,185,-0.029,-0.015,17.847,0.0,0.0
291,123,car,0.6471,408.5,29.5,399,20,418,39,0.019,-0.027,48.473,22.03,79.309
291,125,car,0.6055,515.0,49.5,503,39,527,60,0.019,-0.027,37.151,16.685,60.065
291,132,car,0.6175,445.0,39.0,434,29,456,49,0.019,-0.027,40.569,21.83,78.587
291,135,car,0.811,442.0,96.5,425,81,459,112,0.019,-0.027,22.301,18.575,66.871
291,145,car,0.6726,267.5,30.0,255,19,280,41,0.019,-0.027,40.154,18.785,67.625
291,147,car,0.4133,556.5,152.0,528,125,585,179,0.019,-0.027,14.946,6.882,24.776
292,123,car,0.5536,408.5,28.0,399,19,418,37,0.004,0.001,48.641,20.43,73.549
292,125,car,0.6716,514.0,48.0,502,38,526,58,0.004,0.001,37.224,14.67,52.814
292,132,car,0.5561,445.0,37.5,434,28,456,47,0.004,0.001,40.879,18.954,68.233
292,135,car,0.811,442.0,93.0,426,78,458,108,0.004,0.001,22.488,16.438,59.179
292,145,car,0.6806,264.5,30.5,251,19,278,42,0.004,0.001,40.166,25.088,90.317
292,147,car,0.3559,551.5,144.5,522,116,581,173,0.004,0.001,15.017,7.722,27.799
293,123,car,0.4859,409.0,27.5,399,19,419,36,-0.016,-0.036,48.866,18.873,67.942
293,125,car,0.719,513.5,47.0,502,37,525,57,-0.016,-0.036,37.237,12.809,46.112
293,132,car,0.6233,445.0,36.5,434,27,456,46,-0.016,-0.036,41.318,16.596,59.746
293,135,car,0.7852,441.5,89.5,425,75,458,104,-0.016,-0.036,23.303,15.027,54.097
293,145,car,0.6731,262.0,31.0,249,19,275,43,-0.016,-0.036,40.154,27.302,98.285
293,147,car,0.5664,548.5,139.0,520,111,577,167,-0.016,-0.036,15.244,7.259,26.133
294,123,car,0.5171,409.0,26.5,399,18,419,35,-0.019,-0.053,49.343,17.706,63.743
294,125,car,0.7915,512.5,46.0,501,36,524,56,-0.019,-0.053,37.674,11.475,41.312
294,132,car,0.5879,445.5,35.5,434,26,457,45,-0.019,-0.053,42.388,15.241,54.869
294,135,car,0.7566,442.0,87.0,426,73,458,101,-0.019,-0.053,24.38,14.33,51.589
294,145,car,0.7679,259.5,33.0,246,21,273,45,-0.019,-0.053,40.005,27.45,98.819
294,147,car,0.5282,546.5,134.5,519,107,574,162,-0.019,-0.053,15.624,6.116,22.018
295,123,car,0.4618,410.0,25.0,400,17,420,33,-0.01,-0.009,50.561,17.381,62.571
295,125,car,0.7577,512.0,44.0,500,34,524,54,-0.01,-0.009,39.617,11.633,41.879
295,132,car,0.6696,446.0,34.0,434,24,458,44,-0.01,-0.009,45.363,15.982,57.537
295,135,car,0.7723,441.5,83.5,426,70,457,97,-0.01,-0.009,27.123,15.38,55.367
295,145,car,0.7276,256.5,35.0,242,24,271,46,-0.01,-0.009,39.889,27.031,97.312
295,147,car,0.6613,544.5,131.0,517,104,572,158,-0.01,-0.009,16.337,4.946,17.806
296,123,car,0.3926,410.5,25.0,401,17,420,33,-0.013,-0.027,50.385,16.493,59.376
296,125,car,0.7403,511.0,42.5,499,33,523,52,-0.013,-0.027,41.904,12.991,46.769
296,132,car,0.6328,446.0,33.0,434,23,458,43,-0.013,-0.027,47.588,17.631,63.472
296,135,car,0.7639,442.0,81.5,427,68,457,95,-0.013,-0.027,28.168,16.45,59.219
296,145,car,0.6962,253.5,37.0,239,26,268,48,-0.013,-0.027,39.743,26.251,94.504
296,147,car,0.4791,543.5,128.5,519,104,568,153,-0.013,-0.027,16.594,4.142,14.91
297,123,car,0.2856,410.5,24.5,401,17,420,32,0.025,-0.084,50.851,15.836,57.01
297,125,car,0.7615,510.0,41.5,498,32,522,51,0.025,-0.084,43.237,14.559,52.411
297,132,car,0.549,445.5,32.0,434,22,457,42,0.025,-0.084,48.8,19.256,69.322
297,135,car,0.7679,442.0,78.5,427,65,457,92,0.025,-0.084,29.264,17.639,63.502
297,145,car,0.6268,250.0,39.0,236,28,264,50,0.025,-0.084,39.656,25.199,90.718
297,147,car,0.5606,541.0,125.0,516,101,566,149,0.025,-0.084,18.654,6.619,23.828
298,123,car,0.3192,411.0,24.0,402,17,420,31,0.006,0.042,51.651,15.576,56.072
298,125,car,0.7238,509.5,40.5,498,31,521,50,0.006,0.042,44.417,16.195,58.302
298,132,car,0.6373,445.5,31.0,434,21,457,41,0.006,0.042,50.112,20.917,75.302
298,135,car,0.7422,442.5,76.0,428,63,457,89,0.006,0.042,29.948,18.572,66.859
298,145,car,0.7405,247.5,39.5,233,28,262,51,0.006,0.042,39.875,23.585,84.907
298,147,car,0.6639,539.0,120.5,515,98,563,143,0.006,0.042,20.553,8.359,30.093
299,123,car,0.2794,411.0,23.5,402,16,420,31,0.01,-0.002,52.123,15.348,55.252
299,125,car,0.6807,509.0,39.5,498,30,520,49,0.01,-0.002,45.28,17.599,63.356
299,132,car,0.6491,445.5,30.0,435,21,456,39,0.01,-0.002,50.952,22.219,79.988
299,135,car,0.7843,442.5,74.0,428,61,457,87,0.01,-0.002,30.519,19.199,69.116
299,145,car,0.755,244.5,41.0,229,29,260,53,0.01,-0.002,39.828,22.055,79.397
299,147,car,0.6995,537.5,116.5,515,94,560,139,0.01,-0.002,21.635,10.153,36.549
300,125,car,0.6095,508.5,39.0,498,30,519,48,0.01,-0.016,45.7,18.479,66.525
300,132,car,0.5275,445.0,29.5,434,20,456,39,0.01,-0.016,51.481,22.992,82.771
300,135,car,0.7238,443.0,71.5,429,59,457,84,0.01,-0.016,31.232,19.743,71.075
300,145,car,0.6731,242.0,42.5,226,30,258,55,0.01,-0.016,39.686,20.558,74.009
300,147,car,0.5543,535.0,113.5,513,92,557,135,0.01,-0.016,22.392,11.707,42.146
301,125,car,0.7146,508.5,37.5,498,28,519,47,0.056,0.087,36.221,19.102,68.769
301,132,car,0.4047,445.5,27.5,435,20,456,35,0.056,0.087,40.225,23.605,84.977
301,135,car,0.7479,442.5,69.5,429,57,456,82,0.056,0.087,24.011,18.754,67.516
301,145,car,0.7828,238.0,43.5,222,30,254,57,0.056,0.087,28.14,26.725,96.211
301,147,car,0.6913,532.5,109.5,511,88,554,131,0.056,0.087,16.539,11.352,40.867
302,125,car,0.6969,507.5,36.5,497,27,518,46,0.033,-0.03,36.297,19.126,68.852
302,132,car,0.342,445.0,26.0,435,19,455,33,0.033,-0.03,41.106,22.948,82.615
302,135,car,0.7867,442.0,67.0,429,55,455,79,0.033,-0.03,24.066,17.58,63.287
302,145,car,0.7221,234.5,44.5,218,31,251,58,0.033,-0.03,28.068,30.746,110.687
302,147,car,0.6298,531.0,107.0,510,86,552,128,0.033,-0.03,16.544,10.799,38.876
303,125,car,0.6994,507.5,36.0,497,27,518,45,-0.014,-0.033,36.341,18.666,67.196
303,132,car,0.4325,445.0,25.0,435,18,455,32,-0.014,-0.033,42.142,21.263,76.545
303,135,car,0.7885,441.5,65.0,428,53,455,77,-0.014,-0.033,24.302,16.182,58.255
303,145,car,0.5607,231.0,46.5,214,33,248,60,-0.014,-0.033,27.943,33.101,119.164
303,147,car,0.6153,529.5,104.0,509,84,550,124,-0.014,-0.033,16.647,10.106,36.383
304,125,car,0.6794,507.5,35.0,497,26,518,44,-0.009,-0.016,36.432,17.827,64.177
304,132,car,0.5109,445.5,24.5,435,17,456,32,-0.009,-0.016,43.502,18.676,67.234
304,135,car,0.6834,441.5,63.5,428,52,455,75,-0.009,-0.016,24.666,14.568,52.445
304,145,car,0.5898,227.5,49.0,211,35,244,63,-0.009,-0.016,27.836,34.165,122.994
304,147,car,0.6833,527.0,101.0,506,81,548,121,-0.009,-0.016,16.903,9.289,33.441
304,155,car,0.4088,225.5,9.5,212,1,239,18,-0.009,-0.016,52.783,0.0,0.0
304,123,car,0.2784,413.0,18.0,405,9,421,27,-0.009,-0.016,46.533,15.339,55.222
305,125,car,0.657,506.5,34.0,496,25,517,43,0.051,-0.048,37.111,16.41,59.074
305,132,car,0.4221,445.0,23.5,435,16,455,31,0.051,-0.048,44.65,16.306,58.702
305,135,car,0.6386,441.5,61.5,428,50,455,73,0.051,-0.048,26.075,12.804,46.094
305,145,car,0.6458,223.5,51.0,206,37,241,65,0.051,-0.048,27.872,34.106,122.783
305,147,car,0.685,525.0,98.0,505,78,545,118,0.051,-0.048,17.241,8.343,30.036
305,155,car,0.5547,224.0,10.0,210,1,238,19,0.051,-0.048,52.809,0.0,0.0
305,123,car,0.2676,413.5,16.5,405,7,422,26,0.051,-0.048,47.269,14.236,51.25
306,125,car,0.7725,505.5,33.5,495,25,516,42,-0.071,-0.029,38.178,14.345,51.643
306,132,car,0.4661,445.0,23.0,435,15,455,31,-0.071,-0.029,45.52,14.72,52.993
306,135,car,0.6779,441.5,59.5,428,48,455,71,-0.071,-0.029,27.933,12.434,44.763
306,145,car,0.6949,220.0,53.0,202,39,238,67,-0.071,-0.029,27.831,33.34,120.024
306,147,car,0.4712,522.5,95.5,502,76,543,115,-0.071,-0.029,18.223,7.662,27.584
306,155,car,0.5306,223.0,10.0,209,0,237,20,-0.071,-0.029,52.859,0.0,0.0
306,123,car,0.2928,413.5,16.0,405,7,422,25,-0.071,-0.029,47.701,12.833,46.198
307,125,car,0.7812,505.5,32.5,495,24,516,41,-0.016,-0.055,39.498,12.901,46.445
307,132,car,0.4635,445.0,21.5,435,14,455,29,-0.016,-0.055,47.278,14.542,52.351
307,135,car,0.7659,441.5,57.0,428,46,455,68,-0.016,-0.055,29.559,13.014,46.85
307,145,car,0.5823,216.0,55.0,198,41,234,69,-0.016,-0.055,27.879,32.004,115.214
307,147,car,0.6395,521.0,92.5,501,73,541,112,-0.016,-0.055,19.468,7.797,28.07
307,155,car,0.3278,220.5,11.0,207,2,234,20,-0.016,-0.055,52.853,0.0,0.0
308,125,car,0.7695,504.5,32.0,494,23,515,41,0.001,0.042,40.453,12.184,43.863
308,132,car,0.4249,445.5,21.5,436,14,455,29,0.001,0.042,47.141,13.887,49.993
308,135,car,0.7184,441.0,56.0,428,45,454,67,0.001,0.042,30.095,13.447,48.411
308,145,car,0.5677,211.5,56.5,193,42,230,71,0.001,0.042,27.963,30.234,108.842
308,147,car,0.3804,519.5,90.5,500,72,539,109,0.001,0.042,20.477,8.367,30.123
309,125,car,0.7404,504.0,31.0,494,22,514,40,0.015,0.014,41.74,12.297,44.268
309,132,car,0.5558,445.5,20.5,435,12,456,29,0.015,0.014,48.251,13.932,50.154
309,135,car,0.6709,441.0,54.0,428,43,454,65,0.015,0.014,30.992,14.117,50.82
309,145,car,0.6654,207.0,59.0,188,44,226,74,0.015,0.014,27.781,28.482,102.536
309,147,car,0.4592,518.5,87.5,499,69,538,106,0.015,0.014,21.566,9.361,33.699
309,155,car,0.3367,216.0,13.5,203,5,229,22,0.015,0.014,52.728,5.833,20.997
310,125,car,0.7374,503.5,30.0,494,22,513,38,-0.025,0.004,42.776,12.819,46.148
310,132,car,0.567,446.0,20.0,436,12,456,28,-0.025,0.004,48.626,13.882,49.974
310,135,car,0.6025,441.5,52.0,429,42,454,62,-0.025,0.004,31.851,14.884,53.581
310,145,car,0.6492,202.0,61.0,182,46,222,76,-0.025,0.004,27.081,27.027,97.297
310,147,car,0.376,517.5,85.0,499,67,536,103,-0.025,0.004,22.395,10.422,37.517
310,155,car,0.3448,213.5,14.5,200,6,227,23,-0.025,0.004,52.691,5.706,20.54
311,125,car,0.7215,503.0,29.5,493,21,513,38,0.051,-0.001,43.211,13.174,47.428
311,132,car,0.5665,445.5,19.0,435,11,456,27,0.051,-0.001,48.505,13.51,48.636
311,135,car,0.5849,441.0,51.0,428,41,454,61,0.051,-0.001,30.812,14.367,51.722
311,145,car,0.6596,197.0,63.0,176,48,218,78,0.051,-0.001,22.061,28.789,103.64
311,147,truck,0.4135,515.5,82.5,497,65,534,100,0.051,-0.001,21.175,10.167,36.6
311,155,car,0.5701,212.0,14.0,197,5,227,23,0.051,-0.001,50.507,7.258,26.129
312,125,car,0.6953,503.0,28.5,493,20,513,37,0.004,0.012,43.353,13.291,47.847
312,132,car,0.5061,445.5,19.0,435,11,456,27,0.004,0.012,48.505,12.853,46.271
312,135,car,0.6365,441.5,49.0,429,39,454,59,0.004,0.012,30.99,13.873,49.941
312,145,car,0.697,192.5,65.5,171,50,214,81,0.004,0.012,21.984,29.504,106.216
312,147,car,0.4,514.5,79.5,496,62,533,97,0.004,0.012,21.33,9.901,35.642
312,155,car,0.4856,209.5,13.5,194,4,225,23,0.004,0.012,50.759,7.513,27.047
313,125,car,0.6577,502.5,27.5,492,19,513,36,0.032,-0.02,43.707,13.318,47.946
313,132,car,0.3676,445.0,18.0,434,11,456,25,0.032,-0.02,49.103,12.595,45.343
313,135,car,0.6407,441.5,47.5,429,38,454,57,0.032,-0.02,31.375,13.441,48.386
313,145,car,0.5897,186.5,68.5,165,53,208,84,0.032,-0.02,21.928,29.401,105.844
313,147,car,0.5731,514.0,77.5,496,60,532,95,0.032,-0.02,21.482,9.558,34.41
313,155,car,0.5779,207.0,14.5,191,5,223,24,0.032,-0.02,50.666,7.848,28.252
313,159,car,0.3783,261.5,8.0,252,2,271,14,0.032,-0.02,56.448,0.0,0.0
314,125,car,0.6204,502.0,26.5,491,18,513,35,-0.034,-0.009,44.452,13.563,48.825
314,132,car,0.3631,445.0,17.0,434,10,456,24,-0.034,-0.009,50.019,12.765,45.955
314,135,car,0.6353,441.5,46.0,429,36,454,56,-0.034,-0.009,32.248,13.429,48.346
314,145,car,0.7191,181.5,71.0,159,55,204,87,-0.034,-0.009,22.317,28.393,102.215
314,147,car,0.5125,513.0,76.0,495,58,531,94,-0.034,-0.009,21.662,9.208,33.148
314,155,car,0.6716,205.0,14.5,189,4,221,25,-0.034,-0.009,50.989,6.913,24.888
314,159,car,0.3179,260.5,8.5,250,2,271,15,-0.034,-0.009,56.253,0.0,0.0
315,125,car,0.5626,501.5,25.5,491,17,512,34,-0.029,0.057,45.157,13.931,50.153
315,132,car,0.2755,445.0,16.0,434,9,456,23,-0.029,0.057,51.024,13.306,47.902
315,135,car,0.6064,442.0,44.5,430,35,454,54,-0.029,0.057,34.132,14.407,51.864
315,145,car,0.6734,176.5,74.0,153,57,200,91,-0.029,0.057,22.477,26.951,97.025
315,147,truck,0.264,511.0,74.5,493,57,529,92,-0.029,0.057,21.988,8.982,32.334
315,155,car,0.6834,203.0,15.0,187,4,219,26,-0.029,0.057,51.023,6.243,22.474
316,125,car,0.4424,501.5,25.0,491,17,512,33,0.013,-0.017,45.85,14.322,51.561
316,132,car,0.253,445.0,16.0,434,9,456,23,0.013,-0.017,51.024,13.303,47.892
316,135,car,0.6782,442.0,43.0,430,34,454,52,0.013,-0.017,36.332,16.277,58.596
316,145,car,0.6351,170.5,77.5,146,60,195,95,0.013,-0.017,22.526,25.333,91.198
316,155,car,0.6422,201.5,15.0,185,4,218,26,0.013,-0.017,51.375,5.772,20.779
317,125,car,0.4614,500.5,23.5,490,16,511,31,-0.022,0.014,48.061,15.88,57.168
317,135,car,0.6421,442.0,41.5,430,32,454,51,-0.022,0.014,37.671,18.188,65.478
317,145,car,0.7622,163.5,80.0,139,62,188,98,-0.022,0.014,22.726,23.464,84.472
317,155,car,0.498,199.0,16.0,182,5,216,27,-0.022,0.014,51.224,5.721,20.595
318,125,car,0.4329,500.5,23.5,491,16,510,31,-0.085,0.002,47.586,16.229,58.425
318,135,car,0.6393,442.0,40.5,430,31,454,50,-0.085,0.002,38.422,19.653,70.75
318,145,car,0.8124,157.0,82.0,131,63,183,101,-0.085,0.002,22.766,21.567,77.641
318,155,car,0.6008,197.0,17.0,180,6,214,28,-0.085,0.002,50.996,5.604,20.173
318,147,car,0.5146,507.0,68.5,489,52,525,85,-0.085,0.002,26.085,11.538,41.539
319,125,car,0.2551,500.0,22.5,491,15,509,30,0.005,0.007,48.916,17.098,61.553
319,135,car,0.5836,441.5,39.0,430,30,453,48,0.005,0.007,39.305,20.908,75.27
319,145,car,0.7386,150.0,85.0,124,65,176,105,0.005,0.007,22.501,19.991,71.967
319,155,car,0.6019,194.5,17.5,177,7,212,28,0.005,0.007,51.108,5.548,19.971
319,147,car,0.6159,506.5,67.0,489,51,524,83,0.005,0.007,27.083,13.664,49.191
319,159,car,0.4309,251.5,11.5,241,4,262,19,0.005,0.007,55.382,0.0,0.0
320,125,car,0.4273,499.5,22.0,491,15,508,29,-0.04,0.029,49.466,17.688,63.677
320,135,car,0.6193,441.5,38.0,431,29,452,47,-0.04,0.029,39.852,21.703,78.13
320,145,car,0.7089,143.0,88.5,116,68,170,109,-0.04,0.029,21.762,18.899,68.037
320,155,car,0.596,193.0,17.5,176,6,210,29,-0.04,0.029,51.69,5.238,18.855
320,147,car,0.572,505.5,64.5,489,49,522,80,-0.04,0.029,28.452,15.861,57.1
320,159,car,0.4766,250.0,12.0,239,5,261,19,-0.04,0.029,55.151,0.0,0.0
320,132,car,0.2588,444.5,12.5,435,6,454,19,-0.04,0.029,55.158,16.227,58.418
321,125,car,0.6206,499.5,21.0,491,13,508,29,0.012,0.009,44.001,16.075,57.868
321,135,car,0.5686,441.5,37.0,431,28,452,46,0.012,0.009,33.925,19.142,68.913
321,145,car,0.7865,135.5,93.0,108,72,163,114,0.012,0.009,16.793,21.045,75.761
321,155,car,0.6673,191.0,18.5,173,7,209,30,0.012,0.009,45.029,6.809,24.512
321,147,car,0.6554,504.5,63.0,488,48,521,78,0.012,0.009,23.554,13.849,49.858
321,159,car,0.4489,248.0,12.5,237,5,259,20,0.012,0.009,51.141,17.897,64.428
321,132,car,0.2835,445.0,12.0,436,5,454,19,0.012,0.009,52.156,15.644,56.319
322,125,car,0.5078,499.0,20.5,490,13,508,28,0.024,0.018,44.077,14.526,52.295
322,135,car,0.5639,442.0,35.0,431,26,453,44,0.024,0.018,34.635,16.681,60.051
322,145,car,0.7571,127.0,96.5,98,75,156,118,0.024,0.018,16.589,22.208,79.95
322,155,car,0.5818,188.0,19.0,169,7,207,31,0.024,0.018,45.083,8.851,31.865
322,147,car,0.4661,504.0,61.5,488,47,520,76,0.024,0.018,23.579,12.111,43.6
322,159,car,0.3551,246.5,14.0,235,7,258,21,0.024,0.018,50.037,20.371,73.335
323,125,car,0.3855,498.5,19.5,490,12,507,27,-0.054,0.0,44.273,12.955,46.636
323,135,car,0.4594,442.0,34.5,431,26,453,43,-0.054,0.0,34.895,14.312,51.522
323,145,car,0.7884,117.5,101.0,87,79,148,123,-0.054,0.0,16.459,22.67,81.611
323,155,car,0.5975,186.5,19.0,167,7,206,31,-0.054,0.0,45.258,10.593,38.134
323,147,car,0.2796,502.5,60.0,487,46,518,74,-0.054,0.0,23.594,10.655,38.359
323,159,car,0.4654,244.5,14.5,233,7,256,22,-0.054,0.0,49.758,20.871,75.135
324,125,car,0.3554,498.0,19.5,489,12,507,27,0.082,-0.009,44.329,11.53,41.509
324,135,car,0.4516,442.0,33.5,431,25,453,42,0.082,-0.009,35.641,12.81,46.116
324,145,car,0.7965,109.0,105.0,77,82,141,128,0.082,-0.009,16.416,22.517,81.061
324,155,car,0.6422,183.0,20.0,164,8,202,32,0.082,-0.009,45.122,11.77,42.374
324,147,car,0.4024,501.5,58.0,486,43,517,73,0.082,-0.009,23.851,9.558,34.408
324,159,car,0.549,242.0,15.0,230,7,254,23,0.082,-0.009,49.589,20.338,73.218
325,125,car,0.3757,498.0,18.5,489,11,507,26,-0.103,-0.009,44.873,10.062,36.225
325,135,car,0.4842,442.5,33.0,432,25,453,41,-0.103,-0.009,35.992,11.653,41.951
325,145,car,0.7941,99.5,109.0,66,85,133,133,-0.103,-0.009,16.405,21.914,78.891
325,155,car,0.6578,180.5,20.5,162,8,199,33,-0.103,-0.009,45.229,12.239,44.059
325,147,car,0.4769,501.0,56.0,486,41,516,71,-0.103,-0.009,24.311,8.842,31.831
325,159,car,0.6134,240.0,15.5,229,8,251,23,-0.103,-0.009,49.393,19.294,69.457
326,125,car,0.26,497.0,18.0,488,10,506,26,0.003,0.037,45.268,8.969,32.288
326,135,car,0.514,442.0,31.5,432,23,452,40,0.003,0.037,37.459,11.624,41.847
326,145,car,0.7826,90.0,114.0,55,89,125,139,0.003,0.037,16.312,21.104,75.974
326,155,car,0.6131,178.0,21.0,158,9,198,33,0.003,0.037,45.469,12.151,43.742
326,147,car,0.4027,500.0,54.5,485,39,515,70,0.003,0.037,25.247,8.726,31.413
326,159,car,0.6525,237.5,16.5,226,9,249,24,0.003,0.037,49.239,18.118,65.226
327,135,car,0.5207,442.0,28.5,432,19,452,38,0.001,0.019,40.828,13.75,49.5
327,145,car,0.7531,80.0,119.5,44,94,116,145,0.001,0.019,15.937,20.334,73.202
327,155,car,0.5568,174.0,23.0,154,11,194,35,0.001,0.019,44.928,12.438,44.777
327,147,car,0.4607,499.5,53.0,485,38,514,68,0.001,0.019,26.359,9.199,33.117
327,159,car,0.5945,236.0,17.0,225,10,247,24,0.001,0.019,49.184,16.495,59.384
328,135,car,0.5445,442.0,27.0,432,17,452,37,-0.026,-0.015,42.385,15.947,57.411
328,145,car,0.6334,68.0,124.5,30,97,106,152,-0.026,-0.015,15.396,19.682,70.855
328,155,car,0.6729,171.5,23.0,151,10,192,36,-0.026,-0.015,45.578,11.718,42.183
328,147,car,0.3932,498.5,52.0,484,38,513,66,-0.026,-0.015,27.817,10.301,37.082
328,159,car,0.5566,234.0,17.5,223,10,245,25,-0.026,-0.015,49.256,15.712,56.562
329,135,car,0.4781,442.0,26.0,432,16,452,36,-0.052,0.032,43.412,17.862,64.305
329,145,car,0.8226,55.5,129.5,15,101,96,158,-0.052,0.032,15.073,19.001,68.402
329,155,car,0.6326,169.0,24.0,148,11,190,37,-0.052,0.032,45.38,11.173,40.222
329,147,car,0.4067,497.5,51.0,483,37,512,65,-0.052,0.032,28.701,11.471,41.297
329,159,car,0.6604,231.5,18.5,220,11,243,26,-0.052,0.032,49.0,15.054,54.194
329,168,car,0.4477,272.5,12.5,261,3,284,22,-0.052,0.032,53.409,0.0,0.0
330,135,car,0.4673,442.0,24.5,432,14,452,35,-0.006,0.007,44.934,19.925,71.73
330,145,car,0.7838,43.5,135.0,2,105,85,165,-0.006,0.007,14.62,18.405,66.257
330,155,car,0.5903,166.5,24.5,145,11,188,38,-0.006,0.007,45.58,10.43,37.548
330,147,car,0.4523,497.0,50.0,482,36,512,64,-0.006,0.007,29.558,12.645,45.523
330,159,car,0.5465,228.5,19.5,217,12,240,27,-0.006,0.007,48.725,14.503,52.212
330,168,car,0.4161,271.0,13.0,260,3,282,23,-0.006,0.007,53.314,0.0,0.0
330,125,car,0.2558,496.0,14.0,487,6,505,22,-0.006,0.007,50.394,11.66,41.975
331,135,car,0.4367,442.5,23.0,432,13,453,33,0.05,-0.002,50.74,24.937,89.774
331,145,car,0.4483,36.5,142.0,0,112,73,172,0.05,-0.002,15.812,16.955,61.039
331,155,car,0.5847,162.5,25.5,141,12,184,39,0.05,-0.002,43.924,10.807,38.906
331,147,car,0.3874,496.5,49.0,482,35,511,63,0.05,-0.002,31.528,14.548,52.375
331,159,car,0.5653,226.5,20.5,215,13,238,28,0.05,-0.002,49.499,13.31,47.916
332,135,car,0.4611,442.5,22.5,432,13,453,32,-0.032,0.008,51.231,28.278,101.802
332,155,car,0.5566,160.5,26.0,139,13,182,39,-0.032,0.008,43.81,10.818,38.945
332,159,car,0.5373,223.5,21.5,212,14,235,29,-0.032,0.008,49.243,12.46,44.857
332,169,car,0.5448,158.5,29.0,139,18,178,40,-0.032,0.008,43.062,0.0,0.0
332,168,car,0.3111,266.5,14.5,255,4,278,25,-0.032,0.008,53.948,0.0,0.0
333,155,car,0.5257,157.0,27.0,135,13,179,41,-0.029,-0.039,43.666,10.807,38.904
333,159,car,0.647,221.0,22.5,209,15,233,30,-0.029,-0.039,49.009,11.704,42.133
333,145,car,0.6646,24.0,155.5,0,124,48,187,-0.029,-0.039,15.753,16.284,58.624
333,147,car,0.5579,495.5,46.5,481,33,510,60,-0.029,-0.039,31.744,15.825,56.97
334,155,car,0.6397,154.0,27.5,131,13,177,42,-0.079,-0.045,43.882,10.386,37.391
334,159,car,0.6684,219.0,23.0,207,15,231,31,-0.079,-0.045,48.931,10.858,39.087
334,145,car,0.5171,16.0,159.0,0,131,32,187,-0.079,-0.045,15.644,14.826,53.374
334,147,car,0.5919,495.0,44.5,481,31,509,58,-0.079,-0.045,31.958,16.539,59.539
334,135,car,0.2548,442.0,21.0,432,12,452,30,-0.079,-0.045,52.274,30.849,111.057
334,169,car,0.3451,152.5,30.5,131,20,174,41,-0.079,-0.045,43.127,0.0,0.0
334,168,car,0.3661,262.0,16.0,250,6,274,26,-0.079,-0.045,53.591,0.0,0.0
335,155,car,0.6295,150.5,28.5,127,14,174,43,-0.081,-0.032,43.907,10.007,36.025
335,159,car,0.7024,216.5,23.5,204,15,229,32,-0.081,-0.032,48.911,10.142,36.511
335,147,car,0.6194,494.0,44.0,481,31,507,57,-0.081,-0.032,31.81,16.517,59.46
335,135,car,0.2623,442.0,20.0,432,11,452,29,-0.081,-0.032,53.086,32.553,117.193
335,168,car,0.4624,260.0,17.5,248,8,272,27,-0.081,-0.032,53.517,8.593,30.936
336,155,car,0.4305,147.5,30.0,124,16,171,44,-0.035,-0.021,43.632,9.726,35.014
336,159,car,0.7272,214.0,24.0,201,15,227,33,-0.035,-0.021,48.888,9.49,34.164
336,147,car,0.5363,493.5,42.5,481,30,506,55,-0.035,-0.021,32.347,16.555,59.596
336,168,car,0.4958,258.0,18.5,246,9,270,28,-0.035,-0.021,53.473,7.26,26.136
337,155,car,0.5903,143.5,31.0,119,16,168,46,-0.069,-0.012,43.733,9.419,33.907
337,159,car,0.6792,211.5,25.0,198,16,225,34,-0.069,-0.012,48.733,8.991,32.367
337,147,car,0.6039,492.5,41.0,480,29,505,53,-0.069,-0.012,34.734,17.833,64.2
337,168,car,0.4797,256.0,19.5,244,10,268,29,-0.069,-0.012,53.415,6.335,22.805
337,172,car,0.6647,672.0,412.0,591,354,753,470,-0.069,-0.012,5.431,0.0,0.0
338,155,car,0.4993,141.0,31.5,116,17,166,46,0.009,-0.082,43.949,8.745,31.481
338,159,car,0.5702,209.0,26.0,196,18,222,34,0.009,-0.082,48.616,8.588,30.918
338,147,car,0.3633,492.5,40.0,480,28,505,52,0.009,-0.082,36.552,19.58,70.487
338,168,car,0.4563,254.5,20.0,242,10,267,30,0.009,-0.082,53.389,5.345,19.241
338,172,car,0.7772,663.5,403.0,584,335,743,471,0.009,-0.082,5.573,0.0,0.0
339,155,car,0.59,138.0,32.5,113,18,163,47,-0.018,-0.043,43.932,8.262,29.744
339,159,car,0.6281,205.5,27.5,192,19,219,36,-0.018,-0.043,48.219,8.559,30.811
339,168,car,0.4773,251.5,21.0,239,11,264,31,-0.018,-0.043,53.07,5.774,20.786
339,172,car,0.8356,650.0,387.5,576,314,724,461,-0.018,-0.043,5.828,0.0,0.0
340,155,car,0.5643,133.5,33.5,108,19,159,48,-0.026,-0.027,44.045,8.176,29.433
340,159,car,0.6721,202.5,28.5,189,20,216,37,-0.026,-0.027,47.842,8.468,30.483
340,168,car,0.396,249.5,21.5,237,11,262,32,-0.026,-0.027,52.599,5.573,20.064
340,172,car,0.7709,637.5,365.0,569,294,706,436,-0.026,-0.027,6.224,0.0,0.0
340,147,truck,0.2599,491.0,38.0,479,26,503,50,-0.026,-0.027,40.092,22.862,82.303
341,155,car,0.347,130.5,34.5,104,20,157,49,-0.096,-0.075,39.558,10.35,37.26
341,159,car,0.6616,199.5,29.0,186,20,213,38,-0.096,-0.075,43.301,11.008,39.628
341,168,car,0.5348,247.0,22.5,234,11,260,34,-0.096,-0.075,47.215,13.48,48.53
341,172,car,0.6945,625.5,342.0,562,277,689,407,-0.096,-0.075,5.781,5.082,18.294
341,147,car,0.2658,490.0,37.5,478,26,502,49,-0.096,-0.075,38.032,23.255,83.717
342,155,car,0.4053,127.0,35.5,101,21,153,50,-0.094,-0.041,39.301,11.845,42.642
342,159,car,0.6085,196.5,30.5,183,21,210,40,-0.094,-0.041,43.046,12.948,46.612
342,168,car,0.6789,244.5,23.5,231,12,258,35,-0.094,-0.041,47.112,15.121,54.435
342,172,car,0.7871,615.5,320.5,557,260,674,381,-0.094,-0.041,6.047,5.138,18.498
342,147,car,0.4215,489.5,36.0,478,25,501,47,-0.094,-0.041,38.185,23.195,83.501
343,155,car,0.4636,123.0,37.0,97,22,149,52,0.044,-0.096,39.143,12.822,46.158
343,159,car,0.6637,193.5,31.5,179,22,208,41,0.044,-0.096,43.03,14.042,50.55
343,168,car,0.6998,242.0,24.5,229,13,255,36,0.044,-0.096,47.011,16.058,57.807
343,172,car,0.7812,608.0,301.0,552,246,664,356,0.044,-0.096,6.494,5.197,18.707
343,147,car,0.5333,489.5,35.0,478,24,501,46,0.044,-0.096,38.38,22.745,81.88
344,155,car,0.4822,119.0,37.5,92,22,146,53,-0.004,-0.023,39.329,13.037,46.933
344,159,car,0.6625,190.5,32.5,176,23,205,42,-0.004,-0.023,43.015,14.528,52.299
344,168,car,0.6627,239.0,26.5,226,15,252,38,-0.004,-0.023,46.905,16.576,59.675
344,172,car,0.7854,599.0,285.0,547,235,651,335,-0.004,-0.023,7.494,6.103,21.969
344,147,car,0.5962,489.0,34.0,478,23,500,45,-0.004,-0.023,38.498,22.004,79.213
345,155,car,0.5,115.0,38.5,87,23,143,54,0.04,-0.032,39.434,12.905,46.456
345,159,car,0.5828,187.5,34.0,173,25,202,43,0.04,-0.032,42.975,14.659,52.771
345,168,car,0.6567,236.5,27.5,223,16,250,39,0.04,-0.032,46.872,16.517,59.461
345,172,car,0.7932,592.0,268.5,543,223,641,314,0.04,-0.032,8.613,7.973,28.702
345,147,car,0.431,488.5,32.0,477,20,500,44,0.04,-0.032,40.335,22.299,80.276
346,155,car,0.4479,110.5,40.0,83,25,138,55,-0.04,-0.042,39.453,12.625,45.449
346,159,car,0.6525,183.0,35.0,168,25,198,45,-0.04,-0.042,43.013,14.458,52.048
346,168,car,0.587,234.0,29.0,220,17,248,41,-0.04,-0.042,46.736,16.275,58.589
346,172,car,0.6972,585.0,255.5,538,213,632,298,-0.04,-0.042,9.077,9.269,33.369
346,147,car,0.38,488.0,31.0,477,19,499,43,-0.04,-0.042,41.76,22.929,82.545
346,183,car,0.6637,830.5,413.5,810,363,851,464,-0.04,-0.042,5.666,0.0,0.0
347,155,car,0.4106,103.0,42.5,77,28,129,57,-0.106,-0.003,39.577,12.674,45.627
347,159,car,0.6981,180.5,36.5,165,27,196,46,-0.106,-0.003,42.909,14.046,50.567
347,168,car,0.6314,231.5,30.0,217,18,246,42,-0.106,-0.003,46.624,15.773,56.784
347,172,car,0.7461,579.0,243.0,536,203,622,283,-0.106,-0.003,9.544,10.257,36.926
347,147,car,0.3881,488.0,30.5,477,19,499,42,-0.106,-0.003,42.876,23.616,85.016
347,185,car,0.5488,282.5,25.5,271,17,294,34,-0.106,-0.003,49.725,0.0,0.0
348,155,car,0.2825,97.0,45.0,72,30,122,60,0.021,-0.002,39.454,12.463,44.867
348,159,car,0.7487,177.0,37.0,161,27,193,47,0.021,-0.002,42.995,13.391,48.207
348,168,car,0.5153,228.0,31.0,213,19,243,43,0.021,-0.002,46.445,15.287,55.032
348,172,car,0.7998,573.0,231.0,531,193,615,269,0.021,-0.002,10.051,10.608,38.188
348,147,car,0.5176,487.0,29.5,476,18,498,41,0.021,-0.002,45.168,25.164,90.589
348,185,car,0.5627,280.0,27.5,269,19,291,36,0.021,-0.002,48.559,0.0,0.0
348,190,car,0.3381,222.0,7.5,213,0,231,15,0.021,-0.002,71.403,0.0,0.0
348,183,car,0.7991,814.5,398.0,778,329,851,467,0.021,-0.002,5.896,0.0,0.0
349,155,car,0.5137,95.0,45.0,67,29,123,61,-0.027,-0.007,39.462,11.488,41.357
349,159,car,0.6857,174.0,38.0,158,28,190,48,-0.027,-0.007,42.871,12.729,45.824
349,168,car,0.4963,224.5,32.0,209,20,240,44,-0.027,-0.007,45.875,14.97,53.891
349,172,car,0.6783,567.5,221.0,528,185,607,257,-0.027,-0.007,10.515,10.926,39.335
349,147,car,0.6231,487.0,29.5,476,18,498,41,-0.027,-0.007,45.168,25.673,92.421
349,185,car,0.5237,277.5,28.0,267,19,288,37,-0.027,-0.007,48.498,0.0,0.0
349,190,car,0.3576,219.5,8.0,210,0,229,16,-0.027,-0.007,71.197,0.0,0.0
349,183,car,0.7736,806.5,382.0,762,313,851,451,-0.027,-0.007,6.151,0.0,0.0
350,155,car,0.5551,92.0,45.5,62,29,122,62,-0.156,-0.183,39.454,10.656,38.362
350,159,car,0.6258,170.0,39.5,154,29,186,50,-0.156,-0.183,42.108,12.592,45.33
350,168,car,0.6635,222.0,32.5,206,20,238,45,-0.156,-0.183,45.039,14.892,53.612
350,172,car,0.785,563.5,210.5,526,176,601,245,-0.156,-0.183,11.001,11.26,40.535
350,147,car,0.679,486.0,28.5,475,17,497,40,-0.156,-0.183,47.436,27.051,97.384
350,185,car,0.5323,275.5,29.0,264,20,287,38,-0.156,-0.183,47.742,0.0,0.0
350,190,car,0.3474,217.5,8.0,208,0,227,16,-0.156,-0.183,72.153,0.0,0.0
350,183,car,0.7755,798.5,363.0,746,296,851,430,-0.156,-0.183,6.496,0.0,0.0
351,155,car,0.4493,87.5,47.5,56,30,119,65,-0.011,-0.008,32.648,13.853,49.871
351,159,car,0.6125,165.5,41.5,149,31,182,52,-0.011,-0.008,35.975,16.328,58.779
351,168,car,0.6929,218.5,34.0,202,21,235,47,-0.011,-0.008,36.875,19.36,69.695
351,172,car,0.721,559.5,202.0,523,169,596,235,-0.011,-0.008,9.936,10.597,38.15
351,147,car,0.6955,485.5,27.5,475,17,496,38,-0.011,-0.008,46.247,26.673,96.021
351,185,car,0.598,273.5,31.5,261,23,286,40,-0.011,-0.008,39.851,17.404,62.653
351,183,car,0.8511,791.0,344.5,731,282,851,407,-0.011,-0.008,5.922,4.435,15.966
352,155,car,0.6325,82.0,49.5,49,32,115,67,-0.013,-0.04,32.372,16.619,59.829
352,159,car,0.6657,161.0,42.5,144,32,178,53,-0.013,-0.04,35.841,18.696,67.305
352,168,car,0.6536,215.0,35.0,199,22,231,48,-0.013,-0.04,36.576,23.009,82.833
352,172,car,0.6803,555.5,192.0,521,160,590,224,-0.013,-0.04,10.267,10.15,36.541
352,147,car,0.5828,484.5,27.0,474,17,495,37,-0.013,-0.04,46.323,25.808,92.909
352,185,car,0.5101,270.0,33.5,258,25,282,42,-0.013,-0.04,39.248,24.213,87.167
352,183,car,0.8454,784.0,325.0,718,267,850,383,-0.013,-0.04,6.256,4.54,16.343
353,155,car,0.4363,78.0,50.5,45,33,111,68,-0.135,-0.125,32.156,18.394,66.218
353,159,car,0.7066,157.5,43.5,140,33,175,54,-0.135,-0.125,35.814,20.036,72.129
353,168,car,0.5767,211.5,37.0,195,24,228,50,-0.135,-0.125,36.315,25.399,91.437
353,172,car,0.6626,551.5,184.5,518,154,585,215,-0.135,-0.125,10.802,9.908,35.669
353,147,car,0.5542,484.5,26.0,474,16,495,36,-0.135,-0.125,46.599,24.845,89.442
353,185,car,0.4855,267.0,34.5,255,26,279,43,-0.135,-0.125,39.159,26.695,96.102
353,183,car,0.8733,777.5,308.0,706,254,849,362,-0.135,-0.125,6.75,4.645,16.722
354,155,car,0.4178,73.5,52.0,41,34,106,70,0.003,-0.011,31.821,19.479,70.125
354,159,car,0.7336,153.0,45.5,135,35,171,56,0.003,-0.011,35.667,20.695,74.501
354,168,car,0.6847,208.0,39.0,191,26,225,52,0.003,-0.011,36.177,26.635,95.888
354,172,car,0.8059,548.5,177.0,516,148,581,206,0.003,-0.011,12.104,10.371,37.335
354,147,car,0.5499,484.0,25.5,474,16,494,35,0.003,-0.011,46.608,23.574,84.868
354,185,car,0.5955,264.5,36.5,252,28,277,45,0.003,-0.011,38.883,27.296,98.265
354,183,car,0.8744,766.5,292.5,695,242,838,343,0.003,-0.011,7.681,5.627,20.256
354,195,car,0.6206,454.5,418.5,401,366,508,471,0.003,-0.011,5.306,0.0,0.0
355,155,car,0.3776,71.0,53.5,39,36,103,71,-0.031,-0.097,31.401,20.236,72.85
355,159,car,0.7016,149.0,46.5,131,35,167,58,-0.031,-0.097,35.67,20.658,74.367
355,168,car,0.6352,204.0,40.0,187,27,221,53,-0.031,-0.097,36.296,26.787,96.432
355,172,car,0.7477,545.0,169.5,514,140,576,199,-0.031,-0.097,13.37,11.315,40.732
355,147,car,0.4055,484.0,24.5,474,15,494,34,-0.031,-0.097,46.95,22.402,80.647
355,185,car,0.6946,261.5,38.5,249,30,274,47,-0.031,-0.097,38.674,26.613,95.805
355,183,car,0.8744,754.5,278.5,685,232,824,325,-0.031,-0.097,8.592,7.216,25.978
355,195,car,0.7154,453.5,406.0,403,343,504,469,-0.031,-0.097,5.515,0.0,0.0
356,155,car,0.5208,67.5,56.0,37,39,98,73,-0.085,-0.083,30.823,20.757,74.726
356,159,car,0.7259,144.5,47.5,126,36,163,59,-0.085,-0.083,35.71,20.141,72.508
356,168,car,0.6353,200.5,42.0,183,29,218,55,-0.085,-0.083,36.193,26.451,95.222
356,172,car,0.7871,542.5,164.0,512,135,573,193,-0.085,-0.083,13.951,12.121,43.635
356,185,car,0.5119,258.5,40.0,246,31,271,49,-0.085,-0.083,38.298,25.349,91.255
356,183,car,0.8922,741.0,265.0,675,221,807,309,-0.085,-0.083,9.081,8.484,30.543
356,195,car,0.6606,453.0,381.0,407,319,499,443,-0.085,-0.083,5.939,0.0,0.0
356,190,car,0.4178,207.0,12.0,197,4,217,20,-0.085,-0.083,60.096,0.0,0.0
357,155,car,0.3824,58.5,57.5,34,41,83,74,-0.103,-0.176,30.661,20.681,74.451
357,159,car,0.7868,139.5,49.0,121,37,158,61,-0.103,-0.176,35.693,19.409,69.874
357,168,car,0.7553,197.0,43.0,179,29,215,57,-0.103,-0.176,36.275,25.498,91.792
357,172,car,0.7196,540.5,157.0,510,130,571,184,-0.103,-0.176,14.607,12.905,46.458
357,185,car,0.575,255.5,41.0,243,32,268,50,-0.103,-0.176,37.91,23.887,85.992
357,183,car,0.8249,728.5,253.5,666,212,791,295,-0.103,-0.176,9.517,9.401,33.845
357,195,car,0.7691,452.0,353.0,409,297,495,409,-0.103,-0.176,6.479,0.0,0.0
357,190,car,0.4483,205.5,12.0,195,4,216,20,-0.103,-0.176,61.005,30.35,109.259
358,159,car,0.7184,135.0,51.5,116,40,154,63,-0.022,-0.074,35.172,18.874,67.946
358,168,car,0.7416,193.0,44.0,175,30,211,58,-0.022,-0.074,36.266,24.244,87.28
358,172,car,0.7496,538.0,152.0,509,126,567,178,-0.022,-0.074,15.054,13.463,48.469
358,185,car,0.5691,252.5,43.0,239,33,266,53,-0.022,-0.074,37.191,23.569,84.85
358,183,car,0.8663,716.5,242.0,658,203,775,281,-0.022,-0.074,9.985,9.735,35.046
358,195,car,0.7207,450.5,328.0,410,278,491,378,-0.022,-0.074,7.048,6.488,23.357
358,190,car,0.4598,203.0,13.0,192,5,214,21,-0.022,-0.074,60.798,32.087,115.514
359,159,car,0.7422,130.0,53.0,110,41,150,65,-0.021,-0.162,34.072,18.741,67.468
359,168,car,0.6944,189.0,46.0,170,32,208,60,-0.021,-0.162,35.897,23.156,83.36
359,172,car,0.7451,535.0,146.5,506,121,564,172,-0.021,-0.162,15.608,13.951,50.223
359,185,car,0.5361,249.0,44.5,235,35,263,54,-0.021,-0.162,36.481,23.281,83.81
359,183,car,0.8766,706.5,231.5,651,195,762,268,-0.021,-0.162,10.426,10.059,36.214
359,195,car,0.7285,450.5,305.0,412,260,489,350,-0.021,-0.162,7.579,7.238,26.055
359,190,car,0.5073,201.5,14.0,190,6,213,22,-0.021,-0.162,60.38,32.228,116.019
359,147,car,0.3787,482.5,20.5,473,11,492,30,-0.021,-0.162,50.206,23.598,84.953
359,155,car,0.3738,38.5,60.5,9,43,68,78,-0.021,-0.162,30.945,21.404,77.055
360,159,car,0.7189,125.0,55.0,104,43,146,67,-0.029,-0.057,32.955,19.007,68.426
360,168,car,0.7889,184.0,48.0,165,33,203,63,-0.029,-0.057,35.475,22.164,79.789
360,172,car,0.7173,533.5,140.5,505,116,562,165,-0.029,-0.057,16.288,14.481,52.131
360,185,car,0.6804,245.5,45.5,231,36,260,55,-0.029,-0.057,36.107,22.761,81.939
360,183,car,0.8726,696.0,222.5,644,187,748,258,-0.029,-0.057,10.849,10.344,37.24
360,195,car,0.6808,450.5,285.5,414,245,487,326,-0.029,-0.057,8.138,8.055,28.997
360,190,car,0.6262,199.0,15.0,187,6,211,24,-0.029,-0.057,59.653,31.659,113.974
360,200,car,0.4399,263.5,31.0,251,21,276,41,-0.029,-0.057,41.042,0.0,0.0
360,147,car,0.2756,482.0,19.5,472,9,492,30,-0.029,-0.057,52.005,24.916,89.697
360,155,car,0.3254,38.0,61.5,4,44,72,79,-0.029,-0.057,30.693,20.56,74.015
361,159,car,0.7661,119.5,56.5,98,44,141,69,-0.015,-0.122,29.202,21.345,76.84
361,168,car,0.7679,179.5,50.0,160,35,199,65,-0.015,-0.122,29.027,25.35,91.259
361,172,car,0.6811,530.5,136.0,504,112,557,160,-0.015,-0.122,14.464,13.353,48.069
361,185,car,0.7475,242.5,46.5,228,36,257,57,-0.015,-0.122,30.523,25.701,92.523
361,183,car,0.8787,687.5,213.0,638,179,737,247,-0.015,-0.122,10.363,10.053,36.191
361,195,car,0.6948,449.5,268.0,415,231,484,305,-0.015,-0.122,7.799,7.75,27.899
361,190,car,0.681,197.0,15.0,185,6,209,24,-0.015,-0.122,52.17,41.811,150.518
361,200,car,0.5183,261.0,32.5,248,23,274,42,-0.015,-0.122,37.162,0.0,0.0
361,155,car,0.317,35.0,60.0,0,43,70,77,-0.015,-0.122,26.942,22.028,79.299
361,203,car,0.3476,242.5,8.0,229,0,256,16,-0.015,-0.122,61.231,0.0,0.0
362,159,car,0.7659,113.5,58.0,92,45,135,71,-0.049,-0.034,28.893,22.741,81.867
362,168,car,0.8126,175.5,51.5,155,36,196,67,-0.049,-0.034,28.961,27.103,97.57
362,172,car,0.7119,527.0,131.0,502,108,552,154,-0.049,-0.034,14.67,12.424,44.727
362,185,car,0.6282,238.5,49.0,224,38,253,60,-0.049,-0.034,30.088,27.616,99.419
362,183,car,0.8733,678.5,205.0,632,173,725,237,-0.049,-0.034,10.683,9.825,35.368
362,195,car,0.7883,448.5,253.0,416,218,481,288,-0.049,-0.034,7.999,7.48,26.929
362,190,car,0.6009,194.5,16.0,183,7,206,25,-0.049,-0.034,51.858,45.856,165.08
362,200,car,0.4283,258.5,33.5,245,24,272,43,-0.049,-0.034,36.484,0.0,0.0
362,155,car,0.5557,28.5,65.0,0,47,57,83,-0.049,-0.034,25.518,23.778,85.601
362,203,car,0.3143,240.5,8.0,228,0,253,16,-0.049,-0.034,61.579,0.0,0.0
363,159,car,0.719,108.0,60.5,86,47,130,74,-0.086,-0.045,28.566,23.544,84.759
363,168,car,0.737,170.0,53.5,149,38,191,69,-0.086,-0.045,28.824,27.853,100.271
363,172,car,0.8201,525.5,126.5,501,104,550,149,-0.086,-0.045,15.147,11.775,42.389
363,185,car,0.6189,234.5,51.5,219,41,250,62,-0.086,-0.045,30.004,28.455,102.438
363,183,car,0.8824,671.0,197.5,626,166,716,229,-0.086,-0.045,11.157,9.752,35.106
363,195,car,0.6039,448.0,239.0,417,206,479,272,-0.086,-0.045,8.913,8.255,29.717
363,190,car,0.6169,192.5,17.0,181,8,204,26,-0.086,-0.045,51.722,45.997,165.589
363,200,car,0.6022,255.0,35.5,241,26,269,45,-0.086,-0.045,35.733,0.0,0.0
363,155,car,0.563,20.0,68.5,0,51,40,86,-0.086,-0.045,25.417,24.429,87.945
363,203,car,0.2531,239.0,8.5,226,0,252,17,-0.086,-0.045,61.171,0.0,0.0
364,159,car,0.7635,102.5,62.5,80,49,125,76,-0.009,-0.117,28.408,23.677,85.238
364,168,car,0.7537,165.5,55.5,144,40,187,71,-0.009,-0.117,28.805,27.805,100.099
364,172,car,0.8049,523.5,122.5,500,101,547,144,-0.009,-0.117,16.079,11.647,41.929
364,185,car,0.6123,231.0,53.0,215,42,247,64,-0.009,-0.117,30.04,28.348,102.052
364,183,car,0.8637,663.5,190.0,621,159,706,221,-0.009,-0.117,12.183,10.161,36.581
364,195,car,0.755,447.0,226.0,417,195,477,257,-0.009,-0.117,10.639,10.824,38.965
364,190,car,0.6001,190.0,17.0,179,8,201,26,-0.009,-0.117,51.73,44.852,161.467
364,200,car,0.6561,252.0,37.0,238,27,266,47,-0.009,-0.117,35.431,6.639,23.899
364,155,car,0.3929,16.5,70.5,0,52,33,89,-0.009,-0.117,25.477,24.403,87.852
364,203,car,0.2751,235.5,9.0,224,1,247,17,-0.009,-0.117,61.23,0.0,0.0
364,206,car,0.4294,260.5,8.0,249,0,272,16,-0.009,-0.117,55.288,0.0,0.0
365,159,car,0.7379,96.0,64.5,73,51,119,78,-0.067,-0.001,28.39,23.237,83.655
365,168,car,0.6751,160.0,58.0,138,42,182,74,-0.067,-0.001,28.81,27.161,97.78
365,172,car,0.6699,521.0,119.0,499,98,543,140,-0.067,-0.001,17.315,12.112,43.602
365,185,car,0.6806,226.5,55.0,210,43,243,67,-0.067,-0.001,30.04,27.657,99.566
365,183,car,0.8669,657.0,184.0,616,154,698,214,-0.067,-0.001,13.06,10.809,38.914
365,195,car,0.8351,447.0,214.0,419,185,475,243,-0.067,-0.001,11.31,11.647,41.928
365,190,car,0.592,187.5,18.0,176,9,199,27,-0.067,-0.001,51.679,43.133,155.277
365,200,car,0.5479,248.0,38.0,234,28,262,48,-0.067,-0.001,35.193,7.164,25.791
365,155,car,0.5617,14.5,73.0,0,54,29,92,-0.067,-0.001,25.471,23.944,86.199
365,203,car,0.2562,234.5,9.0,223,1,246,17,-0.067,-0.001,61.368,4.416,15.898
365,206,car,0.3679,258.5,8.0,247,0,270,16,-0.067,-0.001,55.625,0.0,0.0
366,159,car,0.74,89.5,67.0,66,53,113,81,-0.031,-0.099,28.124,22.637,81.492
366,168,car,0.6647,154.5,59.5,132,43,177,76,-0.031,-0.099,28.987,25.932,93.356
366,172,car,0.7672,519.0,115.0,497,94,541,136,-0.031,-0.099,18.316,12.861,46.3
366,185,car,0.7073,222.0,58.0,205,46,239,70,-0.031,-0.099,29.869,26.76,96.336
366,183,car,0.8455,650.0,177.0,611,148,689,206,-0.031,-0.099,13.752,11.513,41.448
366,195,car,0.83,447.0,203.0,420,175,474,231,-0.031,-0.099,11.928,12.398,44.632
366,190,car,0.5793,185.5,19.0,174,10,197,28,-0.031,-0.099,51.614,41.008,147.63
366,200,car,0.5565,245.5,39.5,232,30,259,49,-0.031,-0.099,34.617,7.876,28.354
366,155,car,0.4499,12.5,74.5,0,55,25,94,-0.031,-0.099,25.422,23.064,83.029
366,206,car,0.2965,257.5,8.5,246,0,269,17,-0.031,-0.099,55.634,0.0,0.0
367,159,car,0.8053,83.0,69.0,59,55,107,83,-0.077,-0.057,27.849,21.853,78.672
367,168,car,0.7844,148.5,61.5,126,45,171,78,-0.077,-0.057,28.94,24.543,88.355
367,172,car,0.7962,517.0,110.5,495,90,539,131,-0.077,-0.057,19.27,13.781,49.61
367,185,car,0.5028,217.5,59.5,200,47,235,72,-0.077,-0.057,29.847,25.434,91.562
367,183,car,0.8209,643.5,170.5,606,142,681,199,-0.077,-0.057,14.345,12.169,43.808
367,195,car,0.8536,446.5,193.5,420,167,473,220,-0.077,-0.057,12.568,13.09,47.124
367,190,car,0.6134,183.0,20.0,171,11,195,29,-0.077,-0.057,51.47,38.626,139.053
367,200,car,0.604,243.0,41.5,229,31,257,52,-0.077,-0.057,33.435,9.763,35.146
367,206,car,0.2879,256.0,9.5,244,0,268,19,-0.077,-0.057,55.605,0.0,0.0
367,203,car,0.3119,230.0,10.5,218,2,242,19,-0.077,-0.057,60.077,7.205,25.937
368,159,car,0.7492,76.0,71.0,51,56,101,86,-0.013,-0.1,27.38,21.132,76.074
368,168,car,0.7131,142.5,64.0,119,47,166,81,-0.013,-0.1,28.665,23.238,83.658
368,172,car,0.7358,516.5,106.5,495,86,538,127,-0.013,-0.1,20.092,14.697,52.91
368,185,car,0.4939,213.0,63.0,195,51,231,75,-0.013,-0.1,28.95,24.666,88.798
368,183,car,0.8606,638.0,164.5,602,136,674,193,-0.013,-0.1,14.838,12.708,45.749
368,195,car,0.7537,446.5,184.5,421,159,472,210,-0.013,-0.1,13.121,13.677,49.238
368,190,car,0.6098,181.0,20.5,169,11,193,30,-0.013,-0.1,51.402,36.051,129.785
368,200,car,0.5878,240.0,42.0,225,31,255,53,-0.013,-0.1,33.501,10.023,36.083
368,203,car,0.3851,229.5,10.5,218,2,241,19,-0.013,-0.1,60.123,6.493,23.374
369,159,car,0.6836,69.0,73.5,43,59,95,88,-0.016,-0.145,26.547,20.73,74.626
369,168,car,0.7531,137.0,66.0,113,49,161,83,-0.016,-0.145,28.189,22.063,79.425
369,172,car,0.7797,515.0,103.0,494,83,536,123,-0.016,-0.145,20.809,15.506,55.821
369,185,car,0.3329,208.5,65.0,190,52,227,78,-0.016,-0.145,28.255,23.933,86.159
369,183,car,0.8386,633.5,158.0,599,131,668,185,-0.016,-0.145,15.365,13.197,47.508
369,195,car,0.83,445.5,175.0,421,151,470,199,-0.016,-0.145,13.812,14.282,51.414
369,190,car,0.6391,178.5,21.5,166,12,191,31,-0.016,-0.145,50.752,33.88,121.967
369,200,car,0.5797,237.0,43.5,222,32,252,55,-0.016,-0.145,32.836,10.853,39.069
369,203,car,0.2916,227.0,11.5,215,3,239,20,-0.016,-0.145,59.114,7.949,28.617
370,159,car,0.5826,63.0,76.5,38,62,88,91,-0.068,0.186,25.651,20.607,74.186
370,168,car,0.7656,130.0,70.0,105,52,155,88,-0.068,0.186,27.688,21.219,76.388
370,172,car,0.7821,513.0,100.5,493,81,533,120,-0.068,0.186,21.355,16.102,57.967
370,185,car,0.5309,202.0,68.5,183,55,221,82,-0.068,0.186,27.347,23.577,84.876
370,183,car,0.823,627.5,154.0,594,128,661,180,-0.068,0.186,15.717,13.453,48.429
370,195,car,0.8664,445.0,168.0,421,145,469,191,-0.068,0.186,14.384,14.767,53.162
370,190,car,0.694,175.0,22.5,163,13,187,32,-0.068,0.186,50.106,31.956,115.04
370,200,car,0.6358,233.5,46.0,218,35,249,57,-0.068,0.186,32.056,12.119,43.629
370,203,car,0.2768,225.0,12.0,213,3,237,21,-0.068,0.186,58.682,8.649,31.136
371,159,car,0.7395,54.5,78.5,28,63,81,94,-0.033,-0.268,24.905,20.54,73.946
371,168,car,0.8146,124.0,72.0,98,54,150,90,-0.033,-0.268,25.972,21.176,76.232
371,172,car,0.7574,512.0,97.5,492,79,532,116,-0.033,-0.268,21.096,16.011,57.638
371,185,car,0.4852,197.0,70.5,177,57,217,84,-0.033,-0.268,25.931,23.692,85.291
371,183,car,0.7438,623.0,149.5,590,125,656,174,-0.033,-0.268,15.324,13.09,47.125
371,195,car,0.8085,445.0,159.5,422,137,468,182,-0.033,-0.268,14.068,14.634,52.681
371,190,car,0.737,172.5,23.0,160,13,185,33,-0.033,-0.268,47.521,31.685,114.065
371,200,car,0.6202,229.0,47.5,213,37,245,58,-0.033,-0.268,31.847,12.333,44.397
372,159,car,0.8347,46.0,81.0,18,65,74,97,-0.038,0.107,24.874,20.053,72.192
372,168,car,0.77,117.0,74.5,90,56,144,93,-0.038,0.107,25.737,20.821,74.956
372,172,car,0.6902,510.5,94.5,491,77,530,112,-0.038,0.107,21.177,15.682,56.457
372,185,car,0.5162,191.5,73.5,171,60,212,87,-0.038,0.107,25.709,23.414,84.289
372,183,car,0.7855,618.5,144.5,587,120,650,169,-0.038,0.107,15.71,12.839,46.219
372,195,car,0.8161,445.0,153.0,422,132,468,174,-0.038,0.107,14.396,14.43,51.949
372,190,car,0.7433,169.5,24.0,157,14,182,34,-0.038,0.107,47.385,30.822,110.96
372,200,car,0.6129,225.5,50.0,209,39,242,61,-0.038,0.107,31.578,12.397,44.63
372,203,car,0.3279,221.5,12.5,209,4,234,21,-0.038,0.107,57.706,10.523,37.884
373,159,car,0.7165,37.0,83.5,7,68,67,99,-0.026,-0.198,24.809,19.374,69.748
373,168,car,0.6745,109.5,77.0,82,58,137,96,-0.026,-0.198,25.522,20.307,73.106
373,172,car,0.6198,509.5,91.5,490,74,529,109,-0.026,-0.198,21.492,15.299,55.078
373,185,car,0.4465,185.5,76.5,164,63,207,90,-0.026,-0.198,25.628,22.809,82.111
373,183,car,0.8123,614.5,138.5,585,115,644,162,-0.026,-0.198,16.377,12.839,46.22
373,195,car,0.8404,445.0,146.5,423,126,467,167,-0.026,-0.198,15.322,14.572,52.46
373,190,car,0.7223,168.0,24.5,155,14,181,35,-0.026,-0.198,47.353,29.6,106.562
373,200,car,0.4686,221.5,52.0,204,41,239,63,-0.026,-0.198,31.487,12.297,44.268
373,203,car,0.3093,219.0,13.0,207,4,231,22,-0.026,-0.198,57.432,11.363,40.908
374,159,car,0.4903,30.5,86.5,1,70,60,103,-0.022,-0.012,24.71,18.51,66.636
374,168,car,0.7266,102.0,80.5,74,61,130,100,-0.022,-0.012,25.352,19.658,70.769
374,172,car,0.6551,509.5,89.0,489,72,530,106,-0.022,-0.012,22.351,15.274,54.987
374,185,car,0.7243,179.0,79.5,157,65,201,94,-0.022,-0.012,25.677,21.842,78.631
374,183,car,0.8212,610.0,134.5,581,111,639,158,-0.022,-0.012,17.644,13.366,48.117
374,195,car,0.7846,445.0,140.5,424,121,466,160,-0.022,-0.012,17.229,15.616,56.216
374,190,car,0.6778,164.5,25.5,151,15,178,36,-0.022,-0.012,47.323,28.036,100.929
374,200,car,0.6088,217.5,54.0,200,42,235,66,-0.022,-0.012,31.435,11.986,43.151
374,203,car,0.2629,217.0,13.0,205,3,229,23,-0.022,-0.012,57.937,10.882,39.175
374,213,car,0.558,19.5,87.5,1,72,38,103,-0.022,-0.012,26.001,0.0,0.0
375,168,car,0.7363,94.5,83.0,66,63,123,103,0.035,0.066,25.239,18.808,67.709
375,172,car,0.6842,509.5,86.5,488,70,531,103,0.035,0.066,24.187,16.15,58.14
375,185,car,0.5309,173.5,83.0,149,68,198,98,0.035,0.066,25.615,20.753,74.711
375,183,car,0.741,606.5,131.0,578,109,635,153,0.035,0.066,18.733,14.18,51.047
375,195,car,0.7825,445.0,135.0,425,116,465,154,0.035,0.066,18.463,16.843,60.634
375,190,car,0.7376,161.0,26.5,147,16,175,37,0.035,0.066,47.274,26.34,94.825
375,200,car,0.5873,213.0,55.5,195,43,231,68,0.035,0.066,31.414,11.565,41.635
375,213,car,0.6021,19.5,90.5,0,74,39,107,0.035,0.066,25.3,0.0,0.0
375,215,car,0.6502,693.0,439.5,621,407,765,472,0.035,0.066,5.655,0.0,0.0
376,168,car,0.6087,87.0,86.0,57,65,117,107,0.028,-0.305,25.078,17.977,64.716
376,172,car,0.5298,509.5,83.5,488,67,531,100,0.028,-0.305,26.164,17.762,63.944
376,185,car,0.6037,165.5,86.0,141,71,190,101,0.028,-0.305,25.719,19.605,70.576
376,183,car,0.7436,602.5,127.0,575,105,630,149,0.028,-0.305,19.685,15.093,54.333
376,195,car,0.8003,445.0,129.0,425,111,465,147,0.028,-0.305,19.509,18.067,65.042
376,190,car,0.807,158.0,26.5,144,16,172,37,0.028,-0.305,47.465,24.351,87.664
376,200,car,0.5309,208.0,58.0,190,46,226,70,0.028,-0.305,31.24,11.327,40.777
376,213,car,0.4173,19.5,92.0,0,74,39,110,0.028,-0.305,25.056,0.0,0.0
376,215,car,0.4941,688.5,427.5,612,384,765,471,0.028,-0.305,5.856,0.0,0.0
376,203,car,0.2526,214.0,14.0,201,4,227,24,0.028,-0.305,57.59,10.861,39.098
377,168,car,0.6585,78.5,90.0,48,69,109,111,-0.043,0.383,24.409,17.438,62.775
377,172,car,0.559,505.5,82.0,487,66,524,98,-0.043,0.383,26.675,18.853,67.871
377,185,car,0.769,157.5,90.5,133,74,182,107,-0.043,0.383,25.413,18.61,66.996
377,183,car,0.7803,599.5,123.5,573,102,626,145,-0.043,0.383,20.447,15.961,57.459
377,195,car,0.7375,445.0,124.5,426,107,464,142,-0.043,0.383,20.168,19.0,68.399
377,190,car,0.6172,154.5,28.0,140,17,169,39,-0.043,0.383,47.297,22.564,81.229
377,200,car,0.6209,203.0,61.0,184,48,222,74,-0.043,0.383,29.854,11.685,42.065
377,213,car,0.5251,16.5,95.0,0,78,33,112,-0.043,0.383,25.028,0.0,0.0
377,215,car,0.6302,677.0,415.5,601,361,753,470,-0.043,0.383,6.056,0.0,0.0
377,203,car,0.3565,210.5,16.0,198,7,223,25,-0.043,0.383,56.534,11.307,40.707
378,168,car,0.5536,71.5,93.5,42,72,101,115,-0.103,-0.567,23.657,17.206,61.941
378,172,car,0.6073,503.0,79.0,486,63,520,95,-0.103,-0.567,27.817,19.99,71.962
378,185,car,0.6863,149.0,93.0,124,76,174,110,-0.103,-0.567,24.959,17.798,64.074
378,183,car,0.7701,596.0,119.0,570,98,622,140,-0.103,-0.567,21.385,16.85,60.66
378,195,car,0.7863,445.0,119.0,426,102,464,136,-0.103,-0.567,21.004,19.809,71.313
378,190,car,0.6254,151.5,29.5,137,19,166,40,-0.103,-0.567,47.11,21.129,76.063
378,200,car,0.5688,198.0,63.0,178,50,218,76,-0.103,-0.567,28.587,12.562,45.225
378,213,car,0.5391,12.5,96.5,0,81,25,112,-0.103,-0.567,24.807,3.37,12.133
378,215,car,0.781,663.0,401.0,591,337,735,465,-0.103,-0.567,6.317,0.0,0.0
378,203,car,0.337,207.5,16.5,196,7,219,26,-0.103,-0.567,56.712,11.332,40.796
379,168,car,0.5644,60.0,97.5,27,75,93,120,-0.127,0.322,23.038,17.097,61.55
379,172,car,0.6379,502.0,76.5,485,60,519,93,-0.127,0.322,28.589,20.956,75.442
379,185,car,0.7289,140.5,98.5,114,81,167,116,-0.127,0.322,23.908,17.534,63.122
379,183,car,0.8132,592.5,116.5,568,96,617,137,-0.127,0.322,21.871,17.447,62.808
379,195,car,0.8151,444.5,114.5,426,98,463,131,-0.127,0.322,21.796,20.522,73.878
379,190,car,0.6517,147.5,31.0,133,20,162,42,-0.127,0.322,46.878,19.649,70.738
379,200,car,0.6597,193.5,65.5,173,52,214,79,-0.127,0.322,27.473,13.578,48.881
379,215,car,0.757,649.5,381.0,582,316,717,446,-0.127,0.322,6.697,4.541,16.348
379,203,car,0.3422,204.5,17.0,193,8,216,26,-0.127,0.322,57.012,10.834,39.002
380,168,car,0.4106,48.5,101.5,14,78,83,125,-0.066,-0.113,22.602,17.026,61.294
380,172,car,0.5288,501.0,74.0,485,58,517,90,-0.066,-0.113,29.412,21.704,78.134
380,185,car,0.7925,132.0,103.0,104,85,160,121,-0.066,-0.113,22.995,17.566,63.238
380,183,car,0.7641,589.0,113.0,565,93,613,133,-0.066,-0.113,22.465,17.886,64.388
380,195,car,0.7844,444.5,110.5,427,94,462,127,-0.066,-0.113,22.594,21.082,75.894
380,190,car,0.6569,144.0,32.5,129,21,159,44,-0.066,-0.113,46.253,18.685,67.265
380,200,car,0.617,188.0,68.5,167,55,209,82,-0.066,-0.113,26.772,14.608,52.588
380,215,car,0.7427,637.5,359.5,575,297,700,422,-0.066,-0.113,7.164,5.252,18.907
380,203,car,0.4469,202.5,18.5,191,10,214,27,-0.066,-0.113,56.228,10.913,39.288
381,168,car,0.6794,38.5,105.5,3,82,74,129,-0.128,-0.121,19.01,18.912,68.082
381,172,car,0.4704,500.0,72.0,484,56,516,88,-0.128,-0.121,25.335,19.096,68.744
381,185,car,0.7567,122.5,107.0,94,88,151,126,-0.128,-0.121,18.281,20.256,72.923
381,183,car,0.7726,586.5,109.5,563,90,610,129,-0.128,-0.121,18.941,15.714,56.572
381,195,car,0.7172,444.5,107.5,427,92,462,123,-0.128,-0.121,19.081,18.735,67.448
381,190,car,0.6585,141.0,33.5,125,22,157,45,-0.128,-0.121,40.497,21.447,77.207
381,200,car,0.7325,182.5,71.5,161,58,204,85,-0.128,-0.121,23.937,16.913,60.889
381,215,car,0.7985,626.5,337.5,569,280,684,395,-0.128,-0.121,6.428,5.469,19.687
381,203,car,0.3956,200.0,19.0,189,11,211,27,-0.128,-0.121,52.571,12.984,46.742
382,168,car,0.5535,32.5,109.5,0,86,65,133,-0.059,0.072,18.956,19.982,71.937
382,185,car,0.7334,113.0,111.5,83,92,143,131,-0.059,0.072,17.924,22.0,79.199
382,183,car,0.7457,583.5,107.5,560,88,607,127,-0.059,0.072,19.076,13.833,49.797
382,195,car,0.6742,444.5,104.0,427,89,462,119,-0.059,0.072,19.219,16.776,60.392
382,190,car,0.7382,137.5,35.0,122,23,153,47,-0.059,0.072,40.151,23.193,83.497
382,200,car,0.659,178.0,74.5,155,60,201,89,-0.059,0.072,24.034,18.143,65.316
382,215,car,0.7294,617.0,316.5,564,264,670,369,-0.059,0.072,6.744,5.555,19.998
382,203,car,0.4226,197.5,20.0,186,11,209,29,-0.059,0.072,52.577,14.219,51.189
383,168,car,0.455,24.0,114.0,0,89,48,139,-0.098,-0.278,19.054,20.22,72.791
383,185,car,0.7907,102.5,117.0,71,97,134,137,-0.098,-0.278,17.656,23.008,82.83
383,183,car,0.7823,581.0,104.0,558,85,604,123,-0.098,-0.278,19.472,12.422,44.717
383,195,car,0.7525,445.0,99.5,429,85,461,114,-0.098,-0.278,19.576,15.268,54.964
383,190,car,0.7817,134.0,35.0,118,23,150,47,-0.098,-0.278,40.25,23.785,85.626
383,200,car,0.6397,171.0,77.0,147,62,195,92,-0.098,-0.278,24.093,18.59,66.925
383,215,car,0.7269,610.0,299.5,558,251,662,348,-0.098,-0.278,7.298,5.61,20.195
383,203,car,0.4766,195.5,20.0,184,11,207,29,-0.098,-0.278,52.911,14.525,52.292
383,172,car,0.6286,498.5,68.0,483,53,514,83,-0.098,-0.278,25.549,17.139,61.699
384,168,car,0.571,21.0,119.0,0,93,42,145,-0.06,0.208,19.04,20.097,72.351
384,185,car,0.7344,92.0,123.0,59,102,125,144,-0.06,0.208,17.504,23.32,83.953
384,183,car,0.7324,579.0,101.5,557,83,601,120,-0.06,0.208,19.906,11.387,40.993
384,195,car,0.8217,445.0,96.5,429,82,461,111,-0.06,0.208,21.025,14.751,53.104
384,190,car,0.723,130.0,37.0,113,25,147,49,-0.06,0.208,40.093,23.862,85.904
384,200,car,0.7087,163.5,81.0,140,66,187,96,-0.06,0.208,24.033,18.611,67.0
384,215,car,0.6967,601.5,283.5,554,238,649,329,-0.06,0.208,8.526,7.021,25.277
384,203,car,0.4958,193.5,21.0,182,12,205,30,-0.06,0.208,52.835,14.494,52.18
384,224,car,0.4727,217.5,20.5,202,7,233,34,-0.06,0.208,49.105,0.0,0.0
384,172,car,0.6812,498.0,67.0,483,52,513,82,-0.06,0.208,25.705,15.249,54.896
385,168,car,0.5322,15.5,121.5,0,97,31,146,-0.055,-0.327,19.108,19.368,69.724
385,185,car,0.6975,81.0,128.5,47,106,115,151,-0.055,-0.327,17.168,23.28,83.808
385,183,car,0.7413,575.5,98.0,554,80,597,116,-0.055,-0.327,21.309,11.301,40.683
385,195,car,0.7983,445.0,92.0,429,78,461,106,-0.055,-0.327,23.398,15.648,56.334
385,190,car,0.6706,125.5,38.0,108,26,143,50,-0.055,-0.327,40.232,23.299,83.875
385,200,car,0.7353,157.0,83.5,132,68,182,99,-0.055,-0.327,24.015,18.212,65.562
385,215,car,0.7501,593.5,267.0,549,224,638,310,-0.055,-0.327,9.451,8.845,31.841
385,203,car,0.3308,190.5,21.0,179,12,202,30,-0.055,-0.327,53.511,13.816,49.738
385,224,car,0.438,214.5,20.5,199,7,230,34,-0.055,-0.327,49.357,0.0,0.0
385,172,car,0.6525,497.5,64.0,482,50,513,78,-0.055,-0.327,27.054,14.501,52.202
386,185,car,0.5518,67.0,135.0,31,112,103,158,-0.108,0.074,16.741,23.042,82.951
386,183,car,0.7485,573.5,95.5,553,78,594,113,-0.108,0.074,22.52,11.803,42.492
386,195,car,0.7827,445.0,89.0,430,75,460,103,-0.108,0.074,24.269,16.529,59.506
386,190,car,0.6371,121.0,40.0,104,28,138,52,-0.108,0.074,40.187,22.428,80.742
386,200,car,0.7178,149.5,87.0,124,70,175,104,-0.108,0.074,23.82,17.699,63.716
386,215,car,0.7358,587.5,254.0,546,214,629,294,-0.108,0.074,9.962,9.413,33.888
386,203,car,0.5506,187.5,21.5,177,12,198,31,-0.108,0.074,53.964,12.828,46.18
386,224,car,0.3981,212.0,21.0,196,7,228,35,-0.108,0.074,49.577,0.0,0.0
386,172,car,0.7364,496.5,63.0,481,49,512,77,-0.108,0.074,28.045,14.252,51.306
387,185,car,0.5006,53.5,142.0,15,118,92,166,-0.097,-0.15,16.34,22.682,81.653
387,183,car,0.7307,571.5,93.0,551,76,592,110,-0.097,-0.15,23.819,12.763,45.946
387,195,car,0.7892,445.0,86.5,430,73,460,100,-0.097,-0.15,24.901,17.197,61.91
387,190,car,0.6837,117.0,41.0,99,29,135,53,-0.097,-0.15,40.36,21.17,76.21
387,200,car,0.7032,143.0,90.5,117,73,169,108,-0.097,-0.15,23.137,17.409,62.671
387,215,car,0.6993,581.5,241.0,543,203,620,279,-0.097,-0.15,10.519,9.993,35.976
387,203,car,0.4882,184.5,22.0,174,12,195,32,-0.097,-0.15,54.687,11.881,42.772
387,224,car,0.5004,208.0,22.0,192,8,224,36,-0.097,-0.15,49.904,0.0,0.0
387,172,car,0.7288,496.0,61.5,481,48,511,75,-0.097,-0.15,29.374,14.65,52.741
388,185,car,0.5545,40.5,150.0,2,125,79,175,-0.06,-0.024,15.724,22.355,80.48
388,183,car,0.6979,569.0,90.0,549,73,589,107,-0.06,-0.024,25.002,14.0,50.401
388,195,car,0.7351,444.5,83.0,430,70,459,96,-0.06,-0.024,25.765,17.937,64.572
388,190,car,0.6945,113.0,42.5,95,30,131,55,-0.06,-0.024,40.237,19.911,71.68
388,200,car,0.7203,135.0,94.5,108,77,162,112,-0.06,-0.024,21.475,17.917,64.502
388,215,car,0.671,576.0,229.0,538,193,614,265,-0.06,-0.024,11.078,10.573,38.062
388,203,car,0.3797,182.0,22.5,171,12,193,33,-0.06,-0.024,54.788,10.909,39.271
388,224,car,0.4558,206.5,22.5,190,8,223,37,-0.06,-0.024,49.962,5.665,20.392
388,172,car,0.7415,496.0,60.0,481,47,511,73,-0.06,-0.024,30.388,15.323,55.163
389,183,car,0.7745,567.0,88.0,548,71,586,105,-0.082,0.036,25.682,15.02,54.071
389,195,car,0.7239,444.0,81.0,430,68,458,94,-0.082,0.036,26.249,18.354,66.075
389,190,car,0.6438,108.5,43.5,90,31,127,56,-0.082,0.036,40.23,18.588,66.918
389,200,car,0.771,126.5,99.0,98,81,155,117,-0.082,0.036,19.634,19.142,68.912
389,215,car,0.8095,570.5,219.0,535,185,606,253,-0.082,0.036,11.551,11.062,39.824
389,203,car,0.2857,179.5,23.5,168,12,191,35,-0.082,0.036,54.23,10.175,36.631
389,224,car,0.4334,201.0,23.5,182,9,220,38,-0.082,0.036,50.446,8.064,29.032
389,172,car,0.754,495.5,59.0,480,46,511,72,-0.082,0.036,31.088,15.917,57.303
390,183,car,0.7338,565.0,85.0,546,69,584,101,0.039,-0.181,26.683,16.129,58.065
390,195,car,0.7125,444.5,78.0,430,65,459,91,0.039,-0.181,27.036,18.815,67.735
390,190,car,0.7005,104.0,45.5,85,33,123,58,0.039,-0.181,39.431,17.87,64.333
390,200,car,0.7708,117.0,103.0,87,84,147,122,0.039,-0.181,18.747,20.184,72.663
390,215,car,0.8424,567.0,209.0,532,177,602,241,0.039,-0.181,12.093,11.548,41.572
390,203,car,0.3615,178.5,24.0,165,12,192,36,0.039,-0.181,53.775,9.461,34.06
390,224,car,0.589,198.5,24.0,180,9,217,39,0.039,-0.181,50.74,8.046,28.966
390,172,car,0.7179,495.0,56.5,480,44,510,69,0.039,-0.181,32.728,17.164,61.789
390,185,car,0.6367,25.5,164.5,0,137,51,192,0.039,-0.181,14.652,22.668,81.606
391,183,car,0.6947,563.0,83.5,545,67,581,100,-0.089,0.283,22.678,14.086,50.708
391,195,car,0.7415,444.0,75.5,430,63,458,88,-0.089,0.283,24.095,16.858,60.69
391,190,car,0.7446,98.5,47.0,79,34,118,60,-0.089,0.283,32.157,21.874,78.748
391,200,car,0.7761,107.5,108.5,77,89,138,128,-0.089,0.283,17.651,21.267,76.56
391,215,car,0.68,562.5,201.0,529,170,596,232,-0.089,0.283,10.839,10.878,39.159
391,224,car,0.4704,196.0,25.5,177,10,215,41,-0.089,0.283,40.337,20.776,74.794
391,172,car,0.7181,494.0,55.5,480,43,508,68,-0.089,0.283,29.627,15.587,56.113
392,183,car,0.5929,561.0,81.0,543,65,579,97,-0.007,-0.251,22.902,12.423,44.723
392,195,car,0.7159,444.0,73.0,430,61,458,85,-0.007,-0.251,24.282,15.138,54.497
392,190,car,0.7788,93.5,48.0,74,35,113,61,-0.007,-0.251,31.862,24.518,88.264
392,200,car,0.781,97.0,113.0,64,93,130,133,-0.007,-0.251,17.257,21.836,78.61
392,215,car,0.7884,558.5,191.0,527,161,590,221,-0.007,-0.251,11.064,10.356,37.28
392,224,truck,0.325,191.0,26.5,170,10,212,43,-0.007,-0.251,40.425,26.492,95.371
392,172,car,0.6675,493.5,53.0,479,40,508,66,-0.007,-0.251,29.909,14.34,51.624
392,244,car,0.5284,816.5,403.0,782,344,851,462,-0.007,-0.251,5.715,0.0,0.0
393,183,car,0.7191,559.0,78.5,541,63,577,94,-0.02,0.248,23.316,11.265,40.554
393,195,car,0.7404,444.0,71.0,430,59,458,83,-0.02,0.248,24.654,13.853,49.87
393,190,car,0.8135,88.5,50.0,68,36,109,64,-0.02,0.248,31.661,26.01,93.636
393,200,car,0.8203,86.5,118.0,53,97,120,139,-0.02,0.248,16.957,21.948,79.012
393,215,car,0.7898,554.0,183.5,524,155,584,212,-0.02,0.248,11.526,10.027,36.098
393,224,truck,0.3029,185.0,27.5,161,11,209,44,-0.02,0.248,40.816,27.477,98.915
393,172,car,0.5976,494.0,51.5,479,39,509,64,-0.02,0.248,30.297,13.411,48.281
393,244,car,0.7559,809.0,390.0,767,332,851,448,-0.02,0.248,5.953,0.0,0.0
394,183,car,0.7954,557.5,77.5,540,62,575,93,-0.052,-0.021,23.628,10.221,36.795
394,195,car,0.7446,443.5,69.0,429,57,458,81,-0.052,-0.021,25.712,13.279,47.803
394,190,car,0.8042,83.0,52.5,62,38,104,67,-0.052,-0.021,31.476,26.7,96.119
394,200,car,0.7606,75.5,124.5,40,102,111,147,-0.052,-0.021,16.587,21.891,78.806
394,215,car,0.7506,551.0,176.0,522,148,580,204,-0.052,-0.021,12.941,10.473,37.703
394,224,car,0.4094,184.5,29.0,163,12,206,46,-0.052,-0.021,40.398,27.852,100.268
394,172,car,0.4242,493.0,50.5,479,39,507,62,-0.052,-0.021,30.347,12.393,44.613
394,244,car,0.6478,801.0,370.0,751,314,851,426,-0.052,-0.021,6.557,0.0,0.0
394,206,car,0.525,230.5,11.5,221,5,240,18,-0.052,-0.021,56.566,21.962,79.064
395,183,car,0.7572,555.0,74.5,538,60,572,89,-0.076,-0.142,25.116,10.333,37.199
395,195,car,0.7927,443.0,66.0,429,54,457,78,-0.076,-0.142,27.714,13.969,50.287
395,190,car,0.7412,77.0,53.5,56,39,98,68,-0.076,-0.142,31.727,26.295,94.661
395,200,car,0.7081,62.5,130.0,25,107,100,153,-0.076,-0.142,16.498,21.407,77.063
395,215,car,0.7836,548.0,168.5,520,142,576,195,-0.076,-0.142,13.953,11.244,40.478
395,224,car,0.4111,181.5,29.5,161,12,202,47,-0.076,-0.142,40.581,26.985,97.147
395,172,car,0.5284,492.0,49.0,478,37,506,61,-0.076,-0.142,31.09,11.923,42.923
395,244,car,0.7994,794.0,351.5,737,298,851,405,-0.076,-0.142,7.079,0.0,0.0
395,206,car,0.4358,228.0,11.0,218,4,238,18,-0.076,-0.142,57.312,17.882,64.375
396,183,car,0.6868,553.5,72.5,537,58,570,87,-0.049,0.162,26.326,10.977,39.519
396,195,car,0.7488,443.0,64.5,429,53,457,76,-0.049,0.162,28.695,14.779,53.206
396,190,car,0.8055,71.0,55.5,49,41,93,70,-0.049,0.162,31.657,25.498,91.791
396,200,car,0.7297,49.5,136.5,10,113,89,160,-0.049,0.162,16.354,20.731,74.633
396,215,car,0.8056,545.0,162.5,518,136,572,189,-0.049,0.162,14.559,11.95,43.019
396,224,truck,0.3257,177.5,30.0,156,12,199,48,-0.049,0.162,41.069,25.401,91.444
396,172,car,0.6619,490.0,48.5,477,37,503,60,-0.049,0.162,31.303,11.457,41.246
396,244,car,0.8532,787.0,335.0,723,284,851,386,-0.049,0.162,7.465,5.707,20.545
396,206,car,0.3932,228.0,12.0,218,5,238,19,-0.049,0.162,56.294,12.242,44.071
397,183,car,0.6382,551.5,71.0,535,57,568,85,-0.043,-0.561,27.314,11.805,42.499
397,195,car,0.6495,442.5,62.0,428,51,457,73,-0.043,-0.561,29.812,15.794,56.86
397,190,car,0.7338,64.5,57.0,42,43,87,71,-0.043,-0.561,31.578,24.456,88.042
397,200,car,0.433,37.5,144.0,0,120,75,168,-0.043,-0.561,15.481,20.43,73.547
397,215,car,0.758,543.0,156.0,517,131,569,181,-0.043,-0.561,15.171,12.61,45.397
397,224,car,0.4674,171.0,32.0,147,14,195,50,-0.043,-0.561,41.268,24.056,86.602
397,172,car,0.624,489.5,46.5,477,35,502,58,-0.043,-0.561,33.048,12.053,43.392
397,244,car,0.8151,779.0,317.0,711,268,847,366,-0.043,-0.561,7.938,6.421,23.117
397,206,car,0.3136,225.0,13.5,215,7,235,20,-0.043,-0.561,55.144,11.151,40.143
398,183,car,0.6159,550.0,69.5,534,55,566,84,-0.041,0.555,28.118,12.77,45.973
398,195,car,0.6865,443.0,60.5,429,49,457,72,-0.041,0.555,30.388,16.622,59.837
398,190,car,0.7024,60.5,59.5,38,45,83,74,-0.041,0.555,30.764,23.699,85.315
398,200,car,0.5333,32.0,151.5,0,126,64,177,-0.041,0.555,14.224,20.649,74.338
398,215,car,0.7036,540.5,151.0,514,127,567,175,-0.041,0.555,15.626,13.129,47.264
398,224,truck,0.3318,166.5,33.5,141,15,192,52,-0.041,0.555,41.276,22.22,79.992
398,172,car,0.6745,488.5,45.5,476,34,501,57,-0.041,0.555,34.246,13.084,47.103
398,244,car,0.8507,767.5,301.0,700,256,835,346,-0.041,0.555,8.391,7.189,25.882
398,206,car,0.2817,223.5,14.0,213,7,234,21,-0.041,0.555,54.821,9.044,32.557
399,183,car,0.7474,548.5,67.0,532,53,565,81,-0.062,-0.541,29.231,13.892,50.01
399,195,car,0.726,442.5,58.0,429,48,456,68,-0.062,-0.541,31.264,17.391,62.609
399,190,car,0.6672,54.0,60.0,32,45,76,75,-0.062,-0.541,29.634,23.366,84.119
399,200,car,0.5998,25.5,158.0,0,132,51,184,-0.062,-0.541,13.829,20.644,74.32
399,215,car,0.6434,538.0,145.5,514,123,562,168,-0.062,-0.541,16.19,13.566,48.838
399,224,car,0.5479,163.0,34.5,138,16,188,53,-0.062,-0.541,41.378,20.499,73.798
399,172,car,0.6637,488.0,43.0,476,32,500,54,-0.062,-0.541,36.675,15.154,54.554
399,244,car,0.8819,754.0,286.5,689,245,819,328,-0.062,-0.541,8.843,7.841,28.229
399,206,car,0.3758,221.5,14.0,211,7,232,21,-0.062,-0.541,54.707,8.204,29.534
400,183,car,0.8005,547.0,65.5,531,52,563,79,-0.014,0.161,29.873,14.869,53.528
400,195,car,0.7733,442.5,56.5,429,46,456,67,-0.014,0.161,31.817,17.984,64.743
400,190,car,0.5208,46.0,63.0,22,48,70,78,-0.014,0.161,28.734,23.254,83.715
400,200,car,0.458,18.0,163.0,0,139,36,187,-0.014,0.161,13.169,20.525,73.891
400,215,car,0.6839,535.0,140.0,512,118,558,162,-0.014,0.161,16.883,14.089,50.721
400,224,car,0.4132,159.0,36.0,134,17,184,55,-0.014,0.161,41.372,18.779,67.604
400,172,car,0.7598,488.0,42.0,476,31,500,53,-0.014,0.161,37.635,16.997,61.189
400,244,car,0.8281,740.5,274.0,679,235,802,313,-0.014,0.161,9.253,8.458,30.45
400,206,car,0.2874,219.0,14.5,208,7,230,22,-0.014,0.161,53.992,8.135,29.287
401,183,car,0.7667,545.5,64.0,530,51,561,77,-0.04,-0.209,29.892,15.218,54.786
401,195,car,0.735,442.5,54.5,429,44,456,65,-0.04,-0.209,33.345,19.023,68.483
401,190,car,0.6328,39.5,65.0,15,49,64,81,-0.04,-0.209,28.804,22.63,81.468
401,215,car,0.6322,531.5,135.5,509,114,554,157,-0.04,-0.209,16.192,13.68,49.249
401,224,car,0.5859,155.5,37.5,130,18,181,57,-0.04,-0.209,37.686,19.583,70.497
401,172,car,0.7622,487.0,41.0,475,31,499,51,-0.04,-0.209,39.039,18.842,67.831
401,244,car,0.8211,729.0,261.5,671,225,787,298,-0.04,-0.209,9.234,8.4,30.242
402,183,car,0.6528,544.5,62.0,529,49,560,75,-0.009,-0.117,30.049,15.298,55.072
402,195,car,0.6953,442.0,52.5,429,42,455,63,-0.009,-0.117,33.516,19.504,70.215
402,190,car,0.6349,32.0,66.5,5,50,59,83,-0.009,-0.117,29.028,21.493,77.376
402,215,car,0.7525,529.5,130.0,508,108,551,152,-0.009,-0.117,16.45,13.314,47.929
402,224,car,0.7105,151.5,38.0,126,19,177,57,-0.009,-0.117,37.657,19.626,70.655
402,172,car,0.7702,486.5,39.5,474,29,499,50,-0.009,-0.117,39.15,19.896,71.626
402,244,car,0.8396,717.5,250.5,663,216,772,285,-0.009,-0.117,9.595,8.492,30.572
402,264,car,0.4678,243.0,14.5,231,6,255,23,-0.009,-0.117,58.175,0.0,0.0
402,206,car,0.2986,214.5,15.5,203,9,226,22,-0.009,-0.117,58.331,9.731,35.03
403,183,car,0.6744,542.5,61.0,527,48,558,74,-0.073,-0.039,30.375,15.188,54.676
403,195,car,0.6046,442.5,51.0,430,41,455,61,-0.073,-0.039,33.6,19.466,70.079
403,190,car,0.6215,23.0,70.0,0,54,46,86,-0.073,-0.039,29.171,20.39,73.403
403,215,car,0.7359,527.0,125.5,505,105,549,146,-0.073,-0.039,16.915,13.048,46.972
403,224,car,0.5102,147.5,39.5,122,20,173,59,-0.073,-0.039,37.571,19.361,69.701
403,172,car,0.7523,486.0,38.5,474,28,498,49,-0.073,-0.039,39.27,20.277,72.997
403,244,car,0.7963,706.0,241.0,654,208,758,274,-0.073,-0.039,10.147,8.672,31.22
403,264,car,0.3772,240.0,16.0,228,8,252,24,-0.073,-0.039,57.215,0.0,0.0
403,206,car,0.564,212.5,17.0,201,10,224,24,-0.073,-0.039,57.628,9.822,35.359
404,183,car,0.7539,541.5,59.0,527,46,556,72,-0.032,-0.268,31.112,15.315,55.133
404,195,car,0.6865,442.5,49.5,431,40,454,59,-0.032,-0.268,33.662,19.038,68.537
404,190,car,0.6254,18.0,71.0,0,55,36,87,-0.032,-0.268,29.675,18.583,66.9
404,215,car,0.7706,525.5,121.5,505,102,546,141,-0.032,-0.268,17.725,13.093,47.135
404,224,car,0.519,143.5,41.0,118,21,169,61,-0.032,-0.268,37.636,18.744,67.48
404,172,car,0.8372,486.0,36.5,474,26,498,47,-0.032,-0.268,39.951,20.625,74.251
404,244,car,0.8176,696.5,231.0,647,200,746,262,-0.032,-0.268,11.251,9.345,33.641
404,264,car,0.331,238.5,16.0,227,8,250,24,-0.032,-0.268,57.524,0.0,0.0
404,206,car,0.5006,210.5,16.5,199,9,222,24,-0.032,-0.268,58.039,10.075,36.269
405,183,car,0.7204,540.5,58.5,526,46,555,71,0.01,0.425,31.564,15.349,55.257
405,195,car,0.7569,442.5,48.0,431,39,454,57,0.01,0.425,34.287,18.796,67.664
405,190,car,0.602,17.0,74.0,0,57,34,91,0.01,0.425,29.346,17.216,61.977
405,215,car,0.7916,523.5,118.5,503,100,544,137,0.01,0.425,19.024,13.701,49.323
405,224,car,0.5158,139.0,43.0,113,22,165,64,0.01,0.425,37.687,17.862,64.302
405,172,car,0.7968,486.0,36.5,474,26,498,47,0.01,0.425,39.951,20.357,73.287
405,244,car,0.8166,687.5,222.0,641,192,734,252,0.01,0.425,12.009,10.138,36.497
405,264,car,0.4447,236.0,18.0,224,10,248,26,0.01,0.425,56.55,0.0,0.0
405,206,car,0.3929,208.5,17.5,197,10,220,25,0.01,0.425,57.79,9.906,35.663
406,183,car,0.7655,539.0,55.5,525,43,553,68,-0.095,-0.539,34.409,17.003,61.21
406,195,car,0.7132,443.0,45.5,431,36,455,55,-0.095,-0.539,37.708,20.482,73.736
406,190,car,0.4676,14.5,75.0,0,58,29,92,-0.095,-0.539,29.613,15.607,56.187
406,215,car,0.7241,521.5,114.5,501,97,542,132,-0.095,-0.539,20.317,14.688,52.877
406,224,car,0.5753,134.5,44.0,109,23,160,65,-0.095,-0.539,38.02,16.755,60.317
406,172,car,0.7707,485.5,35.5,473,25,498,46,-0.095,-0.539,41.136,20.472,73.698
406,244,car,0.8379,679.0,212.5,635,183,723,242,-0.095,-0.539,12.577,10.863,39.108
406,264,car,0.439,234.0,18.0,222,10,246,26,-0.095,-0.539,56.71,5.059,18.212
406,206,car,0.4952,206.0,17.5,195,10,217,25,-0.095,-0.539,58.282,10.005,36.017
407,183,car,0.7902,538.0,55.0,524,42,552,68,-0.028,0.235,35.023,18.212,65.562
407,195,car,0.7137,443.5,44.0,432,35,455,53,-0.028,0.235,39.418,22.457,80.845
407,190,car,0.5603,11.0,77.0,0,61,22,93,-0.028,0.235,29.807,14.004,50.415
407,215,car,0.7369,519.5,110.0,500,91,539,129,-0.028,0.235,21.455,15.904,57.255
407,224,car,0.4847,129.5,46.0,104,24,155,68,-0.028,0.235,38.054,15.647,56.329
407,172,car,0.7307,485.0,34.5,473,24,497,45,-0.028,0.235,42.418,21.085,75.905
407,244,car,0.8284,671.0,205.0,630,178,712,232,-0.028,0.235,13.0,11.436,41.17
407,264,car,0.481,231.5,19.5,219,12,244,27,-0.028,0.235,56.251,5.602,20.168
407,206,car,0.5054,203.5,18.5,192,11,215,26,-0.028,0.235,57.894,9.784,35.221
408,183,car,0.6189,537.5,53.5,524,41,551,66,-0.018,-0.104,36.238,19.513,70.248
408,195,car,0.7633,443.0,43.0,432,34,454,52,-0.018,-0.104,40.151,23.797,85.67
408,215,car,0.7674,518.5,106.5,499,88,538,125,-0.018,-0.104,22.346,16.991,61.168
408,224,car,0.4726,124.5,47.0,98,25,151,69,-0.018,-0.104,38.388,14.513,52.246
408,172,car,0.7202,485.5,34.0,473,24,498,44,-0.018,-0.104,43.556,21.748,78.293
408,244,car,0.8411,664.0,198.0,625,172,703,224,-0.018,-0.104,13.412,11.863,42.707
408,264,car,0.5019,229.0,20.0,217,12,241,28,-0.018,-0.104,56.262,5.859,21.091
408,206,car,0.3952,202.0,19.5,191,12,213,27,-0.018,-0.104,57.296,9.033,32.518
409,183,car,0.6414,536.0,52.0,523,40,549,64,0.022,-0.002,37.193,20.681,74.452
409,195,car,0.7525,443.0,41.5,432,32,454,51,0.022,-0.002,41.107,24.944,89.798
409,215,car,0.8245,516.5,103.5,497,86,536,121,0.022,-0.002,23.07,17.884,64.382
409,224,car,0.6157,119.5,48.5,92,26,147,71,0.022,-0.002,38.408,13.519,48.668
409,172,car,0.6855,485.0,33.0,473,23,497,43,0.022,-0.002,44.857,22.674,81.626
409,244,car,0.7848,657.5,190.0,620,164,695,216,0.022,-0.002,13.952,12.304,44.294
409,264,car,0.5165,227.0,21.0,215,13,239,29,0.022,-0.002,55.966,5.947,21.41
409,206,car,0.4452,199.5,19.5,188,12,211,27,0.022,-0.002,57.635,8.737,31.452
410,183,car,0.6754,535.0,50.5,522,39,548,62,-0.008,0.035,38.165,21.737,78.254
410,195,car,0.7464,442.5,40.0,432,31,453,49,-0.008,0.035,42.042,25.859,93.091
410,215,car,0.7929,515.0,101.0,496,84,534,118,-0.008,0.035,23.615,18.492,66.572
410,224,car,0.5899,113.5,51.0,85,28,142,74,-0.008,0.035,38.001,12.99,46.764
410,172,car,0.7329,484.5,32.0,473,22,496,42,-0.008,0.035,46.349,23.856,85.88
410,244,car,0.8414,650.5,184.0,615,159,686,209,-0.008,0.035,14.368,12.601,45.363
410,264,car,0.6319,224.5,21.5,212,13,237,30,-0.008,0.035,55.656,6.223,22.401
410,206,car,0.5719,197.5,21.0,186,13,209,29,-0.008,0.035,56.205,8.447,30.41
411,183,car,0.7384,533.5,49.0,521,37,546,61,0.007,-0.063,32.131,19.195,69.103
411,195,car,0.7414,442.5,39.0,432,31,453,47,0.007,-0.063,37.526,22.875,82.35
411,215,car,0.8059,514.0,97.0,495,80,533,114,0.007,-0.063,19.092,16.217,58.38
411,224,car,0.6796,107.5,52.5,79,29,136,76,0.007,-0.063,27.764,16.887,60.793
411,172,car,0.7406,484.0,30.5,473,21,495,40,0.007,-0.063,40.818,20.662,74.384
411,244,car,0.8414,644.0,177.0,609,153,679,201,0.007,-0.063,12.286,11.435,41.167
411,264,car,0.6463,221.0,22.0,208,13,234,31,0.007,-0.063,45.74,21.463,77.267
411,206,car,0.5095,195.0,21.5,183,13,207,30,0.007,-0.063,48.522,10.981,39.533
412,183,car,0.7858,532.5,48.5,520,37,545,60,-0.022,0.053,32.14,16.881,60.773
412,195,car,0.731,442.5,38.5,432,30,453,47,-0.022,0.053,37.543,20.203,72.73
412,215,car,0.8484,513.0,94.0,495,78,531,110,-0.022,0.053,19.229,14.162,50.985
412,224,car,0.7286,101.0,55.0,71,31,131,79,-0.022,0.053,27.595,21.152,76.147
412,172,car,0.7147,484.0,29.5,473,20,495,39,-0.022,0.053,40.921,17.896,64.427
412,244,car,0.7966,638.5,171.0,605,148,672,194,-0.022,0.053,12.573,10.462,37.662
412,264,car,0.6678,218.5,23.0,205,14,232,32,-0.022,0.053,45.654,29.038,104.538
412,206,car,0.5634,193.0,22.0,181,13,205,31,-0.022,0.053,48.426,14.276,51.393
413,183,car,0.8407,531.0,46.5,519,35,543,58,-0.027,-0.084,32.182,14.935,53.767
413,195,car,0.7221,442.0,37.0,432,29,452,45,-0.027,-0.084,37.746,18.046,64.966
413,215,car,0.7052,512.0,91.5,494,75,530,108,-0.027,-0.084,19.622,12.384,44.583
413,224,car,0.6119,94.5,56.0,64,31,125,81,-0.027,-0.084,27.565,23.694,85.298
413,172,car,0.6941,483.5,29.0,473,20,494,38,-0.027,-0.084,40.921,15.409,55.474
413,244,car,0.8264,632.5,165.5,600,143,665,188,-0.027,-0.084,13.032,9.788,35.235
413,264,car,0.65,215.5,24.0,202,15,229,33,-0.027,-0.084,45.547,30.26,108.934
413,206,car,0.5284,191.5,22.5,179,14,204,31,-0.027,-0.084,48.319,16.565,59.633
414,183,car,0.8423,530.0,45.5,518,34,542,57,0.069,0.042,32.526,13.011,46.84
414,195,car,0.7885,442.5,35.0,432,27,453,43,0.069,0.042,38.627,16.768,60.364
414,215,car,0.7142,511.0,88.5,492,73,530,104,0.069,0.042,20.786,11.56,41.616
414,224,truck,0.5076,87.5,59.5,57,34,118,85,0.069,0.042,27.437,25.198,90.713
414,172,car,0.6892,483.5,28.0,473,19,494,37,0.069,0.042,41.14,13.513,48.645
414,244,car,0.8345,627.5,160.0,597,138,658,182,0.069,0.042,13.889,9.624,34.645
414,264,car,0.6827,213.0,25.0,200,16,226,34,0.069,0.042,45.334,30.597,110.149
414,206,car,0.5162,187.5,23.5,176,15,199,32,0.069,0.042,48.115,17.953,64.631
415,183,car,0.8402,529.0,45.0,517,34,541,56,-0.036,-0.046,33.219,11.473,41.302
415,195,car,0.7356,442.5,34.0,432,26,453,42,-0.036,-0.046,39.514,15.964,57.471
415,215,car,0.721,511.0,85.5,491,70,531,101,-0.036,-0.046,22.468,11.822,42.56
415,224,car,0.5927,81.0,61.5,49,36,113,87,-0.036,-0.046,27.499,25.611,92.201
415,172,car,0.6362,483.0,27.0,473,18,493,36,-0.036,-0.046,41.453,12.018,43.266
415,244,car,0.7942,622.5,154.5,592,133,653,176,-0.036,-0.046,14.847,9.921,35.714
415,264,car,0.631,210.0,26.0,196,16,224,36,-0.036,-0.046,45.213,30.252,108.908
415,206,car,0.5503,184.5,24.0,173,15,196,33,-0.036,-0.046,48.023,18.597,66.951
415,268,truck,0.5224,81.0,61.0,49,35,113,87,-0.036,-0.046,27.563,0.0,0.0
416,183,car,0.762,528.0,43.5,516,33,540,54,0.04,0.003,34.909,11.309,40.713
416,195,car,0.7488,442.5,33.0,432,25,453,41,0.04,0.003,40.951,16.016,57.658
416,215,car,0.6144,509.5,83.5,490,68,529,99,0.04,0.003,23.431,12.359,44.494
416,224,car,0.5564,74.0,64.0,41,38,107,90,0.04,0.003,27.281,25.495,91.783
416,172,car,0.7235,482.5,25.5,473,16,492,35,0.04,0.003,42.568,11.491,41.366
416,244,car,0.758,618.0,150.0,589,130,647,170,0.04,0.003,15.436,10.298,37.074
416,264,car,0.48,207.5,27.5,194,18,221,37,0.04,0.003,44.904,29.587,106.515
416,206,car,0.6028,181.5,25.0,169,16,194,34,0.04,0.003,47.868,18.794,67.657
416,268,truck,0.5277,75.0,63.0,43,37,107,89,0.04,0.003,27.499,0.0,0.0
416,270,car,0.3675,239.0,8.5,228,2,250,15,0.04,0.003,63.306,0.0,0.0
417,183,car,0.6668,527.5,42.5,515,32,540,53,-0.024,-0.026,35.99,11.643,41.917
417,195,car,0.7262,442.5,32.5,432,24,453,41,-0.024,-0.026,41.488,16.027,57.698
417,215,car,0.5946,506.5,80.5,490,66,523,95,-0.024,-0.026,24.531,13.251,47.705
417,224,truck,0.5734,68.5,65.5,36,39,101,92,-0.024,-0.026,26.713,25.216,90.779
417,172,car,0.7112,482.0,25.0,472,16,492,34,-0.024,-0.026,43.649,11.487,41.355
417,244,car,0.807,613.5,146.0,585,126,642,166,-0.024,-0.026,16.002,10.715,38.575
417,264,car,0.5579,204.5,29.0,191,20,218,38,-0.024,-0.026,44.658,28.628,103.06
417,206,car,0.3952,179.0,26.0,166,17,192,35,-0.024,-0.026,47.639,18.692,67.293
417,268,car,0.4306,69.5,65.5,38,39,101,92,-0.024,-0.026,26.89,0.0,0.0
417,270,car,0.3601,237.5,8.5,227,2,248,15,-0.024,-0.026,63.546,0.0,0.0
417,271,car,0.9112,277.0,397.0,217,333,337,461,-0.024,-0.026,5.89,0.0,0.0
418,183,car,0.6649,526.0,41.5,514,31,538,52,0.056,-0.058,37.257,12.481,44.932
418,195,car,0.7791,442.5,30.5,432,22,453,39,0.056,-0.058,43.955,17.469,62.887
418,215,car,0.6896,504.5,78.5,489,64,520,93,0.056,-0.058,25.195,14.021,50.474
418,224,truck,0.4121,59.5,68.5,25,41,94,96,0.056,-0.058,26.143,24.888,89.596
418,172,car,0.7161,482.0,24.0,472,15,492,33,0.056,-0.058,45.764,12.716,45.779
418,244,car,0.8013,610.0,140.5,583,121,637,160,0.056,-0.058,16.666,11.271,40.575
418,264,car,0.4477,201.0,30.0,186,21,216,39,0.056,-0.058,44.573,27.319,98.348
418,206,car,0.3672,175.5,27.5,164,19,187,36,0.056,-0.058,47.095,18.65,67.139
418,268,car,0.3605,60.0,68.0,26,41,94,95,0.056,-0.058,26.206,0.0,0.0
418,270,car,0.354,235.5,9.5,224,3,247,16,0.056,-0.058,62.142,0.0,0.0
418,271,car,0.8844,287.5,372.5,232,312,343,433,0.056,-0.058,6.315,0.0,0.0
419,183,car,0.6597,525.0,40.0,513,29,537,51,0.033,-0.046,38.621,13.78,49.608
419,195,car,0.7686,442.0,29.0,432,21,452,37,0.033,-0.046,45.239,18.976,68.312
419,215,car,0.7435,503.5,75.0,488,60,519,90,0.033,-0.046,26.298,15.081,54.293
419,224,truck,0.6033,52.0,71.0,16,43,88,99,0.033,-0.046,26.217,24.028,86.499
419,172,car,0.6836,481.5,23.5,472,15,491,32,0.033,-0.046,46.255,13.623,49.043
419,244,car,0.7964,606.0,137.0,580,118,632,156,0.033,-0.046,17.074,11.658,41.968
419,264,car,0.545,198.0,30.5,183,21,213,40,0.033,-0.046,44.642,25.671,92.417
419,206,car,0.379,172.5,28.5,161,20,184,37,0.033,-0.046,46.322,18.671,67.217
419,270,car,0.325,234.0,9.5,223,3,245,16,0.033,-0.046,62.201,0.0,0.0
419,271,car,0.8808,297.5,344.0,247,290,348,398,0.033,-0.046,6.902,0.0,0.0
420,183,car,0.6255,524.5,39.0,513,28,536,50,0.024,-0.037,39.434,14.95,53.818
420,195,car,0.7687,442.0,28.5,432,21,452,36,0.024,-0.037,45.689,19.886,71.589
420,215,car,0.7537,502.0,72.0,487,57,517,87,0.024,-0.037,27.255,16.15,58.141
420,224,car,0.3499,43.5,72.0,6,45,81,99,0.024,-0.037,26.613,22.579,81.285
420,172,car,0.6764,481.5,22.5,472,14,491,31,0.024,-0.037,48.083,15.272,54.979
420,244,car,0.745,602.0,132.5,576,114,628,151,0.024,-0.037,17.575,12.045,43.363
420,264,car,0.65,195.0,32.0,180,22,210,42,0.024,-0.037,44.188,24.321,87.557
420,206,car,0.5442,170.0,29.5,158,21,182,38,0.024,-0.037,45.647,18.743,67.474
420,270,car,0.3038,232.5,10.0,222,3,243,17,0.024,-0.037,61.588,7.595,27.344
420,271,car,0.816,307.0,319.5,261,272,353,367,0.024,-0.037,7.457,0.0,0.0
421,183,car,0.512,524.0,37.5,513,27,535,48,0.023,-0.08,37.35,14.099,50.756
421,195,car,0.7063,442.0,27.5,432,20,452,35,0.023,-0.08,44.872,19.586,70.51
421,215,car,0.7545,501.0,70.5,486,56,516,85,0.023,-0.08,23.799,14.242,51.272
421,224,car,0.521,37.5,75.0,0,46,75,104,0.023,-0.08,26.206,21.392,77.011
421,172,car,0.7372,481.0,22.0,471,14,491,30,0.023,-0.08,48.004,16.027,57.696
421,244,car,0.7662,598.0,128.0,573,110,623,146,0.023,-0.08,15.68,10.949,39.418
421,264,car,0.5786,191.5,32.5,176,22,207,43,0.023,-0.08,42.85,23.623,85.045
421,206,car,0.4514,166.5,30.5,155,22,178,39,0.023,-0.08,46.329,17.963,64.666
421,270,car,0.4318,230.0,11.0,220,4,240,18,0.023,-0.08,61.038,8.607,30.984
421,271,car,0.7239,315.5,299.0,272,256,359,342,0.023,-0.08,7.004,6.885,24.787
422,183,car,0.5975,523.0,36.5,513,26,533,47,-0.035,0.066,37.359,13.166,47.398
422,195,car,0.6399,442.0,26.0,432,19,452,33,-0.035,0.066,45.603,19.504,70.215
422,215,car,0.739,500.0,68.5,485,55,515,82,-0.035,0.066,24.114,12.809,46.111
422,224,car,0.3557,34.5,78.0,0,48,69,108,-0.035,0.066,25.698,20.469,73.688
422,172,car,0.7197,481.0,21.5,471,13,491,30,-0.035,0.066,48.103,16.309,58.712
422,244,car,0.7668,594.0,124.5,570,108,618,141,-0.035,0.066,15.974,10.069,36.248
422,264,car,0.616,187.5,33.0,171,22,204,44,-0.035,0.066,42.898,22.565,81.235
422,206,car,0.49,163.0,32.0,151,23,175,41,-0.035,0.066,46.056,17.24,62.062
422,270,car,0.4741,228.5,12.0,218,5,239,19,-0.035,0.066,60.27,9.667,34.801
422,271,car,0.7929,322.5,280.0,282,241,363,319,-0.035,0.066,7.332,6.535,23.526
423,183,car,0.6275,522.5,35.5,513,25,532,46,-0.007,-0.11,37.397,12.208,43.947
423,195,car,0.6378,442.5,25.5,432,19,453,32,-0.007,-0.11,46.163,19.297,69.468
423,215,car,0.7818,499.0,67.0,485,54,513,80,-0.007,-0.11,24.395,11.628,41.862
423,224,car,0.2878,31.5,81.0,0,51,63,111,-0.007,-0.11,25.429,19.563,70.425
423,172,car,0.7691,480.0,20.0,470,11,490,29,-0.007,-0.11,48.498,16.487,59.355
423,244,car,0.7485,591.0,120.5,568,104,614,137,-0.007,-0.11,16.415,9.49,34.163
423,264,car,0.612,184.0,35.0,168,24,200,46,-0.007,-0.11,41.849,22.173,79.824
423,206,car,0.3522,161.5,32.5,148,23,175,42,-0.007,-0.11,46.043,16.252,58.507
423,270,car,0.3632,226.5,13.0,216,6,237,20,-0.007,-0.11,59.421,11.273,40.582
423,271,car,0.7685,328.5,263.0,291,227,366,299,-0.007,-0.11,8.104,6.829,24.583
424,183,car,0.6673,522.0,35.0,512,25,532,45,0.005,-0.022,37.558,11.339,40.82
424,195,car,0.478,442.0,25.0,432,18,452,32,0.005,-0.022,46.4,18.896,68.026
424,215,car,0.83,498.5,65.5,485,53,512,78,0.005,-0.022,24.826,10.822,38.957
424,224,car,0.389,24.5,84.5,0,53,49,116,0.005,-0.022,26.128,18.124,65.246
424,172,car,0.7176,480.0,19.5,470,10,490,29,0.005,-0.022,48.725,16.351,58.863
424,244,car,0.7951,588.0,117.0,565,100,611,134,0.005,-0.022,17.273,9.414,33.889
424,264,car,0.5888,180.5,36.0,164,25,197,47,0.005,-0.022,41.952,21.225,76.41
424,206,car,0.4076,157.0,33.5,144,24,170,43,0.005,-0.022,46.02,15.442,55.59
424,270,car,0.3282,225.5,13.0,214,6,237,20,0.005,-0.022,59.833,10.533,37.92
424,271,car,0.654,334.0,248.5,298,215,370,282,0.005,-0.022,9.315,8.301,29.884
425,183,car,0.7416,520.5,34.0,510,24,531,44,-0.006,-0.018,39.364,11.715,42.173
425,195,car,0.4112,442.0,24.0,432,17,452,31,-0.006,-0.018,47.564,19.017,68.461
425,215,car,0.8011,498.0,64.0,484,52,512,76,-0.006,-0.018,25.847,10.68,38.449
425,172,car,0.5572,479.5,19.0,470,10,489,28,-0.006,-0.018,48.819,15.945,57.403
425,244,car,0.7347,585.0,114.5,563,98,607,131,-0.006,-0.018,17.991,9.6,34.56
425,264,car,0.5946,177.0,37.0,160,26,194,48,-0.006,-0.018,42.136,19.979,71.924
425,206,car,0.3262,154.0,34.0,141,24,167,44,-0.006,-0.018,46.056,14.352,51.669
425,271,car,0.7742,339.0,234.5,305,203,373,266,-0.006,-0.018,9.941,9.672,34.819
425,277,car,0.4332,167.5,36.0,141,25,194,47,-0.006,-0.018,44.136,0.0,0.0
426,183,car,0.7311,520.5,33.0,510,23,531,43,-0.053,-0.053,41.283,13.051,46.985
426,195,car,0.3485,442.5,23.5,433,17,452,30,-0.053,-0.053,48.021,18.961,68.259
426,215,car,0.7547,497.5,62.0,483,50,512,74,-0.053,-0.053,27.31,11.352,40.867
426,172,car,0.5481,479.5,18.0,470,9,489,27,-0.053,-0.053,49.444,15.779,56.805
426,244,car,0.7834,581.5,110.5,560,94,603,127,-0.053,-0.053,19.015,10.251,36.902
426,264,car,0.7088,173.0,38.5,156,27,190,50,-0.053,-0.053,42.127,18.766,67.557
426,206,car,0.3475,151.5,35.5,137,25,166,46,-0.053,-0.053,45.696,13.58,48.887
426,271,car,0.7644,344.0,222.0,311,192,377,252,-0.053,-0.053,10.502,10.796,38.864
427,183,car,0.6309,519.5,32.0,509,22,530,42,-0.069,0.029,43.376,15.149,54.538
427,215,car,0.8049,497.0,61.0,483,49,511,73,-0.069,0.029,28.021,12.033,43.319
427,172,car,0.458,479.5,17.5,470,9,489,26,-0.069,0.029,50.077,15.711,56.561
427,244,car,0.8206,579.0,107.5,558,91,600,124,-0.069,0.029,19.644,10.905,39.257
427,264,car,0.5491,170.0,40.0,153,28,187,52,-0.069,0.029,41.775,17.663,63.586
427,206,car,0.3164,147.0,36.5,133,27,161,46,-0.069,0.029,45.628,12.974,46.705
427,271,car,0.7823,348.0,210.5,316,182,380,239,-0.069,0.029,11.058,11.736,42.25
427,281,car,0.3677,267.0,8.5,257,2,277,15,-0.069,0.029,67.346,0.0,0.0
427,270,car,0.3421,218.5,15.0,207,8,230,22,-0.069,0.029,59.47,13.3,47.882
428,183,car,0.595,518.5,31.5,508,22,529,41,-0.021,0.0,44.47,17.037,61.334
428,215,car,0.842,496.0,59.0,482,47,510,71,-0.021,0.0,29.373,13.21,47.555
428,172,car,0.418,479.5,16.5,470,8,489,25,-0.021,0.0,51.329,16.21,58.357
428,244,car,0.7723,577.0,104.5,557,88,597,121,-0.021,0.0,20.208,11.523,41.482
428,264,car,0.7698,166.0,41.5,149,30,183,53,-0.021,0.0,41.597,16.7,60.119
428,206,car,0.4753,142.5,37.0,129,28,156,46,-0.021,0.0,45.644,12.343,44.434
428,271,car,0.7984,352.0,199.5,322,173,382,226,-0.021,0.0,11.644,12.098,43.551
428,281,car,0.2633,265.5,9.0,256,3,275,15,-0.021,0.0,66.678,0.0,0.0
428,270,car,0.3729,216.5,15.5,205,9,228,22,-0.021,0.0,59.491,11.748,42.292
428,277,car,0.4497,155.5,40.0,128,28,183,52,-0.021,0.0,42.905,0.0,0.0
428,195,car,0.2737,442.5,21.5,433,15,452,28,-0.021,0.0,50.663,20.441,73.588
429,183,car,0.5745,518.0,30.5,508,21,528,40,-0.018,0.002,45.726,18.926,68.133
429,215,car,0.7885,495.5,57.0,481,45,510,69,-0.018,0.002,30.5,14.543,52.354
429,172,car,0.3372,479.0,15.5,470,7,488,24,-0.018,0.002,52.67,17.135,61.684
429,244,car,0.5001,573.5,102.0,554,87,593,117,-0.018,0.002,20.699,12.028,43.302
429,264,car,0.6281,162.0,42.5,145,31,179,54,-0.018,0.002,41.597,15.642,56.311
429,206,car,0.3535,139.5,38.5,126,29,153,48,-0.018,0.002,44.898,11.952,43.027
429,271,car,0.8322,355.0,190.0,326,165,384,215,-0.018,0.002,12.237,12.481,44.931
429,281,car,0.2772,264.0,9.5,255,3,273,16,-0.018,0.002,65.498,0.0,0.0
429,270,car,0.397,214.5,15.5,203,9,226,22,-0.018,0.002,60.122,10.795,38.861
429,283,car,0.6357,15.0,78.0,0,63,30,93,-0.018,0.002,29.143,0.0,0.0
429,195,car,0.5403,442.5,20.5,432,14,453,27,-0.018,0.002,51.906,21.826,78.573
430,183,car,0.531,517.0,29.5,507,20,527,39,-0.014,-0.013,46.96,20.708,74.55
430,215,car,0.7361,494.5,55.0,481,43,508,67,-0.014,-0.013,31.549,15.898,57.232
430,172,car,0.3595,478.5,15.5,469,7,488,24,-0.014,-0.013,52.781,17.412,62.681
430,244,car,0.6552,571.5,99.0,552,84,591,114,-0.014,-0.013,21.281,12.548,45.173
430,264,car,0.6437,157.0,44.0,139,32,175,56,-0.014,-0.013,40.947,15.085,54.305
430,206,car,0.357,134.0,39.0,121,30,147,48,-0.014,-0.013,44.402,11.898,42.834
430,271,car,0.8895,358.0,180.0,331,156,385,204,-0.014,-0.013,12.865,12.924,46.528
430,281,car,0.379,261.5,10.0,252,4,271,16,-0.014,-0.013,64.708,0.0,0.0
430,270,car,0.4776,213.0,16.5,201,9,225,24,-0.014,-0.013,59.367,10.374,37.347
430,283,car,0.5572,12.0,79.0,0,64,24,94,-0.014,-0.013,29.201,0.0,0.0
430,195,car,0.4587,442.5,19.5,432,13,453,26,-0.014,-0.013,52.824,22.976,82.712
430,277,car,0.2771,146.0,41.5,122,31,170,52,-0.014,-0.013,42.729,0.0,0.0
431,183,car,0.5528,516.0,28.5,506,19,526,38,-0.018,-0.017,43.354,19.103,68.772
431,215,car,0.7149,493.5,53.0,480,41,507,65,-0.018,-0.017,29.032,14.865,53.513
431,172,car,0.381,478.5,13.0,469,4,488,22,-0.018,-0.017,52.542,17.372,62.54
431,244,car,0.7153,568.5,96.0,549,81,588,111,-0.018,-0.017,19.735,11.666,41.998
431,264,car,0.606,152.5,45.5,134,33,171,58,-0.018,-0.017,32.473,19.61,70.597
431,271,car,0.7978,361.5,172.5,336,149,387,196,-0.018,-0.017,11.799,12.283,44.218
431,281,car,0.3381,259.5,10.0,250,4,269,16,-0.018,-0.017,58.949,16.653,59.951
431,270,car,0.4426,210.5,17.0,198,10,223,24,-0.018,-0.017,55.448,12.407,44.664
431,283,car,0.5495,8.0,79.5,0,65,16,94,-0.018,-0.017,27.599,0.0,0.0
431,195,car,0.319,442.5,19.0,432,12,453,26,-0.018,-0.017,50.805,21.886,78.788
431,277,car,0.3314,144.0,43.0,119,32,169,54,-0.018,-0.017,34.935,0.0,0.0
432,183,car,0.5347,515.5,28.0,506,19,525,37,0.027,-0.003,43.372,17.493,62.974
432,215,car,0.6707,493.5,52.0,480,40,507,64,0.027,-0.003,29.194,13.85,49.86
432,172,car,0.328,478.5,12.5,469,3,488,22,0.027,-0.003,52.876,16.969,61.088
432,244,car,0.653,567.0,93.5,548,79,586,108,0.027,-0.003,19.962,10.901,39.242
432,264,car,0.5824,148.0,47.5,129,35,167,60,0.027,-0.003,32.146,23.057,83.005
432,271,car,0.8158,363.5,165.0,338,142,389,188,0.027,-0.003,12.084,11.754,42.313
432,281,car,0.3042,257.5,11.5,248,5,267,18,0.027,-0.003,57.489,23.503,84.612
432,270,car,0.4617,208.5,17.5,196,10,221,25,0.027,-0.003,55.036,13.887,49.994
432,277,car,0.3281,140.5,44.5,115,33,166,56,0.027,-0.003,34.61,26.954,97.034
432,206,car,0.2803,125.5,42.0,114,33,137,51,0.027,-0.003,36.942,15.468,55.685
433,183,car,0.5425,514.5,26.5,505,17,524,36,0.002,-0.028,43.516,16.155,58.157
433,215,car,0.6746,492.5,50.5,480,39,505,62,0.002,-0.028,29.274,12.9,46.44
433,172,car,0.3008,478.5,11.5,469,2,488,21,0.002,-0.028,53.395,16.713,60.168
433,244,car,0.6185,564.0,90.5,546,77,582,104,0.002,-0.028,20.451,10.468,37.683
433,264,car,0.6961,143.5,49.0,125,36,162,62,0.002,-0.028,31.919,25.155,90.557
433,271,car,0.8156,366.5,157.5,342,135,391,180,0.002,-0.028,13.029,11.736,42.249
433,281,car,0.2947,256.0,11.5,246,5,266,18,0.002,-0.028,57.879,25.063,90.225
433,270,car,0.4281,206.5,18.5,194,11,219,26,0.002,-0.028,54.209,15.286,55.028
433,277,car,0.4223,134.5,46.5,109,34,160,59,0.002,-0.028,34.357,27.741,99.867
433,206,car,0.3592,123.5,43.5,108,34,139,53,0.002,-0.028,36.914,18.8,67.68
434,183,car,0.5076,514.0,26.5,505,17,523,36,0.021,-0.001,43.471,14.664,52.789
434,215,car,0.7253,491.0,49.5,479,38,503,61,0.021,-0.001,29.573,12.116,43.618
434,172,car,0.2512,478.5,11.0,469,2,488,20,0.021,-0.001,53.928,16.482,59.334
434,244,car,0.7733,562.0,88.0,544,74,580,102,0.021,-0.001,21.271,10.449,37.617
434,264,car,0.5609,137.5,50.5,117,37,158,64,0.021,-0.001,31.944,26.04,93.743
434,271,car,0.7923,369.0,151.0,346,130,392,172,0.021,-0.001,14.725,12.562,45.222
434,281,car,0.3374,254.0,12.0,244,5,264,19,0.021,-0.001,57.74,24.924,89.726
434,270,car,0.4068,204.5,18.5,192,11,217,26,0.021,-0.001,54.213,15.839,57.021
434,277,car,0.2596,130.5,47.0,104,36,157,58,0.021,-0.001,34.741,25.925,93.331
434,206,car,0.3397,118.0,45.0,104,36,132,54,0.021,-0.001,37.347,20.319,73.149
435,183,car,0.4872,514.0,25.5,505,16,523,35,0.013,-0.032,43.577,13.429,48.343
435,215,car,0.8079,490.0,48.0,479,37,501,59,0.013,-0.032,30.318,11.806,42.501
435,244,car,0.7557,560.0,86.0,543,72,577,100,0.013,-0.032,22.108,10.751,38.703
435,264,car,0.6598,131.5,52.0,110,38,153,66,0.013,-0.032,32.19,25.933,93.36
435,271,car,0.8156,371.0,144.5,349,124,393,165,0.013,-0.032,15.639,13.498,48.594
435,281,car,0.2919,253.0,12.5,243,5,263,20,0.013,-0.032,57.377,24.201,87.122
435,270,car,0.4462,201.5,19.5,189,12,214,27,0.013,-0.032,53.785,16.303,58.691
435,277,car,0.4316,126.0,49.5,99,36,153,63,0.013,-0.032,34.102,24.932,89.756
435,206,car,0.4748,115.5,46.5,99,36,132,57,0.013,-0.032,37.061,21.268,76.565
436,183,car,0.5746,513.5,25.0,505,16,522,34,-0.006,-0.018,43.589,12.203,43.931
436,215,car,0.785,489.0,47.0,478,37,500,57,-0.006,-0.018,31.631,12.182,43.857
436,244,car,0.7242,559.0,84.5,542,71,576,98,-0.006,-0.018,22.807,11.199,40.315
436,264,car,0.6172,126.0,53.5,103,39,149,68,-0.006,-0.018,32.433,25.118,90.426
436,271,car,0.8349,373.0,138.0,352,118,394,158,-0.006,-0.018,16.355,14.37,51.73
436,281,car,0.4446,251.5,13.5,241,6,262,21,-0.006,-0.018,57.091,23.113,83.206
436,270,car,0.5767,199.0,19.5,186,12,212,27,-0.006,-0.018,54.028,16.004,57.614
436,277,car,0.271,120.5,50.0,95,37,146,63,-0.006,-0.018,34.813,21.677,78.036
437,183,car,0.6562,512.5,24.5,504,16,521,33,0.052,0.004,43.848,11.244,40.477
437,215,car,0.7825,489.0,45.5,478,35,500,56,0.052,0.004,33.283,13.34,48.023
437,244,car,0.6293,556.0,82.0,540,69,572,95,0.052,0.004,23.852,12.001,43.203
437,264,car,0.5908,121.5,56.0,99,42,144,70,0.052,0.004,32.264,24.171,87.016
437,271,car,0.7758,375.5,133.0,355,114,396,152,0.052,0.004,16.91,15.037,54.133
437,281,car,0.3472,249.0,14.0,239,7,259,21,0.052,0.004,57.185,21.078,75.88
437,270,car,0.5786,197.0,20.5,184,12,210,29,0.052,0.004,53.405,15.958,57.45
437,277,car,0.4572,117.0,53.0,91,39,143,67,0.052,0.004,33.936,20.592,74.13
437,206,car,0.3032,108.0,47.5,90,37,126,58,0.052,0.004,37.493,21.132,76.075
438,183,car,0.5991,512.5,23.5,504,15,521,32,-0.001,-0.082,45.022,11.133,40.077
438,215,car,0.8141,488.5,44.0,477,34,500,54,-0.001,-0.082,35.18,15.162,54.584
438,244,car,0.6336,555.0,80.5,539,68,571,93,-0.001,-0.082,24.412,12.676,45.635
438,264,car,0.6207,115.5,57.5,93,43,138,72,-0.001,-0.082,32.545,22.746,81.884
438,271,car,0.7875,377.0,128.0,357,110,397,146,-0.001,-0.082,17.479,15.577,56.076
438,281,car,0.2807,247.0,14.5,237,7,257,22,-0.001,-0.082,57.21,20.117,72.422
438,270,car,0.5396,194.5,21.5,181,13,208,30,-0.001,-0.082,52.815,15.999,57.597
438,286,car,0.6269,479.5,400.0,426,330,533,470,-0.001,-0.082,5.915,0.0,0.0
438,195,car,0.2678,442.5,13.0,433,7,452,19,-0.001,-0.082,55.46,24.467,88.083
438,172,car,0.296,478.0,9.0,469,1,487,17,-0.001,-0.082,56.723,18.021,64.876
439,183,car,0.5665,511.5,23.0,503,15,520,31,0.004,-0.023,46.24,11.598,41.752
439,215,car,0.8204,488.5,42.0,477,32,500,52,0.004,-0.023,36.924,17.376,62.555
439,244,car,0.7062,553.0,77.5,537,65,569,90,0.004,-0.023,25.443,13.634,49.083
439,264,car,0.6947,109.5,59.0,86,43,133,75,0.004,-0.023,32.478,21.285,76.626
439,271,car,0.8057,379.0,122.5,359,105,399,140,0.004,-0.023,18.278,16.181,58.253
439,281,car,0.4421,245.0,15.5,234,8,256,23,0.004,-0.023,56.551,19.476,70.114
439,270,car,0.5893,192.5,22.0,179,13,206,31,0.004,-0.023,52.53,15.798,56.874
439,286,car,0.7346,477.0,379.5,426,312,528,447,0.004,-0.023,6.244,0.0,0.0
439,195,car,0.279,442.5,12.5,433,6,452,19,0.004,-0.023,56.213,25.739,92.66
439,172,car,0.2713,477.5,9.0,468,1,487,17,0.004,-0.023,56.977,18.727,67.416
440,183,car,0.5831,511.0,22.0,502,14,520,30,-0.014,-0.173,47.893,12.836,46.21
440,215,car,0.832,487.5,41.0,476,31,499,51,-0.014,-0.173,37.698,19.051,68.583
440,244,car,0.6218,551.0,75.5,536,63,566,88,-0.014,-0.173,26.079,14.417,51.9
440,264,car,0.6001,102.5,59.5,78,42,127,77,-0.014,-0.173,32.423,19.864,71.51
440,271,car,0.7807,380.5,118.0,362,101,399,135,-0.014,-0.173,18.911,16.669,60.008
440,281,car,0.4508,243.0,16.0,232,9,254,23,-0.014,-0.173,56.409,18.654,67.155
440,270,car,0.6398,190.0,22.5,176,14,204,31,-0.014,-0.173,52.332,15.473,55.703
440,286,car,0.5424,474.5,352.0,427,291,522,413,-0.014,-0.173,6.78,0.0,0.0
440,195,car,0.2708,442.5,11.0,433,4,452,18,-0.014,-0.173,58.602,27.801,100.085
440,172,car,0.279,477.0,8.5,468,1,486,16,-0.014,-0.173,57.487,19.194,69.098
441,183,car,0.5398,510.5,22.0,502,14,519,30,-0.033,-0.014,55.106,16.687,60.073
441,215,car,0.7818,487.0,40.5,475,30,499,51,-0.033,-0.014,41.267,22.252,80.106
441,244,car,0.5659,548.5,73.5,533,61,564,86,-0.033,-0.014,28.474,16.288,58.635
441,264,car,0.715,96.0,61.5,71,44,121,79,-0.033,-0.014,28.955,20.654,74.354
441,271,car,0.7784,381.5,113.5,363,97,400,130,-0.033,-0.014,19.403,17.004,61.216
441,281,car,0.5535,241.0,17.0,230,10,252,24,-0.033,-0.014,55.254,18.453,66.431
441,270,car,0.599,187.0,23.5,174,15,200,32,-0.033,-0.014,51.626,15.412,55.485
441,286,car,0.6512,472.0,328.5,428,274,516,383,-0.033,-0.014,6.926,0.0,0.0
441,195,car,0.2553,442.5,10.5,433,4,452,17,-0.033,-0.014,63.866,32.216,115.977
442,183,car,0.3503,510.0,21.0,502,13,518,29,-0.008,-0.2,55.223,20.623,74.244
442,215,car,0.792,486.5,39.0,475,29,498,49,-0.008,-0.2,41.419,24.213,87.166
442,244,car,0.6707,547.0,71.5,532,60,562,83,-0.008,-0.2,28.62,17.381,62.57
442,264,car,0.7741,90.0,63.5,64,45,116,82,-0.008,-0.2,28.816,20.888,75.196
442,271,car,0.7047,383.5,109.0,366,93,401,125,-0.008,-0.2,19.731,17.098,61.552
442,281,car,0.6403,239.0,17.5,228,10,250,25,-0.008,-0.2,54.903,18.127,65.256
442,270,car,0.695,184.5,25.0,171,17,198,33,-0.008,-0.2,50.75,15.725,56.61
442,286,truck,0.5297,470.0,307.5,429,258,511,357,-0.008,-0.2,7.097,6.302,22.687
442,195,car,0.2816,442.5,9.5,433,3,452,16,-0.008,-0.2,64.899,35.416,127.497
443,215,car,0.7629,485.5,38.0,474,28,497,48,-0.031,0.005,41.563,25.187,90.674
443,244,car,0.7246,545.5,70.0,530,58,561,82,-0.031,0.005,29.249,18.211,65.559
443,264,car,0.6987,83.5,65.5,58,46,109,85,-0.031,0.005,28.573,20.734,74.641
443,271,car,0.6901,385.5,105.0,368,89,403,121,-0.031,0.005,20.76,17.481,62.932
443,281,car,0.4838,237.0,18.5,226,11,248,26,-0.031,0.005,54.474,17.8,64.081
443,270,car,0.7154,181.5,25.5,167,17,196,34,-0.031,0.005,50.695,15.507,55.825
443,286,car,0.5661,469.0,289.0,429,243,509,335,-0.031,0.005,7.669,6.444,23.199
444,215,car,0.789,485.0,37.0,474,27,496,47,0.023,0.001,41.775,25.472,91.699
444,244,car,0.7836,543.5,68.5,528,57,559,80,0.023,0.001,30.159,19.01,68.436
444,264,car,0.7445,77.5,67.5,51,47,104,88,0.023,0.001,28.391,20.304,73.095
444,271,car,0.6756,386.0,101.0,368,85,404,117,0.023,0.001,22.561,18.575,66.87
444,281,car,0.4558,234.5,19.0,223,12,246,26,0.023,0.001,54.42,17.208,61.949
444,270,car,0.6688,179.5,26.5,165,18,194,35,0.023,0.001,50.457,15.233,54.84
444,286,car,0.5882,467.5,273.5,430,232,505,315,0.023,0.001,9.797,9.074,32.667
444,195,car,0.2727,442.5,9.0,433,3,452,15,0.023,0.001,65.468,37.325,134.372
445,215,car,0.807,485.0,35.5,474,26,496,45,0.026,-0.007,42.888,25.914,93.291
445,244,car,0.823,542.0,66.5,527,55,557,78,0.026,-0.007,31.629,20.19,72.684
445,264,car,0.7244,70.0,68.5,43,48,97,89,0.026,-0.007,28.438,19.493,70.176
445,271,car,0.7651,386.5,97.5,368,82,405,113,0.026,-0.007,23.887,19.836,71.411
445,281,car,0.4158,232.0,20.0,221,13,243,27,0.026,-0.007,54.301,16.563,59.628
445,270,car,0.5868,176.5,27.0,162,18,191,36,0.026,-0.007,50.32,14.78,53.206
445,286,car,0.6294,466.5,259.0,431,220,502,298,0.026,-0.007,10.57,11.258,40.53
445,195,car,0.366,443.0,8.5,433,3,453,14,0.026,-0.007,66.211,38.371,138.137
446,215,car,0.8087,484.0,35.5,473,26,495,45,0.02,0.044,42.959,25.609,92.191
446,244,car,0.7935,541.0,65.0,527,54,555,76,0.02,0.044,32.753,21.349,76.858
446,264,car,0.7251,62.5,71.0,35,49,90,93,0.02,0.044,28.017,18.851,67.864
446,271,car,0.7782,386.5,94.5,369,79,404,110,0.02,0.044,24.628,20.806,74.903
446,281,car,0.5967,230.0,21.0,219,13,241,29,0.02,0.044,54.153,15.821,56.954
446,270,car,0.6039,173.5,28.5,159,20,188,37,0.02,0.044,49.851,14.561,52.421
446,286,car,0.5066,465.5,245.5,432,210,499,281,0.02,0.044,11.155,12.808,46.11
446,195,car,0.3489,443.0,8.5,433,3,453,14,0.02,0.044,66.211,38.221,137.596
447,215,car,0.8007,484.0,33.5,473,24,495,43,-0.001,-0.311,45.512,26.668,96.003
447,244,car,0.7989,539.5,63.0,525,52,554,74,-0.001,-0.311,34.003,22.561,81.218
447,264,car,0.5558,54.0,73.5,25,51,83,96,-0.001,-0.311,27.861,18.18,65.447
447,271,car,0.7766,389.0,91.5,373,77,405,106,-0.001,-0.311,25.343,21.519,77.467
447,281,car,0.557,227.5,21.0,216,13,239,29,-0.001,-0.311,54.472,14.745,53.082
447,270,car,0.6438,169.0,29.5,155,21,183,38,-0.001,-0.311,49.509,14.449,52.016
447,286,car,0.572,464.5,232.5,432,198,497,267,-0.001,-0.311,11.751,13.946,50.204
447,183,car,0.2917,506.0,17.5,498,10,514,25,-0.001,-0.311,55.278,23.341,84.028
448,215,car,0.7398,483.5,33.0,473,24,494,42,0.041,0.171,45.768,26.971,97.096
448,244,car,0.7911,538.5,62.5,524,52,553,73,0.041,0.171,34.256,23.085,83.107
448,264,car,0.5491,46.5,76.0,17,52,76,100,0.041,0.171,27.796,17.294,62.257
448,271,car,0.7898,390.5,89.0,375,74,406,104,0.041,0.171,25.971,21.997,79.188
448,281,car,0.6762,225.5,22.5,214,14,237,31,0.041,0.171,54.078,13.953,50.232
448,270,car,0.5929,167.0,31.0,153,22,181,40,0.041,0.171,48.928,14.279,51.405
448,286,car,0.482,463.5,222.5,433,190,494,255,0.041,0.171,12.315,14.707,52.945
448,183,car,0.2698,505.0,16.5,497,9,513,24,0.041,0.171,56.116,25.182,90.657
449,215,car,0.7632,483.0,32.0,473,23,493,41,0.033,-0.18,47.016,27.419,98.708
449,244,car,0.7519,537.0,61.0,523,50,551,72,0.033,-0.18,35.123,23.539,84.742
449,264,car,0.3415,37.0,80.5,6,59,68,102,0.033,-0.18,27.015,17.065,61.433
449,271,car,0.7992,392.0,85.0,377,71,407,99,0.033,-0.18,27.083,22.636,81.489
449,281,car,0.6416,223.0,23.0,211,15,235,31,0.033,-0.18,54.086,13.141,47.306
449,270,car,0.6809,164.5,31.5,150,23,179,40,0.033,-0.18,48.708,13.986,50.349
449,286,car,0.5238,462.5,211.0,433,181,492,241,0.033,-0.18,12.924,14.991,53.969
449,183,car,0.3572,505.0,15.5,497,8,513,23,0.033,-0.18,57.376,26.771,96.375
450,215,car,0.6695,482.5,31.0,473,22,492,40,0.005,0.079,47.966,27.828,100.179
450,244,car,0.7566,536.5,59.0,523,48,550,70,0.005,0.079,36.098,24.086,86.708
450,264,car,0.5659,31.0,81.5,0,57,62,106,0.005,0.079,26.647,16.418,59.106
450,271,car,0.813,392.5,82.5,378,69,407,96,0.005,0.079,27.74,23.02,82.872
450,281,car,0.6515,220.0,23.5,208,15,232,32,0.005,0.079,53.947,12.404,44.655
450,270,car,0.6719,161.0,33.0,146,24,176,42,0.005,0.079,47.578,14.287,51.435
450,286,car,0.7256,462.0,201.5,434,172,490,231,0.005,0.079,13.521,15.261,54.939
450,183,car,0.3551,504.0,15.5,496,8,512,23,0.005,0.079,57.85,27.594,99.339
451,215,car,0.6539,481.5,29.5,472,20,491,39,0.055,-0.185,43.218,24.381,87.771
451,244,car,0.7585,535.0,57.5,522,47,548,68,0.055,-0.185,30.807,20.888,75.197
451,264,car,0.393,28.0,83.5,0,57,56,110,0.055,-0.185,23.406,18.082,65.094
451,271,car,0.7771,394.5,79.5,380,66,409,93,0.055,-0.185,23.124,20.034,72.124
451,281,car,0.6871,217.0,24.0,204,14,230,34,0.055,-0.185,44.839,16.125,58.051
451,270,car,0.7187,158.5,33.5,143,24,174,43,0.055,-0.185,41.591,18.328,65.981
451,286,car,0.6571,462.0,192.0,435,165,489,219,0.055,-0.185,11.249,13.804,49.695
452,215,car,0.5644,481.5,28.0,472,19,491,37,-0.033,-0.024,43.683,21.703,78.131
452,244,car,0.7615,533.0,56.5,521,46,545,67,-0.033,-0.024,30.818,18.2,65.519
452,264,car,0.4415,22.0,87.5,0,61,44,114,-0.033,-0.024,23.32,18.888,67.998
452,271,car,0.8717,395.0,76.5,381,63,409,90,-0.033,-0.024,23.296,17.525,63.09
452,281,car,0.6205,214.0,24.5,201,15,227,34,-0.033,-0.024,44.613,19.915,71.693
452,270,car,0.6398,155.5,33.5,139,23,172,44,-0.033,-0.024,41.591,20.733,74.639
452,286,car,0.7681,461.0,183.5,435,157,487,210,-0.033,-0.024,11.431,12.575,45.271
453,215,car,0.5894,480.5,27.5,471,18,490,37,0.005,0.012,43.902,19.326,69.574
453,244,car,0.7552,531.5,55.5,519,45,544,66,0.005,0.012,31.036,15.809,56.912
453,271,car,0.8296,396.0,74.5,382,62,410,87,0.005,0.012,23.775,15.491,55.767
453,281,car,0.5901,212.0,27.0,199,18,225,36,0.005,0.012,44.033,22.857,82.286
453,270,car,0.5883,152.0,35.0,135,25,169,45,0.005,0.012,40.843,22.624,81.446
453,286,car,0.7788,460.0,175.5,435,150,485,201,0.005,0.012,11.935,11.713,42.165
454,215,car,0.5565,479.5,26.0,470,17,489,35,-0.056,-0.152,45.468,18.304,65.895
454,244,car,0.7622,530.5,53.5,518,43,543,64,-0.056,-0.152,31.708,14.073,50.661
454,271,car,0.7445,396.5,71.5,383,59,410,84,-0.056,-0.152,26.022,15.182,54.654
454,281,car,0.5856,208.5,28.5,196,20,221,37,-0.056,-0.152,43.775,24.534,88.321
454,270,car,0.5113,147.5,36.0,131,27,164,45,-0.056,-0.152,40.477,23.685,85.265
454,286,car,0.8416,459.5,168.5,435,144,484,193,-0.056,-0.152,13.72,11.938,42.978
455,215,car,0.5153,479.5,25.5,470,17,489,34,-0.025,0.216,46.018,17.498,62.992
455,244,car,0.7344,529.5,52.5,517,42,542,63,-0.025,0.216,32.43,12.928,46.54
455,271,car,0.7875,397.5,69.5,384,57,411,82,-0.025,0.216,27.854,15.833,57.0
455,281,car,0.4482,206.0,30.0,193,22,219,38,-0.025,0.216,43.502,25.361,91.3
455,270,car,0.346,144.5,38.0,128,29,161,47,-0.025,0.216,40.052,24.298,87.474
455,286,car,0.8361,459.0,162.0,435,139,483,185,-0.025,0.216,14.798,12.556,45.203
456,215,car,0.5604,479.5,24.5,470,16,489,33,-0.03,-0.19,47.348,17.413,62.688
456,244,car,0.6671,528.5,51.0,516,41,541,61,-0.03,-0.19,33.683,12.635,45.486
456,271,car,0.7969,397.5,66.5,384,54,411,79,-0.03,-0.19,28.98,16.733,60.24
456,281,car,0.5844,202.5,30.5,189,22,216,39,-0.03,-0.19,43.494,25.361,91.299
456,270,car,0.5483,141.0,38.5,124,30,158,47,-0.03,-0.19,40.151,24.052,86.586
456,286,car,0.7775,458.0,155.0,435,133,481,177,-0.03,-0.19,15.509,13.205,47.537
456,296,car,0.6289,12.5,80.0,0,66,25,94,-0.03,-0.19,24.005,0.0,0.0
457,215,car,0.6338,479.0,23.5,470,15,488,32,-0.008,0.068,48.499,17.809,64.112
457,244,car,0.7272,527.5,49.0,515,39,540,59,-0.008,0.068,35.51,13.459,48.453
457,271,car,0.7705,398.0,65.0,384,53,412,77,-0.008,0.068,29.483,17.325,62.37
457,281,car,0.6121,199.5,31.5,186,22,213,41,-0.008,0.068,43.411,24.842,89.431
457,270,car,0.4484,137.5,39.0,120,30,155,48,-0.008,0.068,40.364,23.135,83.285
457,286,car,0.8087,457.5,148.5,435,127,480,170,-0.008,0.068,16.274,13.908,50.068
458,215,car,0.5621,478.5,23.0,469,15,488,31,-0.023,-0.043,49.158,18.081,65.091
458,244,car,0.715,526.5,48.0,514,38,539,58,-0.023,-0.043,36.386,14.277,51.397
458,271,car,0.7335,398.5,63.5,385,52,412,75,-0.023,-0.043,29.896,17.637,63.494
458,281,car,0.6396,196.5,32.5,182,23,211,42,-0.023,-0.043,43.411,23.952,86.227
458,270,car,0.4665,134.5,40.5,117,31,152,50,-0.023,-0.043,40.026,22.308,80.31
458,286,car,0.7332,457.5,143.5,435,123,480,164,-0.023,-0.043,16.842,14.465,52.073
458,298,car,0.6411,685.5,436.5,611,401,760,472,-0.023,-0.043,5.675,0.0,0.0
459,215,car,0.622,478.5,22.0,469,14,488,30,0.025,-0.092,50.376,18.761,67.54
459,244,car,0.7147,525.0,47.0,513,37,537,57,0.025,-0.092,37.112,15.044,54.16
459,271,car,0.7323,399.0,61.5,385,50,413,73,0.025,-0.092,30.446,17.875,64.35
459,281,car,0.6041,194.0,33.5,179,24,209,43,0.025,-0.092,43.308,22.847,82.251
459,270,car,0.5653,129.5,41.5,112,31,147,52,0.025,-0.092,40.272,21.071,75.855
459,286,car,0.8373,457.0,137.0,436,117,478,157,0.025,-0.092,17.6,15.097,54.35
459,298,car,0.4715,681.0,426.0,603,380,759,472,0.025,-0.092,5.846,0.0,0.0
460,215,car,0.4823,477.5,22.0,468,14,487,30,-0.043,0.043,50.438,18.81,67.715
460,244,car,0.675,523.5,46.5,512,37,535,56,-0.043,0.043,37.527,15.531,55.912
460,271,car,0.7276,399.5,59.5,386,48,413,71,-0.043,0.043,30.988,18.037,64.932
460,281,car,0.64,190.5,34.5,176,25,205,44,-0.043,0.043,43.344,21.531,77.511
460,270,car,0.4006,125.5,43.0,107,33,144,53,-0.043,0.043,39.748,20.05,72.181
460,286,car,0.8053,456.0,132.5,435,113,477,152,-0.043,0.043,18.092,15.523,55.884
460,298,car,0.5961,672.0,414.5,592,358,752,471,-0.043,0.043,6.031,0.0,0.0
461,215,car,0.4026,477.5,21.0,468,13,487,29,-0.012,-0.185,48.436,17.131,61.67
461,244,car,0.6964,523.0,44.5,512,36,534,53,-0.012,-0.185,33.768,13.599,48.956
461,271,car,0.7898,400.5,57.0,387,46,414,68,-0.012,-0.185,26.945,15.826,56.972
461,281,car,0.5165,186.0,35.5,171,26,201,45,-0.012,-0.185,35.062,25.788,92.838
461,270,car,0.6572,121.5,43.5,102,33,141,54,-0.012,-0.185,33.72,23.019,82.869
461,286,car,0.7158,455.5,127.5,435,109,476,146,-0.012,-0.185,14.145,13.721,49.395
461,298,car,0.6531,662.0,403.0,585,336,739,470,-0.012,-0.185,5.002,0.0,0.0
462,215,car,0.3829,477.5,21.0,468,13,487,29,0.007,0.203,48.436,15.501,55.805
462,244,car,0.6548,522.0,44.5,511,36,533,53,0.007,0.203,33.76,11.863,42.708
462,271,car,0.8217,402.5,55.0,390,44,415,66,0.007,0.203,27.013,13.984,50.343
462,281,car,0.5887,183.0,37.5,168,28,198,47,0.007,0.203,34.844,28.523,102.681
462,270,car,0.7707,117.5,45.0,98,34,137,56,0.007,0.203,33.004,25.171,90.617
462,286,car,0.8097,455.5,123.0,435,105,476,141,0.007,0.203,14.25,12.122,43.641
462,298,car,0.7581,648.5,389.0,576,316,721,462,0.007,0.203,5.131,4.859,17.494
463,215,car,0.4911,477.0,20.0,468,12,486,28,0.0,-0.317,48.957,14.345,51.643
463,244,car,0.658,520.5,42.5,509,34,532,51,0.0,-0.317,34.317,10.569,38.048
463,271,car,0.706,403.0,53.0,391,42,415,64,0.0,-0.317,27.384,12.141,43.709
463,281,car,0.4288,179.0,38.0,164,28,194,48,0.0,-0.317,34.857,29.764,107.15
463,270,car,0.6158,113.5,45.5,93,34,134,57,0.0,-0.317,32.942,26.187,94.274
463,286,car,0.8031,455.0,118.5,435,101,475,136,0.0,-0.317,14.655,10.659,38.373
463,298,car,0.6632,637.5,370.0,570,299,705,441,0.0,-0.317,5.398,4.988,17.955
464,215,car,0.425,476.0,19.5,467,12,485,27,-0.011,0.007,49.459,13.587,48.913
464,244,car,0.7455,520.0,41.5,508,33,532,50,-0.011,0.007,35.146,9.825,35.371
464,271,car,0.64,404.5,52.5,393,42,416,63,-0.011,0.007,27.755,10.717,38.581
464,281,car,0.4903,174.0,39.5,160,30,188,49,-0.011,0.007,34.883,29.96,107.856
464,270,car,0.544,108.5,47.5,88,36,129,59,-0.011,0.007,32.394,26.72,96.192
464,286,car,0.7923,455.0,115.0,436,98,474,132,-0.011,0.007,15.556,9.824,35.367
464,298,car,0.7334,627.5,349.0,564,282,691,416,-0.011,0.007,5.895,5.008,18.028
465,215,car,0.4222,475.0,18.5,466,11,484,26,-0.082,-0.098,51.091,13.851,49.862
465,244,car,0.7106,519.5,40.5,508,32,531,49,-0.082,-0.098,35.929,9.565,34.433
465,271,car,0.5391,405.0,51.0,394,41,416,61,-0.082,-0.098,29.312,10.453,37.632
465,281,car,0.5168,170.0,42.0,156,33,184,51,-0.082,-0.098,34.678,29.708,106.95
465,270,car,0.606,104.5,48.5,84,37,125,60,-0.082,-0.098,32.425,26.473,95.304
465,286,car,0.7149,454.5,111.5,436,95,473,128,-0.082,-0.098,16.833,9.818,35.343
465,298,car,0.7885,618.0,329.5,559,267,677,392,-0.082,-0.098,6.899,5.553,19.99
466,215,car,0.3891,474.5,17.0,466,9,483,25,0.072,-0.152,53.361,15.344,55.239
466,244,car,0.6476,518.5,38.5,507,30,530,47,0.072,-0.152,38.674,11.097,39.95
466,271,car,0.7178,405.0,48.5,394,38,416,59,0.072,-0.152,31.858,11.809,42.512
466,281,car,0.4785,166.0,43.0,151,33,181,53,0.072,-0.152,34.879,28.606,102.981
466,270,car,0.6426,99.5,50.5,79,38,120,63,0.072,-0.152,32.132,25.937,93.373
466,286,car,0.7513,454.0,107.5,436,91,472,124,0.072,-0.152,17.685,10.184,36.663
466,298,car,0.8209,609.5,310.5,554,253,665,368,0.072,-0.152,7.363,6.268,22.566
467,215,car,0.2984,474.5,16.0,466,7,483,25,-0.033,0.086,55.099,17.273,62.181
467,244,car,0.6722,517.5,38.0,506,29,529,47,-0.033,0.086,39.441,12.411,44.681
467,271,car,0.8125,405.5,47.0,394,37,417,57,-0.033,0.086,33.111,13.346,48.044
467,281,car,0.5896,163.0,43.5,147,33,179,54,-0.033,0.086,35.097,26.982,97.134
467,270,car,0.6198,94.5,52.5,74,40,115,65,-0.033,0.086,31.921,25.102,90.368
467,286,car,0.7926,454.0,104.0,436,88,472,120,-0.033,0.086,18.295,10.638,38.295
467,298,car,0.7927,602.0,294.5,550,242,654,347,-0.033,0.086,7.737,6.868,24.726
468,244,car,0.7264,516.5,37.0,505,28,528,46,-0.011,-0.113,40.614,13.888,49.997
468,271,car,0.8681,406.0,45.5,395,36,417,55,-0.011,-0.113,33.929,14.7,52.92
468,281,car,0.7095,159.5,45.0,143,34,176,56,-0.011,-0.113,34.973,25.387,91.392
468,270,car,0.6907,89.5,54.0,68,41,111,67,-0.011,-0.113,31.765,24.044,86.557
468,286,car,0.7214,452.5,100.0,435,85,470,115,-0.011,-0.113,19.126,11.295,40.663
468,298,car,0.7858,594.5,278.5,546,230,643,327,-0.011,-0.113,8.182,7.552,27.189
469,244,car,0.74,515.5,36.0,504,27,527,45,0.003,0.023,41.688,15.404,55.453
469,271,car,0.865,406.5,44.0,396,34,417,54,0.003,0.023,34.598,15.832,56.995
469,281,car,0.6716,155.5,46.0,138,35,173,57,0.003,0.023,34.886,23.678,85.241
469,270,car,0.7205,85.0,55.5,63,43,107,68,0.003,0.023,31.58,22.853,82.272
469,286,car,0.7094,453.5,97.5,436,82,471,113,0.003,0.023,19.686,11.878,42.762
469,298,car,0.7788,588.5,264.5,542,220,635,309,0.003,0.023,8.601,7.821,28.156
470,244,car,0.73,515.0,35.0,504,27,526,43,-0.044,-0.043,42.597,16.777,60.396
470,271,car,0.8503,407.0,42.5,396,33,418,52,-0.044,-0.043,35.396,16.837,60.614
470,281,car,0.6859,150.5,47.0,133,35,168,59,-0.044,-0.043,34.386,22.293,80.254
470,270,car,0.7455,79.5,56.5,57,44,102,69,-0.044,-0.043,31.513,21.521,77.477
470,286,car,0.8343,452.5,94.5,436,80,469,109,-0.044,-0.043,20.356,12.494,44.98
470,298,car,0.8265,581.5,252.0,538,211,625,293,-0.044,-0.043,9.0,8.101,29.165
471,244,car,0.7409,514.0,34.5,503,26,525,43,0.012,0.062,40.925,16.237,58.452
471,271,car,0.8126,407.5,41.5,397,32,418,51,0.012,0.062,33.784,16.096,57.947
471,281,car,0.6865,146.0,48.5,128,36,164,61,0.012,0.062,31.337,22.869,82.327
471,270,car,0.6746,74.5,58.5,51,46,98,71,0.012,0.062,28.885,21.938,78.977
471,286,car,0.6663,453.0,91.0,436,77,470,105,0.012,0.062,19.474,12.131,43.672
471,298,car,0.7578,576.5,240.0,536,200,617,280,0.012,0.062,8.523,7.884,28.382
472,244,car,0.7301,513.5,34.5,503,27,524,42,-0.001,0.04,40.896,15.427,55.538
472,271,car,0.7669,408.0,40.5,397,31,419,50,-0.001,0.04,34.098,15.415,55.493
472,281,car,0.6604,141.5,50.0,123,37,160,63,-0.001,0.04,31.004,23.011,82.84
472,270,car,0.7446,68.0,60.5,45,48,91,73,-0.001,0.04,28.503,21.99,79.164
472,286,car,0.7114,452.5,88.5,436,74,469,103,-0.001,0.04,19.564,11.63,41.869
472,298,car,0.8383,571.5,229.5,532,192,611,267,-0.001,0.04,8.745,7.692,27.691
473,244,car,0.6629,512.5,33.5,502,26,523,41,-0.004,-0.041,41.024,14.654,52.755
473,271,car,0.7525,408.5,39.5,398,31,419,48,-0.004,-0.041,34.358,14.758,53.128
473,281,car,0.6853,136.5,52.5,118,40,155,65,-0.004,-0.041,30.781,22.827,82.177
473,270,car,0.4449,64.0,62.0,41,50,87,74,-0.004,-0.041,28.115,21.841,78.627
473,286,car,0.7054,452.5,85.5,436,72,469,99,-0.004,-0.041,19.821,11.213,40.368
473,298,car,0.7049,567.0,220.0,530,184,604,256,-0.004,-0.041,9.137,7.631,27.47
474,244,car,0.7002,512.0,32.5,502,25,522,40,0.021,0.056,41.15,13.881,49.971
474,271,car,0.7194,408.5,38.5,398,30,419,47,0.021,0.056,34.978,14.391,51.806
474,281,car,0.7546,131.5,54.0,112,41,151,67,0.021,0.056,30.927,22.016,79.257
474,270,car,0.4438,59.5,64.0,37,52,82,76,0.021,0.056,27.406,21.745,78.282
474,286,car,0.659,452.0,83.0,436,70,468,96,0.021,0.056,20.592,11.172,40.219
474,298,car,0.8346,562.5,210.5,526,176,599,245,0.021,0.056,10.231,8.128,29.261
474,215,car,0.419,472.5,13.0,464,6,481,20,0.021,0.056,55.117,18.554,66.793
475,244,car,0.6422,511.5,31.0,502,23,521,39,-0.001,-0.056,42.289,13.821,49.755
475,271,car,0.7017,409.0,36.5,399,28,419,45,-0.001,-0.056,36.8,15.098,54.353
475,281,car,0.7709,127.5,55.0,107,42,148,68,-0.001,-0.056,31.012,20.869,75.129
475,270,car,0.4435,52.5,65.5,29,53,76,78,-0.001,-0.056,27.143,21.309,76.712
475,286,car,0.6301,452.0,81.0,437,68,467,94,-0.001,-0.056,21.663,11.592,41.73
475,298,car,0.8211,559.5,202.0,525,169,594,235,-0.001,-0.056,11.373,9.055,32.597
475,215,car,0.4865,472.5,12.0,464,5,481,19,-0.001,-0.056,55.731,19.262,69.344
476,244,car,0.498,510.5,30.5,501,23,520,38,-0.045,0.071,43.354,14.136,50.89
476,271,car,0.6866,409.5,35.5,399,27,420,44,-0.045,0.071,38.39,16.312,58.722
476,281,car,0.7518,121.0,57.5,101,44,141,71,-0.045,0.071,30.943,19.802,71.287
476,270,car,0.4412,45.0,67.5,20,54,70,81,-0.045,0.071,27.444,20.358,73.289
476,286,car,0.6801,451.5,78.0,437,65,466,91,-0.045,0.071,23.755,13.081,47.091
476,298,car,0.7965,555.5,194.0,522,163,589,225,-0.045,0.071,11.928,9.896,35.624
476,215,car,0.4776,472.0,11.0,464,4,480,18,-0.045,0.071,56.418,19.849,71.456
477,244,car,0.6228,510.5,29.5,501,22,520,37,-0.03,-0.059,44.968,15.185,54.666
477,271,car,0.7201,409.5,34.5,399,26,420,43,-0.03,-0.059,39.751,17.74,63.865
477,281,car,0.7381,115.5,59.0,95,45,136,73,-0.03,-0.059,30.938,18.547,66.77
477,270,car,0.5366,38.0,69.0,12,55,64,83,-0.03,-0.059,28.087,18.87,67.933
477,286,car,0.583,451.5,75.5,437,62,466,89,-0.03,-0.059,24.818,14.567,52.443
477,298,car,0.7304,552.0,186.0,520,156,584,216,-0.03,-0.059,12.5,10.673,38.424
477,215,car,0.4284,471.5,10.0,464,3,479,17,-0.03,-0.059,57.445,20.519,73.867
478,244,car,0.5579,509.5,27.5,500,19,519,36,0.007,-0.008,48.244,17.927,64.537
478,271,car,0.7116,410.0,33.0,400,24,420,42,0.007,-0.008,41.494,19.609,70.593
478,281,car,0.7463,110.0,60.5,88,46,132,75,0.007,-0.008,30.542,17.489,62.96
478,286,car,0.64,451.5,72.5,437,60,466,85,0.007,-0.008,25.826,16.03,57.708
478,298,car,0.7949,549.0,179.0,518,150,580,208,0.007,-0.008,12.967,11.312,40.725
478,215,car,0.3704,471.5,9.5,464,3,479,16,0.007,-0.008,58.378,21.164,76.19
479,244,car,0.3615,509.0,26.5,499,18,519,35,-0.059,-0.031,49.368,20.217,72.781
479,271,car,0.74,410.5,31.0,400,22,421,40,-0.059,-0.031,43.242,21.754,78.314
479,281,car,0.6187,102.5,64.0,81,50,124,78,-0.059,-0.031,29.101,17.458,62.848
479,286,car,0.6513,451.0,70.5,437,59,465,82,-0.059,-0.031,26.354,17.06,61.418
479,298,car,0.8132,546.5,172.0,517,144,576,200,-0.059,-0.031,13.409,11.832,42.595
479,215,car,0.3353,471.5,9.0,464,3,479,15,-0.059,-0.031,59.304,21.792,78.451
479,270,car,0.549,19.0,75.0,0,62,38,88,-0.059,-0.031,28.995,19.339,69.62
480,244,car,0.4582,508.5,25.5,498,17,519,34,0.01,-0.003,50.618,22.285,80.227
480,271,car,0.7574,411.0,30.5,400,21,422,40,0.01,-0.003,43.679,23.033,82.92
480,281,car,0.7278,97.0,65.5,75,51,119,80,0.01,-0.003,28.501,17.284,62.222
480,286,car,0.6985,451.0,69.0,437,57,465,81,0.01,-0.003,26.8,17.718,63.785
480,298,car,0.8201,544.0,165.0,515,136,573,194,0.01,-0.003,13.963,12.328,44.379
480,215,car,0.2738,471.5,8.5,464,2,479,15,0.01,-0.003,60.326,22.467,80.883
480,270,car,0.4115,16.5,76.5,0,63,33,90,0.01,-0.003,29.141,16.997,61.189
481,244,car,0.302,507.0,25.0,496,17,518,33,-0.021,-0.002,48.619,21.88,78.769
481,271,car,0.7603,411.5,29.0,401,20,422,38,-0.021,-0.002,42.443,22.685,81.665
481,281,car,0.5444,88.5,68.0,67,54,110,82,-0.021,-0.002,25.498,18.849,67.856
481,286,car,0.7066,451.0,66.5,437,55,465,78,-0.021,-0.002,25.911,17.259,62.131
481,298,car,0.7761,541.0,159.0,513,131,569,187,-0.021,-0.002,12.727,11.63,41.868
481,270,car,0.3864,16.5,78.0,0,63,33,93,-0.021,-0.002,28.078,15.7,56.518
482,244,car,0.3928,506.0,24.0,495,16,517,32,0.035,-0.004,49.33,21.63,77.869
482,271,car,0.7914,411.5,28.0,401,20,422,36,0.035,-0.004,43.095,22.344,80.44
482,281,car,0.5955,82.0,70.0,60,55,104,85,0.035,-0.004,25.32,19.68,70.848
482,286,car,0.6432,451.0,64.5,436,53,466,76,0.035,-0.004,26.107,16.666,59.997
482,298,car,0.6833,539.5,153.5,512,127,567,180,0.035,-0.004,12.908,10.995,39.581
483,244,car,0.3515,505.5,23.5,495,16,516,31,-0.068,-0.01,49.617,21.133,76.078
483,271,car,0.7111,412.0,27.0,402,19,422,35,-0.068,-0.01,43.533,21.907,78.865
483,281,car,0.6587,77.0,72.5,52,57,102,88,-0.068,-0.01,25.241,19.958,71.847
483,286,car,0.6113,450.5,62.5,436,52,465,73,-0.068,-0.01,26.302,16.01,57.637
483,298,car,0.7462,537.5,149.0,511,124,564,174,-0.068,-0.01,13.204,10.473,37.703
484,244,car,0.4612,504.5,22.5,494,15,515,30,-0.024,0.012,50.72,21.1,75.961
484,271,car,0.6665,412.5,25.5,402,18,423,33,-0.024,0.012,45.522,22.504,81.014
484,281,car,0.6118,69.5,74.5,44,59,95,90,-0.024,0.012,25.196,19.685,70.867
484,286,car,0.6273,451.0,61.0,437,50,465,72,-0.024,0.012,26.705,15.442,55.593
484,298,car,0.6358,535.5,143.5,509,119,562,168,-0.024,0.012,13.953,10.388,37.395
485,244,car,0.3863,503.5,22.5,494,15,513,30,0.034,-0.001,50.436,20.331,73.192
485,271,car,0.6704,413.0,25.5,403,18,423,33,0.034,-0.001,45.372,22.228,80.022
485,281,car,0.4238,63.0,77.5,38,62,88,93,0.034,-0.001,24.678,19.466,70.078
485,286,car,0.7046,450.5,59.5,437,49,464,70,0.034,-0.001,27.477,15.208,54.749
485,298,car,0.7071,531.5,138.0,506,114,557,162,0.034,-0.001,15.746,11.274,40.585
486,244,car,0.4173,502.5,21.5,493,14,512,29,-0.014,-0.019,51.737,20.294,73.058
486,271,car,0.5018,413.5,24.0,404,17,423,31,-0.014,-0.019,47.026,22.773,81.985
486,286,car,0.6681,451.0,57.5,437,47,465,68,-0.014,-0.019,30.042,16.456,59.243
486,298,car,0.6876,529.5,133.5,505,110,554,157,-0.014,-0.019,16.709,12.302,44.286
487,244,car,0.5057,502.0,20.5,493,13,511,28,0.026,0.017,52.672,20.472,73.699
487,271,car,0.5569,414.0,23.5,405,16,423,31,0.026,0.017,47.604,22.988,82.758
487,286,car,0.6907,450.5,55.5,437,45,464,66,0.026,0.017,31.82,18.197,65.511
487,298,car,0.6839,527.5,129.5,504,107,551,152,0.026,0.017,17.312,13.174,47.427
487,281,car,0.6375,46.5,83.5,19,67,74,100,0.026,0.017,25.037,19.475,70.112
488,244,car,0.4837,501.0,20.0,492,13,510,27,0.01,-0.006,53.232,20.479,73.723
488,271,car,0.4997,414.0,22.5,405,15,423,30,0.01,-0.006,48.732,23.438,84.378
488,286,car,0.6288,451.0,53.5,438,43,464,64,0.01,-0.006,32.784,19.717,70.98
488,298,car,0.757,526.0,125.5,503,103,549,148,0.01,-0.006,17.877,13.9,50.041
488,281,car,0.4785,37.5,86.0,9,70,66,102,0.01,-0.006,25.489,18.228,65.62
489,244,car,0.4317,500.5,20.0,492,13,509,27,-0.007,0.037,53.318,20.052,72.187
489,271,car,0.383,414.0,22.0,405,14,423,30,-0.007,0.037,49.151,23.498,84.594
489,286,car,0.5982,450.0,52.0,437,42,463,62,-0.007,0.037,33.454,20.815,74.932
489,298,car,0.8229,524.0,122.0,502,101,546,143,-0.007,0.037,18.401,14.463,52.067
489,281,car,0.404,27.5,88.5,1,71,54,106,-0.007,0.037,25.354,17.161,61.781
490,244,car,0.4082,500.5,19.5,492,13,509,26,0.04,-0.012,53.803,19.669,70.81
490,271,car,0.3776,414.0,21.0,405,13,423,29,0.04,-0.012,50.186,23.762,85.543
490,286,car,0.6136,449.5,51.0,437,41,462,61,0.04,-0.012,33.832,21.379,76.964
490,298,car,0.7092,522.5,118.0,501,97,544,139,0.04,-0.012,18.999,14.969,53.889
490,281,car,0.3002,21.5,92.0,0,74,43,110,0.04,-0.012,25.293,15.963,57.467
491,244,car,0.3285,500.0,19.0,492,12,508,26,-0.023,0.014,52.055,17.773,63.983
491,271,car,0.4383,414.5,20.0,405,12,424,28,-0.023,0.014,49.139,22.733,81.839
491,286,car,0.5931,449.5,50.0,438,40,461,60,-0.023,0.014,31.077,19.47,70.093
491,298,car,0.7381,520.5,115.0,500,94,541,136,-0.023,0.014,16.407,13.335,48.006
492,244,car,0.2656,499.5,18.0,491,11,508,25,0.029,0.016,52.381,16.301,58.684
492,271,car,0.4095,415.0,20.0,406,12,424,28,0.029,0.016,49.114,21.383,76.978
492,286,car,0.652,448.5,48.0,437,38,460,58,0.029,0.016,31.242,17.858,64.288
492,298,car,0.7116,519.0,110.5,498,90,540,131,0.029,0.016,16.601,12.079,43.483
493,271,car,0.4324,415.0,19.0,406,11,424,27,-0.019,-0.019,49.703,20.417,73.5
493,286,car,0.6858,448.5,46.5,437,37,460,56,-0.019,-0.019,31.42,16.384,58.982
493,298,car,0.7509,517.5,107.0,496,87,539,127,-0.019,-0.019,16.893,11.05,39.779
494,271,car,0.2732,415.5,18.0,407,10,424,26,0.005,-0.005,50.468,19.802,71.287
494,286,car,0.687,449.0,45.0,438,36,460,54,0.005,-0.005,31.945,15.325,55.172
494,298,car,0.8285,516.0,103.5,495,84,537,123,0.005,-0.005,17.657,10.563,38.028
495,286,car,0.6924,449.0,43.0,438,34,460,52,-0.006,0.004,33.913,15.58,56.086
495,298,car,0.8373,514.5,101.0,495,82,534,120,-0.006,0.004,18.597,10.571,38.054
496,286,car,0.6957,449.0,42.0,438,33,460,51,0.022,-0.003,35.29,16.297,58.668
496,298,car,0.8002,514.0,98.5,495,80,533,117,0.022,-0.003,19.785,11.143,40.115
496,327,car,0.4441,296.5,14.0,286,6,307,22,0.022,-0.003,54.395,0.0,0.0
497,286,car,0.692,449.0,41.0,438,32,460,50,0.025,-0.001,36.445,17.239,62.062
497,298,car,0.7535,512.5,96.5,494,79,531,114,0.025,-0.001,20.69,11.9,42.84
497,327,car,0.5879,294.5,15.0,284,7,305,23,0.025,-0.001,54.286,0.0,0.0
497,244,car,0.3626,496.5,13.0,487,5,506,21,0.025,-0.001,55.928,17.937,64.573
498,286,car,0.5843,449.5,40.0,438,32,461,48,0.068,0.019,37.514,18.27,65.773
498,298,car,0.6679,511.5,93.0,493,76,530,110,0.068,0.019,21.908,13.051,46.982
498,327,car,0.5475,292.0,16.5,281,9,303,24,0.068,0.019,54.106,0.0,0.0
498,244,car,0.3806,496.0,13.0,487,5,505,21,0.068,0.019,55.883,18.052,64.986
499,286,car,0.482,449.0,38.5,438,30,460,47,0.021,-0.017,38.57,19.354,69.673
499,298,car,0.6964,511.5,91.0,492,74,531,108,0.021,-0.017,22.532,13.986,50.351
499,327,car,0.552,290.0,17.0,279,9,301,25,0.021,-0.017,54.006,0.0,0.0
499,244,car,0.3628,495.0,13.0,486,5,504,21,0.021,-0.017,55.901,17.737,63.852
500,286,car,0.6229,449.0,37.0,438,28,460,46,0.035,-0.025,39.421,20.297,73.069
500,298,car,0.6888,511.5,88.0,491,71,532,105,0.035,-0.025,23.35,14.941,53.787
500,327,car,0.6766,288.5,18.0,277,10,300,26,0.035,-0.025,53.815,5.181,18.653
500,244,car,0.285,494.5,12.0,486,4,503,20,0.035,-0.025,57.243,18.135,65.288
500,328,car,0.5035,244.0,15.5,232,8,256,23,0.035,-0.025,57.725,0.0,0.0
501,286,car,0.6848,448.0,35.5,437,27,459,44,0.008,-0.021,44.684,24.099,86.755
501,298,car,0.642,511.5,86.0,490,70,533,102,0.008,-0.021,23.315,15.258,54.928
501,327,car,0.6557,286.0,18.5,275,10,297,27,0.008,-0.021,51.955,7.192,25.892
501,328,car,0.5044,241.0,16.0,229,8,253,24,0.008,-0.021,57.499,0.0,0.0
502,286,car,0.6244,448.0,34.5,437,26,459,43,0.013,-0.028,44.758,26.343,94.833
502,298,car,0.356,510.5,84.5,489,69,532,100,0.013,-0.028,23.581,15.306,55.103
502,327,car,0.6218,284.5,20.0,273,11,296,29,0.013,-0.028,51.655,8.626,31.053
502,328,car,0.4847,237.5,17.0,225,9,250,25,0.013,-0.028,57.21,0.0,0.0
502,332,car,0.5635,697.0,428.5,617,388,777,469,0.013,-0.028,5.593,0.0,0.0
502,244,car,0.3232,492.5,10.5,484,2,501,19,0.013,-0.028,67.405,23.576,84.874
503,286,car,0.6604,448.0,34.0,437,26,459,42,0.002,-0.054,44.905,27.449,98.817
503,298,car,0.5366,507.5,81.5,489,66,526,97,0.002,-0.054,23.588,15.076,54.273
503,327,car,0.5987,282.0,20.5,270,11,294,30,0.002,-0.054,51.738,8.823,31.762
503,328,car,0.429,234.0,17.5,221,9,247,26,0.002,-0.054,57.106,0.0,0.0
503,332,car,0.6073,685.5,418.5,609,368,762,469,0.002,-0.054,5.995,0.0,0.0
503,244,car,0.3257,492.0,9.5,483,1,501,18,0.002,-0.054,69.353,29.533,106.318
504,286,car,0.7576,448.5,33.0,438,25,459,41,-0.047,-0.071,45.409,28.02,100.873
504,298,car,0.3907,505.0,80.0,488,65,522,95,-0.047,-0.071,23.775,14.652,52.746
504,327,car,0.6149,280.0,22.0,268,13,292,31,-0.047,-0.071,51.624,8.945,32.204
504,328,car,0.4144,231.5,18.0,218,9,245,27,-0.047,-0.071,57.019,7.183,25.857
504,332,car,0.4864,674.5,407.0,597,345,752,469,-0.047,-0.071,6.263,0.0,0.0
504,244,car,0.2885,491.5,8.5,483,1,500,16,-0.047,-0.071,71.339,34.557,124.404
504,336,truck,0.4885,469.5,376.0,409,292,530,460,-0.047,-0.071,5.265,0.0,0.0
505,286,car,0.7658,448.5,32.0,438,24,459,40,0.004,-0.071,46.508,28.558,102.807
505,298,car,0.6648,503.0,77.0,487,62,519,92,0.004,-0.071,25.698,15.364,55.31
505,327,car,0.6537,278.0,22.5,266,13,290,32,0.004,-0.071,51.666,8.307,29.907
505,328,car,0.5251,228.5,19.0,215,10,242,28,0.004,-0.071,56.803,7.225,26.009
505,332,car,0.8083,662.0,394.0,588,323,736,465,0.004,-0.071,6.488,0.0,0.0
505,244,car,0.3004,491.5,8.5,483,1,500,16,0.004,-0.071,71.339,37.328,134.381
505,336,car,0.4808,468.5,355.0,412,277,525,433,0.004,-0.071,7.065,0.0,0.0
506,286,car,0.7098,448.0,30.5,437,22,459,39,-0.038,-0.189,48.942,29.996,107.985
506,298,car,0.7571,502.5,74.0,487,59,518,89,-0.038,-0.189,27.9,17.03,61.308
506,327,car,0.6474,276.0,23.0,264,13,288,33,-0.038,-0.189,51.776,7.512,27.043
506,328,car,0.5631,225.0,20.0,211,11,239,29,-0.038,-0.189,56.547,7.618,27.425
506,332,car,0.3816,649.5,374.0,581,303,718,445,-0.038,-0.189,6.852,4.377,15.757
506,244,car,0.2668,490.5,8.0,482,1,499,15,-0.038,-0.189,73.57,40.043,144.156
506,336,truck,0.46,466.5,330.0,414,259,519,401,-0.038,-0.189,7.704,0.0,0.0
507,286,car,0.6164,448.0,29.5,437,21,459,38,0.002,-0.158,50.653,31.515,113.454
507,298,car,0.7266,501.5,72.0,486,57,517,87,0.002,-0.158,29.561,18.947,68.21
507,327,car,0.6617,273.5,24.5,261,15,286,34,0.002,-0.158,51.622,7.521,27.076
507,328,car,0.6776,221.5,20.5,207,11,236,30,0.002,-0.158,56.458,7.743,27.875
507,332,truck,0.4498,638.5,352.5,575,285,702,420,0.002,-0.158,7.289,5.175,18.629
507,244,car,0.2505,490.0,8.0,482,1,498,15,0.002,-0.158,73.57,41.076,147.874
507,336,car,0.5161,464.5,308.0,415,243,514,373,0.002,-0.158,8.254,0.0,0.0
508,286,car,0.6115,447.5,28.0,437,20,458,36,-0.063,-0.205,52.645,33.305,119.898
508,298,car,0.5661,500.5,70.5,485,57,516,84,-0.063,-0.205,30.498,20.528,73.901
508,327,car,0.5343,271.0,25.0,259,15,283,35,-0.063,-0.205,51.815,7.241,26.069
508,328,car,0.6963,218.5,21.0,204,10,233,32,-0.063,-0.205,56.51,7.362,26.504
508,332,truck,0.4953,627.5,330.0,569,269,686,391,-0.063,-0.205,7.799,6.145,22.12
508,336,truck,0.5304,463.0,287.5,416,229,510,346,-0.063,-0.205,8.861,7.739,27.861
509,286,car,0.6072,447.5,27.5,437,20,458,35,-0.069,-0.13,53.371,34.294,123.458
509,298,car,0.6716,499.0,69.0,484,55,514,83,-0.069,-0.13,31.413,21.834,78.602
509,327,car,0.6415,268.5,26.0,256,16,281,36,-0.069,-0.13,51.615,7.094,25.537
509,328,car,0.6638,215.5,22.0,201,11,230,33,-0.069,-0.13,56.117,7.397,26.63
509,332,car,0.3611,618.0,310.0,563,254,673,366,-0.069,-0.13,8.293,7.032,25.316
509,336,truck,0.5316,462.0,270.5,418,217,506,324,-0.069,-0.13,9.414,8.311,29.918
510,286,car,0.5471,447.5,26.5,438,19,457,34,0.099,-0.115,54.201,34.847,125.448
510,298,car,0.7751,498.5,66.5,484,53,513,80,0.099,-0.115,32.592,23.141,83.308
510,327,car,0.5913,266.5,27.0,254,17,279,37,0.099,-0.115,51.233,7.02,25.273
510,328,car,0.7793,212.5,22.5,198,11,227,34,0.099,-0.115,55.92,7.433,26.757
510,332,car,0.5395,610.5,292.0,558,241,663,343,0.099,-0.115,8.805,7.904,28.453
510,336,car,0.4852,460.0,255.0,418,206,502,304,0.099,-0.115,9.996,9.065,32.632
511,286,car,0.3795,447.5,26.0,438,19,457,33,-0.02,-0.085,48.859,30.814,110.931
511,298,car,0.676,498.0,65.0,484,52,512,78,-0.02,-0.085,27.592,20.225,72.81
511,327,car,0.5729,263.5,29.0,251,19,276,39,-0.02,-0.085,40.817,9.126,32.855
511,328,car,0.7279,209.5,23.5,195,11,224,36,-0.02,-0.085,46.606,9.662,34.785
511,332,car,0.5946,602.0,276.5,553,230,651,323,-0.02,-0.085,8.29,7.44,26.785
511,336,car,0.557,459.0,240.5,419,194,499,287,-0.02,-0.085,8.928,7.9,28.438
512,286,car,0.2994,447.5,25.0,438,18,457,32,0.004,-0.086,49.097,27.433,98.759
512,298,car,0.5817,497.5,63.5,484,50,511,77,0.004,-0.086,27.657,17.725,63.809
512,327,car,0.4413,261.0,30.5,248,20,274,41,0.004,-0.086,40.636,11.864,42.711
512,328,car,0.6334,205.5,24.0,191,11,220,37,0.004,-0.086,46.478,12.561,45.22
512,332,car,0.5018,596.0,262.5,550,220,642,305,0.004,-0.086,8.627,7.254,26.115
512,336,car,0.6018,458.5,228.5,421,184,496,273,0.004,-0.086,9.033,6.938,24.977
513,286,car,0.2622,447.5,24.5,438,18,457,31,-0.021,-0.108,49.298,24.464,88.072
513,298,car,0.6837,497.0,62.5,483,50,511,75,-0.021,-0.108,27.74,15.544,55.959
513,327,car,0.6235,258.5,31.5,245,21,272,42,-0.021,-0.108,40.575,15.423,55.525
513,328,car,0.6558,203.0,25.0,189,12,217,38,-0.021,-0.108,46.247,16.015,57.654
513,332,car,0.6561,589.0,250.0,545,210,633,290,-0.021,-0.108,9.109,7.343,26.436
513,336,car,0.466,457.5,216.0,421,174,494,258,-0.021,-0.108,9.28,6.522,23.48
514,298,car,0.7445,496.5,61.0,482,49,511,73,-0.011,0.001,27.919,13.804,49.695
514,327,car,0.5968,255.5,32.5,241,21,270,44,-0.011,0.001,40.592,18.005,64.819
514,328,car,0.7408,199.0,25.5,184,12,214,39,-0.011,0.001,46.589,17.826,64.174
514,332,car,0.5712,583.0,238.0,542,200,624,276,-0.011,0.001,10.413,8.07,29.051
514,336,car,0.5428,457.0,205.5,422,166,492,245,-0.011,0.001,10.195,7.129,25.663
515,298,car,0.6618,496.5,59.5,482,47,511,72,0.035,-0.056,28.165,12.398,44.632
515,327,car,0.6194,252.0,34.5,237,23,267,46,0.035,-0.056,40.385,19.721,70.995
515,328,car,0.7797,195.5,26.5,180,12,211,41,0.035,-0.056,46.727,18.712,67.364
515,332,car,0.6209,577.5,227.5,539,192,616,263,0.035,-0.056,11.467,9.098,32.751
515,336,truck,0.4402,456.5,195.5,424,157,489,234,0.035,-0.056,12.489,8.574,30.866
516,298,car,0.7081,496.0,57.0,481,44,511,70,0.01,-0.046,30.4,12.661,45.58
516,327,car,0.6186,248.5,36.0,234,25,263,47,0.01,-0.046,40.359,20.503,73.81
516,328,car,0.5506,191.5,28.5,176,14,207,43,0.01,-0.046,46.404,19.283,69.418
516,332,car,0.8055,572.0,216.0,535,183,609,249,0.01,-0.046,12.011,10.03,36.108
516,336,car,0.5112,456.0,186.0,424,149,488,223,0.01,-0.046,13.4,10.04,36.143
517,298,car,0.715,495.0,55.5,480,43,510,68,-0.006,-0.087,32.305,13.8,49.682
517,327,car,0.7068,246.0,37.0,231,25,261,49,-0.006,-0.087,40.399,20.554,73.995
517,328,car,0.5334,188.0,31.5,172,19,204,44,-0.006,-0.087,45.508,20.027,72.097
517,332,car,0.7285,568.0,207.5,533,176,603,239,-0.006,-0.087,12.52,10.802,38.887
517,336,car,0.438,456.0,178.5,425,145,487,212,-0.006,-0.087,13.937,11.224,40.408
518,298,car,0.6632,494.5,54.5,480,42,509,67,-0.024,-0.037,33.362,15.021,54.075
518,327,car,0.6984,243.0,38.5,228,27,258,50,-0.024,-0.037,40.426,20.166,72.599
518,328,car,0.518,182.5,35.5,166,25,199,46,-0.024,-0.037,44.387,21.065,75.835
518,332,car,0.6982,564.0,198.5,529,169,599,228,-0.024,-0.037,13.085,11.517,41.46
518,336,car,0.4751,455.0,170.0,425,137,485,203,-0.024,-0.037,14.574,12.287,44.233
519,298,car,0.6075,494.0,53.0,480,40,508,66,-0.036,-0.062,34.798,16.565,59.634
519,327,car,0.6078,239.5,40.5,224,28,255,53,-0.036,-0.062,40.225,19.666,70.797
519,328,car,0.4553,177.0,38.5,162,29,192,48,-0.036,-0.062,42.709,22.369,80.529
519,332,car,0.4526,560.5,191.0,527,162,594,220,-0.036,-0.062,13.588,12.106,43.58
519,336,car,0.4624,455.5,163.5,427,133,484,194,-0.036,-0.062,15.173,13.167,47.401
520,298,car,0.6314,493.5,51.0,480,39,507,63,-0.024,-0.046,36.098,18.231,65.632
520,327,car,0.5559,236.0,42.0,220,30,252,54,-0.024,-0.046,39.871,19.074,68.666
520,328,car,0.4089,173.0,40.0,158,31,188,49,-0.024,-0.046,41.875,23.236,83.65
520,332,car,0.6965,556.0,183.0,524,155,588,211,-0.024,-0.046,14.109,12.628,45.461
520,336,car,0.435,454.5,157.0,427,128,482,186,-0.024,-0.046,15.785,13.93,50.147
521,298,car,0.6234,492.5,50.5,479,39,506,62,-0.013,-0.041,32.165,16.316,58.739
521,327,car,0.6728,233.5,43.0,217,30,250,56,-0.013,-0.041,30.108,24.796,89.266
521,328,car,0.447,168.5,42.0,152,33,185,51,-0.013,-0.041,34.534,28.488,102.558
521,332,car,0.6516,553.0,175.5,523,149,583,202,-0.013,-0.041,12.258,11.625,41.851
521,336,car,0.5242,454.5,150.5,428,123,481,178,-0.013,-0.041,13.789,12.946,46.605
522,298,car,0.6392,491.5,49.5,479,38,504,61,-0.022,-0.049,32.176,14.62,52.632
522,327,car,0.5979,229.5,45.0,213,32,246,58,-0.022,-0.049,29.924,28.589,102.92
522,328,car,0.531,163.5,43.5,146,34,181,53,-0.022,-0.049,34.356,31.705,114.136
522,332,car,0.666,550.0,168.5,521,143,579,194,-0.022,-0.049,12.656,10.894,39.218
522,336,car,0.4999,454.0,145.5,428,119,480,172,-0.022,-0.049,14.146,12.148,43.734
522,357,car,0.4407,179.0,25.5,165,17,193,34,-0.022,-0.049,41.73,0.0,0.0
523,298,car,0.6622,491.0,48.0,479,37,503,59,0.006,-0.032,32.249,13.172,47.421
523,327,car,0.684,225.5,46.5,209,34,242,59,0.006,-0.032,30.03,30.579,110.085
523,328,car,0.6336,159.0,44.5,141,35,177,54,0.006,-0.032,34.373,33.275,119.79
523,332,car,0.7693,546.0,161.5,518,137,574,186,0.006,-0.032,13.267,10.532,37.915
523,336,car,0.5801,453.0,139.5,429,114,477,165,0.006,-0.032,14.488,11.579,41.685
523,357,car,0.4477,176.0,25.5,161,17,191,34,0.006,-0.032,42.532,0.0,0.0
524,298,car,0.639,489.5,46.5,478,36,501,57,-0.033,-0.04,32.388,11.971,43.096
524,327,car,0.5413,222.0,48.0,205,35,239,61,-0.033,-0.04,30.193,31.232,112.436
524,328,car,0.6774,154.0,46.0,135,35,173,57,-0.033,-0.04,34.356,33.689,121.281
524,332,car,0.6809,544.0,156.0,517,132,571,180,-0.033,-0.04,14.418,10.755,38.716
524,336,car,0.4399,453.0,133.0,429,107,477,159,-0.033,-0.04,15.346,11.499,41.396
524,357,car,0.416,173.0,27.5,158,19,188,36,-0.033,-0.04,41.397,0.0,0.0
525,298,car,0.7058,488.5,45.0,477,34,500,56,-0.04,-0.043,33.169,11.34,40.824
525,327,car,0.6864,217.5,50.5,200,37,235,64,-0.04,-0.043,30.268,31.008,111.628
525,328,car,0.6424,148.5,47.0,129,36,168,58,-0.04,-0.043,34.548,33.05,118.98
525,332,car,0.6869,541.5,149.5,514,126,569,173,-0.04,-0.043,15.87,11.661,41.981
525,336,truck,0.5173,453.5,127.5,429,102,478,153,-0.04,-0.043,17.203,12.387,44.593
525,357,car,0.3701,169.0,28.0,154,19,184,37,-0.04,-0.043,42.229,0.0,0.0
526,298,car,0.7171,488.5,43.5,477,33,500,54,-0.011,-0.036,34.496,11.532,41.515
526,327,car,0.5309,213.5,52.5,195,39,232,66,-0.011,-0.036,30.361,30.067,108.241
526,328,car,0.7716,143.0,49.0,123,37,163,61,-0.011,-0.036,34.356,32.054,115.394
526,332,car,0.6365,540.0,144.5,514,122,566,167,-0.011,-0.036,16.556,12.506,45.02
526,336,car,0.5256,453.0,123.5,430,100,476,147,-0.011,-0.036,18.238,13.417,48.303
526,357,car,0.4947,165.5,29.5,150,21,181,38,-0.011,-0.036,41.998,6.896,24.826
526,362,truck,0.4073,453.0,125.0,430,101,476,149,-0.011,-0.036,17.901,0.0,0.0
526,363,car,0.4363,240.5,15.0,229,8,252,22,-0.011,-0.036,49.696,0.0,0.0
527,298,car,0.7499,488.5,42.5,477,32,500,53,-0.013,-0.005,35.814,12.284,44.223
527,327,car,0.586,208.5,54.0,189,40,228,68,-0.013,-0.005,30.617,28.523,102.683
527,328,car,0.5504,137.0,51.0,117,39,157,63,-0.013,-0.005,34.262,30.694,110.498
527,332,car,0.6149,536.5,139.0,511,117,562,161,-0.013,-0.005,17.274,13.329,47.984
527,336,car,0.5674,453.0,118.0,431,95,475,141,-0.013,-0.005,19.328,14.638,52.698
527,357,car,0.6263,163.0,30.5,148,21,178,40,-0.013,-0.005,41.983,6.018,21.666
527,362,truck,0.4089,452.0,120.5,429,97,475,144,-0.013,-0.005,18.868,0.0,0.0
527,363,car,0.4063,238.0,15.0,227,8,249,22,-0.013,-0.005,49.886,0.0,0.0
528,298,car,0.7286,487.5,41.5,476,31,499,52,-0.053,-0.006,37.224,13.506,48.62
528,327,car,0.6079,203.5,55.5,184,41,223,70,-0.053,-0.006,30.742,26.71,96.157
528,328,car,0.7019,131.0,53.0,110,40,152,66,-0.053,-0.006,33.63,29.464,106.07
528,332,car,0.6568,534.0,135.5,510,114,558,157,-0.053,-0.006,17.749,13.918,50.105
528,357,car,0.6461,159.5,32.0,144,23,175,41,-0.053,-0.006,41.761,6.091,21.929
528,362,car,0.6588,452.5,115.5,431,93,474,138,-0.053,-0.006,19.75,0.0,0.0
528,363,car,0.3124,235.5,16.0,225,9,246,23,-0.053,-0.006,49.776,0.0,0.0
529,298,car,0.7275,487.5,40.5,475,30,500,51,-0.003,-0.051,38.749,15.132,54.476
529,327,car,0.6958,199.0,58.0,179,43,219,73,-0.003,-0.051,30.636,24.969,89.887
529,328,car,0.7275,125.0,54.5,103,41,147,68,-0.003,-0.051,33.065,28.273,101.784
529,332,car,0.6042,532.0,130.5,509,110,555,151,-0.003,-0.051,18.349,14.478,52.122
529,357,car,0.6053,156.5,32.5,140,23,173,42,-0.003,-0.051,42.114,5.732,20.635
529,362,car,0.6371,452.0,111.5,431,89,473,134,-0.003,-0.051,20.459,0.0,0.0
529,363,car,0.3847,233.5,16.5,223,9,244,24,-0.003,-0.051,49.791,0.0,0.0
530,298,car,0.7469,486.5,39.5,474,29,499,50,0.039,-0.024,39.828,16.704,60.133
530,327,car,0.5725,194.0,60.5,174,46,214,75,0.039,-0.024,29.936,23.633,85.08
530,328,car,0.6759,118.0,57.0,96,44,140,70,0.039,-0.024,31.808,27.702,99.727
530,332,car,0.7084,529.0,126.0,506,106,552,146,0.039,-0.024,18.94,14.955,53.84
530,357,car,0.6722,153.0,33.5,137,24,169,43,0.039,-0.024,42.082,5.826,20.972
530,362,car,0.5167,451.5,107.5,431,86,472,129,0.039,-0.024,21.228,7.635,27.487
530,363,car,0.36,231.5,17.5,220,10,243,25,0.039,-0.024,49.422,4.763,17.147
530,336,truck,0.3766,451.0,106.0,430,84,472,128,0.039,-0.024,21.484,16.855,60.677
531,298,car,0.7623,486.5,38.5,474,29,499,48,-0.029,0.007,40.621,18.023,64.883
531,327,car,0.7033,189.0,62.5,168,47,210,78,-0.029,0.007,24.358,25.883,93.179
531,328,car,0.778,110.5,59.5,88,45,133,74,-0.029,0.007,28.778,28.73,103.427
531,332,car,0.738,527.0,121.0,505,101,549,141,-0.029,0.007,17.751,14.245,51.283
531,357,car,0.6447,149.5,34.5,133,25,166,44,-0.029,0.007,37.822,10.817,38.939
531,362,car,0.6084,451.0,103.5,431,82,471,125,-0.029,0.007,20.493,6.972,25.1
531,363,car,0.4769,229.5,18.0,218,10,241,26,-0.029,0.007,49.583,4.441,15.988
532,298,car,0.7194,486.5,37.5,474,28,499,47,0.012,0.036,40.792,18.698,67.313
532,327,car,0.7466,183.0,65.5,162,49,204,82,0.012,0.036,24.404,26.93,96.947
532,328,car,0.8282,103.5,62.0,80,48,127,76,0.012,0.036,28.158,29.265,105.353
532,332,car,0.635,525.0,118.5,504,100,546,137,0.012,0.036,17.93,13.468,48.484
532,357,car,0.6464,145.0,36.0,128,27,162,45,0.012,0.036,37.651,13.398,48.234
532,362,car,0.4729,451.0,99.5,431,79,471,120,0.012,0.036,20.594,6.492,23.371
532,363,car,0.389,227.0,18.5,215,11,239,26,0.012,0.036,49.408,4.638,16.696
533,298,car,0.7648,486.0,36.5,473,27,499,46,-0.03,-0.001,40.906,18.846,67.844
533,327,car,0.7218,178.5,69.0,157,52,200,86,-0.03,-0.001,24.754,26.91,96.878
533,328,car,0.7669,96.0,65.0,72,51,120,79,-0.03,-0.001,27.603,29.41,105.876
533,332,car,0.6571,523.5,115.0,503,98,544,132,-0.03,-0.001,18.401,12.957,46.644
533,357,car,0.7113,141.5,37.5,124,28,159,47,-0.03,-0.001,37.587,13.772,49.578
533,362,car,0.5336,451.0,96.0,431,76,471,116,-0.03,-0.001,20.838,6.23,22.428
533,363,car,0.5061,225.0,19.0,213,12,237,26,-0.03,-0.001,49.208,4.502,16.207
534,298,car,0.7365,485.5,35.5,473,26,498,45,-0.001,0.024,41.078,18.661,67.178
534,327,car,0.5604,171.5,71.5,149,54,194,89,-0.001,0.024,25.181,25.953,93.432
534,328,car,0.7665,88.5,67.0,64,52,113,82,-0.001,0.024,27.288,29.009,104.433
534,332,car,0.5765,521.5,111.5,501,94,542,129,-0.001,0.024,19.998,13.362,48.105
534,357,car,0.6499,138.0,38.0,120,28,156,48,-0.001,0.024,37.641,13.626,49.053
534,362,car,0.684,450.5,93.0,431,74,470,112,-0.001,0.024,21.222,6.322,22.761
534,363,car,0.5122,222.5,20.0,210,12,235,28,-0.001,0.024,49.088,4.867,17.522
535,298,car,0.6478,485.0,34.5,473,25,497,44,-0.029,-0.013,41.334,18.289,65.842
535,327,car,0.6959,166.5,74.0,143,56,190,92,-0.029,-0.013,25.315,24.603,88.571
535,328,car,0.8159,79.5,70.0,54,55,105,85,-0.029,-0.013,27.086,28.278,101.799
535,332,car,0.5893,520.5,107.5,501,90,540,125,-0.029,-0.013,21.528,14.406,51.862
535,357,car,0.6779,134.5,39.0,117,30,152,48,-0.029,-0.013,37.652,13.268,47.766
535,362,car,0.604,450.5,90.0,432,71,469,109,-0.029,-0.013,21.873,7.064,25.432
535,363,car,0.4887,220.5,20.5,208,13,233,28,-0.029,-0.013,49.082,4.632,16.676
536,298,car,0.6136,484.5,34.0,473,25,496,43,0.009,0.013,41.53,17.72,63.793
536,327,car,0.6737,159.5,77.0,135,59,184,95,0.009,0.013,25.524,23.047,82.969
536,328,car,0.7182,71.5,72.5,44,57,99,88,0.009,0.013,26.969,27.174,97.826
536,332,car,0.5767,519.0,103.5,500,86,538,121,0.009,0.013,22.887,15.759,56.733
536,357,car,0.6351,131.0,40.0,113,30,149,50,0.009,0.013,37.673,12.727,45.817
536,362,car,0.5071,450.5,86.5,432,68,469,105,0.009,0.013,24.102,10.619,38.228
536,363,car,0.6099,218.5,21.5,206,14,231,29,0.009,0.013,48.789,4.814,17.33
537,298,car,0.5907,484.0,33.0,473,24,495,42,-0.025,-0.013,42.6,17.677,63.637
537,327,car,0.683,153.5,80.0,128,61,179,99,-0.025,-0.013,25.469,21.459,77.254
537,328,car,0.5392,63.0,75.5,36,60,90,91,-0.025,-0.013,25.918,26.513,95.448
537,332,car,0.6759,517.5,100.0,498,83,537,117,-0.025,-0.013,24.017,17.141,61.708
537,357,car,0.6299,126.5,41.5,108,31,145,52,-0.025,-0.013,37.672,12.224,44.007
537,363,car,0.6311,215.5,22.5,203,15,228,30,-0.025,-0.013,48.676,5.058,18.211
538,298,car,0.5913,484.0,31.5,473,22,495,41,0.054,-0.039,45.206,19.072,68.66
538,327,car,0.6904,146.5,82.5,121,63,172,102,0.054,-0.039,25.541,19.875,71.549
538,328,car,0.4356,53.5,79.5,25,64,82,95,0.054,-0.039,24.51,26.455,95.237
538,332,car,0.7428,515.5,97.5,496,81,535,114,0.054,-0.039,24.8,18.26,65.737
538,357,car,0.6758,122.0,42.5,103,32,141,53,0.054,-0.039,37.688,11.633,41.877
538,363,car,0.7169,213.5,23.0,201,15,226,31,0.054,-0.039,48.536,5.03,18.109
538,362,car,0.5134,450.0,81.0,432,63,468,99,0.054,-0.039,27.408,13.519,48.67
539,298,car,0.6131,483.5,30.5,473,21,494,40,0.009,-0.009,46.836,20.738,74.655
539,327,car,0.6527,139.0,86.5,112,66,166,107,0.009,-0.009,24.801,18.863,67.907
539,328,car,0.3464,43.5,81.5,14,65,73,98,0.009,-0.009,23.964,26.084,93.901
539,332,car,0.7944,514.5,94.5,496,79,533,110,0.009,-0.009,25.703,19.302,69.487
539,357,car,0.7102,118.0,43.5,99,33,137,54,0.009,-0.009,37.609,10.987,39.554
539,363,car,0.6068,211.0,24.0,198,16,224,32,0.009,-0.009,47.787,5.417,19.501
540,298,car,0.5872,482.5,30.0,472,21,493,39,-0.063,0.04,47.414,21.84,78.622
540,327,car,0.6333,131.0,91.0,103,71,159,111,-0.063,0.04,23.77,18.405,66.258
540,328,car,0.5679,26.5,85.5,3,69,50,102,-0.063,0.04,22.985,26.103,93.969
540,332,car,0.7064,513.5,92.0,495,77,532,107,-0.063,0.04,26.371,20.07,72.251
540,357,car,0.6888,114.0,45.0,95,34,133,56,-0.063,0.04,36.769,10.808,38.909
540,363,car,0.5986,208.0,25.0,195,17,221,33,-0.063,0.04,47.132,6.034,21.724
540,362,car,0.4491,449.5,76.0,433,59,466,93,-0.063,0.04,28.73,16.225,58.409
541,298,car,0.6152,482.5,29.0,472,20,493,38,0.001,0.02,47.377,22.17,79.812
541,327,car,0.7172,123.0,94.0,94,74,152,114,0.001,0.02,21.39,19.122,68.839
541,328,car,0.4884,19.5,89.5,0,72,39,107,0.001,0.02,23.901,24.877,89.556
541,332,car,0.813,512.5,90.0,494,75,531,105,0.001,0.02,22.704,17.758,63.93
541,357,car,0.7388,109.5,46.0,90,35,129,57,0.001,0.02,35.793,11.049,39.777
541,363,car,0.6675,205.5,26.5,192,18,219,35,0.001,0.02,46.863,6.6,23.758
541,362,car,0.3057,449.5,73.5,433,57,466,90,0.001,0.02,26.295,16.126,58.055
542,298,car,0.567,482.0,28.5,472,20,492,37,-0.0,0.002,47.396,21.89,78.805
542,327,car,0.6843,113.5,98.5,83,77,144,120,-0.0,0.002,20.969,19.582,70.494
542,332,car,0.4941,511.5,87.0,493,73,530,101,-0.0,0.002,22.931,15.927,57.336
542,357,car,0.7121,105.0,47.5,85,37,125,58,-0.0,0.002,35.441,11.265,40.553
542,363,car,0.7088,202.5,27.0,189,18,216,36,-0.0,0.002,46.689,6.932,24.955
542,362,car,0.5078,449.5,70.5,433,55,466,86,-0.0,0.002,26.498,15.878,57.16
543,298,car,0.5519,481.5,27.5,472,19,491,36,-0.011,0.019,47.444,21.282,76.616
543,327,car,0.739,105.0,102.5,73,80,137,125,-0.011,0.019,20.729,19.623,70.644
543,332,car,0.5027,510.5,84.5,492,71,529,98,-0.011,0.019,23.499,14.596,52.546
543,357,car,0.7555,100.5,49.0,80,38,121,60,-0.011,0.019,35.124,11.396,41.025
543,363,car,0.6694,199.5,28.5,186,20,213,37,-0.011,0.019,46.23,7.44,26.782
543,362,car,0.5547,449.0,68.0,433,52,465,84,-0.011,0.019,26.908,15.615,56.213
544,298,car,0.658,481.5,26.5,472,18,491,35,-0.029,-0.011,47.655,20.525,73.89
544,327,car,0.7556,94.5,107.0,61,84,128,130,-0.029,-0.011,20.552,19.408,69.87
544,332,car,0.4677,509.0,81.5,491,67,527,96,-0.029,-0.011,25.352,14.56,52.417
544,357,car,0.708,95.0,50.5,74,39,116,62,-0.029,-0.011,34.808,11.515,41.452
544,363,car,0.58,196.5,29.5,183,21,210,38,-0.029,-0.011,45.942,7.805,28.099
544,362,car,0.6614,450.0,66.5,434,51,466,82,-0.029,-0.011,27.256,15.285,55.025
545,298,car,0.7459,480.5,25.5,471,17,490,34,-0.018,0.01,47.878,19.686,70.87
545,327,car,0.6861,84.5,112.0,50,88,119,136,-0.018,0.01,20.38,18.987,68.352
545,332,car,0.5052,507.5,80.0,491,66,524,94,-0.018,0.01,26.18,14.713,52.968
545,357,car,0.7744,90.0,52.5,69,40,111,65,-0.018,0.01,34.662,11.5,41.399
545,363,car,0.6191,194.0,30.5,180,22,208,39,-0.018,0.01,45.734,8.023,28.883
545,362,car,0.6051,449.5,64.0,434,49,465,79,-0.018,0.01,28.132,15.345,55.243
546,298,car,0.7923,480.5,25.0,471,17,490,33,-0.044,0.016,48.425,18.977,68.318
546,327,car,0.6248,74.0,117.5,38,93,110,142,-0.044,0.016,19.83,18.67,67.213
546,332,car,0.7676,506.0,76.5,490,62,522,91,-0.044,0.016,28.108,15.879,57.163
546,357,car,0.7415,84.0,54.5,62,42,106,67,-0.044,0.016,34.61,11.405,41.059
546,363,car,0.6396,191.0,31.5,177,23,205,40,-0.044,0.016,45.454,8.244,29.678
546,362,car,0.6245,449.0,61.5,434,47,464,76,-0.044,0.016,29.948,16.276,58.595
547,298,car,0.7388,479.5,24.0,470,16,489,32,-0.059,0.026,49.848,19.055,68.599
547,327,car,0.6463,62.0,123.0,24,97,100,149,-0.059,0.026,19.321,18.407,66.263
547,332,car,0.7542,504.5,74.5,489,61,520,88,-0.059,0.026,29.031,16.94,60.983
547,357,car,0.745,79.5,55.5,57,43,102,68,-0.059,0.026,34.614,10.957,39.444
547,363,car,0.6063,188.5,32.5,174,23,203,42,-0.059,0.026,45.285,8.327,29.977
547,362,car,0.5309,449.0,59.5,434,45,464,74,-0.059,0.026,33.026,18.645,67.123
548,298,car,0.6762,479.5,23.5,470,16,489,31,-0.035,0.015,50.8,19.302,69.487
548,327,car,0.7722,49.5,128.0,10,101,89,155,-0.035,0.015,18.756,18.171,65.416
548,332,car,0.6216,503.0,72.0,488,58,518,86,-0.035,0.015,30.073,18.06,65.017
548,357,car,0.7944,73.5,57.0,49,45,98,69,-0.035,0.015,34.491,10.712,38.563
548,363,car,0.6305,184.5,33.5,169,24,200,43,-0.035,0.015,45.094,8.524,30.686
548,362,car,0.5306,449.0,57.5,434,43,464,72,-0.035,0.015,34.999,21.281,76.61
549,298,car,0.7075,479.0,23.0,469,15,489,31,-0.034,0.045,52.255,20.042,72.15
549,327,car,0.6281,38.5,134.0,0,106,77,162,-0.034,0.045,17.9,18.175,65.428
549,332,car,0.7812,502.0,69.5,487,56,517,83,-0.034,0.045,31.065,19.155,68.958
549,357,car,0.73,67.0,58.5,42,46,92,71,-0.034,0.045,33.909,10.679,38.444
549,363,car,0.7524,181.0,34.5,165,25,197,44,-0.034,0.045,44.831,8.618,31.025
549,362,car,0.5401,449.0,56.5,434,42,464,71,-0.034,0.045,35.762,23.193,83.495
550,298,car,0.6253,479.0,22.5,469,15,489,30,-0.089,0.018,53.078,20.696,74.507
550,327,car,0.5355,32.5,142.0,0,113,65,171,-0.089,0.018,16.768,18.711,67.359
550,332,car,0.6244,501.0,68.5,486,56,516,81,-0.089,0.018,31.521,19.77,71.173
550,357,car,0.69,62.5,60.5,39,48,86,73,-0.089,0.018,32.889,10.981,39.532
550,363,car,0.7109,178.0,35.5,162,26,194,45,-0.089,0.018,44.584,8.639,31.1
550,362,car,0.6427,449.0,54.5,435,41,463,68,-0.089,0.018,36.757,24.782,89.216
551,298,car,0.4306,478.5,22.0,469,14,488,30,-0.023,0.033,46.931,18.697,67.31
551,327,car,0.6136,26.0,149.5,0,119,52,180,-0.023,0.033,16.361,18.937,68.173
551,332,car,0.5529,500.5,66.0,486,53,515,79,-0.023,0.033,24.584,18.498,66.592
551,357,car,0.5531,58.5,62.0,36,49,81,75,-0.023,0.033,28.146,14.275,51.392
551,363,car,0.7684,174.5,36.5,159,27,190,46,-0.023,0.033,38.521,11.23,40.43
551,362,car,0.4052,449.0,52.5,435,39,463,66,-0.023,0.033,28.81,22.156,79.763
552,298,car,0.6981,478.0,21.5,468,13,488,30,-0.027,-0.023,47.057,16.749,60.296
552,327,car,0.7209,19.0,153.0,0,125,38,181,-0.027,-0.023,16.273,18.586,66.908
552,332,car,0.7175,499.5,64.5,485,52,514,77,-0.027,-0.023,24.655,17.134,61.682
552,357,car,0.453,50.0,64.0,25,51,75,77,-0.027,-0.023,27.847,16.437,59.173
552,363,car,0.7494,171.5,37.5,155,28,188,47,-0.027,-0.023,38.212,14.197,51.111
552,362,car,0.3193,449.0,50.5,435,37,463,64,-0.027,-0.023,28.971,19.664,70.79
553,298,car,0.6565,478.0,20.5,468,12,488,29,-0.062,0.027,47.27,14.814,53.332
553,327,car,0.6022,11.5,157.5,0,133,23,182,-0.062,0.027,15.858,18.221,65.596
553,332,car,0.6474,499.0,63.0,485,51,513,75,-0.062,0.027,24.726,15.702,56.528
553,357,car,0.4318,43.0,66.0,17,53,69,79,-0.062,0.027,27.847,17.648,63.532
553,363,car,0.6215,167.5,39.0,151,29,184,49,-0.062,0.027,37.995,16.177,58.239
553,362,car,0.6476,449.0,49.0,435,36,463,62,-0.062,0.027,29.167,17.297,62.269
554,298,car,0.6045,477.5,19.0,467,10,488,28,-0.072,-0.055,48.603,13.252,47.707
554,332,car,0.7234,498.0,61.5,484,50,512,73,-0.072,-0.055,25.277,13.983,50.339
554,357,car,0.5,37.0,68.0,11,55,63,81,-0.072,-0.055,27.931,18.093,65.134
554,363,car,0.6965,163.0,40.5,146,31,180,50,-0.072,-0.055,37.99,17.264,62.149
554,362,car,0.4114,448.5,48.0,435,35,462,61,-0.072,-0.055,29.276,15.129,54.466
554,370,car,0.8103,671.5,398.0,593,329,750,467,-0.072,-0.055,5.602,0.0,0.0
555,298,car,0.4878,477.0,18.0,467,10,487,26,-0.03,-0.019,49.699,12.48,44.926
555,332,car,0.7383,497.0,60.0,483,48,511,72,-0.03,-0.019,26.703,12.442,44.791
555,357,car,0.4331,31.5,70.5,4,57,59,84,-0.03,-0.019,29.155,17.234,62.041
555,363,car,0.6921,159.0,42.5,142,33,176,52,-0.03,-0.019,37.772,17.861,64.298
555,362,car,0.5587,448.0,46.5,435,33,461,60,-0.03,-0.019,29.645,13.143,47.314
555,370,car,0.8901,660.0,384.0,587,313,733,455,-0.03,-0.019,5.902,0.0,0.0
556,298,car,0.4536,476.5,18.0,467,10,486,26,-0.06,-0.043,49.643,11.502,41.406
556,332,car,0.7437,497.0,59.0,483,48,511,70,-0.06,-0.043,27.805,11.738,42.256
556,357,car,0.4968,20.5,73.5,0,60,41,87,-0.06,-0.043,30.703,16.61,59.795
556,363,car,0.609,155.5,43.5,138,33,173,54,-0.06,-0.043,37.83,17.788,64.038
556,362,car,0.5772,448.0,44.5,435,32,461,57,-0.06,-0.043,30.818,12.025,43.289
556,370,car,0.7989,646.5,362.0,580,296,713,428,-0.06,-0.043,6.278,0.0,0.0
557,298,car,0.3221,476.0,16.5,467,9,485,24,-0.02,-0.071,51.844,12.192,43.89
557,332,car,0.7584,496.5,57.0,483,46,510,68,-0.02,-0.071,29.624,12.242,44.07
557,357,car,0.4311,18.0,75.0,0,61,36,89,-0.02,-0.071,30.815,14.654,52.754
557,363,car,0.6419,152.0,44.5,134,34,170,55,-0.02,-0.071,37.828,17.35,62.46
557,362,car,0.6966,448.0,43.0,435,31,461,55,-0.02,-0.071,32.78,12.221,43.995
557,370,car,0.7585,636.0,340.5,574,279,698,402,-0.02,-0.071,6.713,0.0,0.0
558,298,car,0.2843,476.0,16.5,467,9,485,24,0.027,0.011,51.844,12.294,44.258
558,332,car,0.7324,496.0,54.0,482,41,510,67,0.027,0.011,31.562,13.714,49.371
558,357,car,0.4872,16.5,77.5,0,63,33,92,0.027,0.011,30.567,13.112,47.201
558,363,car,0.6795,147.5,46.5,129,36,166,57,0.027,0.011,37.538,16.96,61.055
558,362,car,0.502,448.0,42.0,436,30,460,54,0.027,0.011,34.146,12.998,46.794
558,370,car,0.7624,626.5,320.5,569,263,684,378,0.027,0.011,7.126,5.981,21.532
559,298,car,0.3348,475.5,16.0,467,9,484,23,-0.081,-0.064,52.584,12.627,45.456
559,332,car,0.7726,495.0,52.0,481,39,509,65,-0.081,-0.064,32.619,15.141,54.508
559,363,car,0.7804,143.5,47.0,125,36,162,58,-0.081,-0.064,37.616,16.149,58.135
559,362,car,0.6262,448.0,40.5,436,29,460,52,-0.081,-0.064,36.505,14.892,53.611
559,370,car,0.6521,617.0,304.0,562,252,672,356,-0.081,-0.064,7.514,6.22,22.393
560,298,car,0.3546,475.5,15.5,467,9,484,22,-0.036,0.019,53.277,13.082,47.096
560,332,car,0.6979,494.5,51.0,481,39,508,63,-0.036,0.019,33.118,16.144,58.12
560,363,car,0.7431,138.5,48.5,119,37,158,60,-0.036,0.019,36.955,15.755,56.719
560,362,car,0.58,448.0,39.5,436,28,460,51,-0.036,0.019,37.806,16.798,60.475
560,370,car,0.7659,610.0,288.5,558,240,662,337,-0.036,0.019,7.921,6.635,23.885
561,298,car,0.3217,475.5,15.0,467,8,484,22,-0.035,-0.057,54.241,13.769,49.568
561,332,car,0.7689,493.5,50.5,481,39,506,62,-0.035,-0.057,31.123,15.136,54.49
561,363,car,0.7248,133.5,50.0,114,38,153,62,-0.035,-0.057,30.674,19.404,69.853
561,362,car,0.6395,448.0,38.5,436,27,460,50,-0.035,-0.057,36.194,16.713,60.165
561,370,car,0.6994,602.5,274.5,553,229,652,320,-0.035,-0.057,7.766,6.411,23.08
562,332,car,0.7563,492.0,49.0,480,38,504,60,-0.07,-0.005,31.204,14.205,51.138
562,363,car,0.7669,129.0,52.0,109,40,149,64,-0.07,-0.005,30.375,21.852,78.669
562,362,car,0.5855,448.0,37.0,436,26,460,48,-0.07,-0.005,36.386,16.46,59.257
562,370,car,0.6569,596.0,261.5,550,219,642,304,-0.07,-0.005,8.053,6.392,23.01
563,332,car,0.7377,491.5,48.0,480,38,503,58,-0.025,-0.027,31.204,13.183,47.458
563,363,car,0.6464,124.5,53.5,104,41,145,66,-0.025,-0.027,30.239,23.191,83.489
563,362,car,0.6592,448.5,36.0,437,25,460,47,-0.025,-0.027,36.488,15.957,57.446
563,370,car,0.6191,589.5,250.0,545,211,634,289,-0.025,-0.027,8.495,6.674,24.026
563,298,car,0.2964,474.5,13.5,466,7,483,20,-0.025,-0.027,54.454,14.242,51.272
564,332,car,0.6953,490.0,48.0,479,39,501,57,-0.032,-0.001,31.123,12.069,43.449
564,363,car,0.7247,118.5,55.5,97,43,140,68,-0.032,-0.001,30.067,23.749,85.495
564,362,car,0.7357,448.0,34.5,436,23,460,46,-0.032,-0.001,36.879,15.55,55.98
564,370,car,0.5395,584.5,238.5,542,201,627,276,-0.032,-0.001,9.576,8.108,29.19
564,298,car,0.4296,474.5,13.0,466,6,483,20,-0.032,-0.001,54.681,14.324,51.567
565,332,car,0.727,489.0,46.5,478,38,500,55,0.007,-0.021,31.593,11.39,41.005
565,363,car,0.6984,113.5,57.5,92,45,135,70,0.007,-0.021,29.959,23.715,85.376
565,362,car,0.7468,448.0,33.0,436,22,460,44,0.007,-0.021,37.514,15.349,55.258
565,370,truck,0.5222,579.0,229.0,539,193,619,265,0.007,-0.021,10.547,8.887,31.995
565,298,car,0.4158,474.5,12.5,466,5,483,20,0.007,-0.021,55.069,14.33,51.586
566,332,car,0.7614,488.5,45.5,477,37,500,54,-0.042,-0.079,32.564,11.266,40.559
566,363,car,0.788,108.0,59.5,86,46,130,73,-0.042,-0.079,29.854,23.235,83.645
566,362,car,0.7074,448.0,32.0,436,21,460,43,-0.042,-0.079,38.438,15.461,55.658
566,370,car,0.7172,575.0,219.5,537,186,613,253,-0.042,-0.079,11.032,9.592,34.53
566,298,car,0.4012,473.5,11.5,465,4,482,19,-0.042,-0.079,55.902,14.643,52.717
567,332,car,0.7656,487.5,43.5,476,34,499,53,-0.056,-0.023,35.275,12.827,46.177
567,363,car,0.7338,102.5,61.5,80,48,125,75,-0.056,-0.023,29.774,22.424,80.728
567,362,car,0.6819,447.5,31.0,436,20,459,42,-0.056,-0.023,39.555,15.968,57.484
567,370,car,0.6771,570.5,210.5,534,179,607,242,-0.056,-0.023,11.499,10.203,36.731
567,298,car,0.3705,473.5,11.5,465,4,482,19,-0.056,-0.023,55.902,14.46,52.055
568,332,car,0.7481,487.5,42.0,476,33,499,51,-0.11,-0.023,37.282,15.019,54.067
568,363,car,0.7883,96.5,63.5,74,50,119,77,-0.11,-0.023,29.679,21.426,77.133
568,362,car,0.6403,447.5,30.0,436,20,459,40,-0.11,-0.023,41.649,17.404,62.653
568,370,car,0.7164,566.5,202.5,531,172,602,233,-0.11,-0.023,11.893,10.682,38.457
568,298,car,0.402,473.0,10.5,464,3,482,18,-0.11,-0.023,58.183,15.661,56.378
569,332,car,0.7707,487.5,41.0,476,32,499,50,-0.037,0.012,38.203,16.875,60.749
569,363,car,0.8503,90.0,65.5,66,52,114,79,-0.037,0.012,29.18,20.578,74.08
569,362,car,0.6249,447.5,29.0,436,18,459,40,-0.037,0.012,43.92,19.605,70.576
569,370,car,0.6001,563.0,194.5,529,165,597,224,-0.037,0.012,12.355,11.112,40.004
569,298,car,0.3985,472.0,9.5,463,2,481,17,-0.037,0.012,60.692,17.911,64.478
569,379,car,0.5568,267.0,15.5,256,8,278,23,-0.037,0.012,54.499,0.0,0.0
570,332,car,0.7531,487.0,40.0,475,31,499,49,0.004,-0.002,39.281,18.57,66.851
570,363,car,0.8173,84.0,67.5,60,53,108,82,0.004,-0.002,28.518,19.949,71.818
570,362,car,0.6606,447.5,27.5,437,17,458,38,0.004,-0.002,46.404,22.487,80.955
570,370,car,0.675,559.0,186.5,526,158,592,215,0.004,-0.002,12.802,11.486,41.349
570,298,car,0.4217,471.5,9.5,462,2,481,17,0.004,-0.002,60.872,19.162,68.983
570,379,car,0.5369,265.5,16.5,255,9,276,24,0.004,-0.002,54.191,0.0,0.0
571,332,car,0.7261,486.5,38.5,475,30,498,47,-0.027,-0.027,35.598,16.949,61.018
571,363,car,0.7987,77.5,70.0,52,55,103,85,-0.027,-0.027,24.226,22.053,79.39
571,362,car,0.699,447.5,26.5,437,16,458,37,-0.027,-0.027,41.334,20.614,74.21
571,370,car,0.6326,555.5,179.5,524,152,587,207,-0.027,-0.027,11.261,10.572,38.061
571,298,car,0.4143,471.5,9.0,462,2,481,16,-0.027,-0.027,56.347,16.625,59.851
571,379,car,0.577,262.5,17.0,251,9,274,25,-0.027,-0.027,46.794,0.0,0.0
572,332,car,0.7329,486.5,37.5,475,29,498,46,-0.065,-0.01,35.821,15.527,55.899
572,363,car,0.832,70.5,72.5,44,57,97,88,-0.065,-0.01,23.872,23.303,83.891
572,362,car,0.6338,447.5,25.5,437,15,458,36,-0.065,-0.01,41.514,18.937,68.173
572,370,car,0.6591,552.5,173.0,523,147,582,199,-0.065,-0.01,11.508,9.839,35.421
572,298,car,0.4589,471.0,8.5,462,2,480,15,-0.065,-0.01,56.766,14.722,53.001
572,379,car,0.6845,261.0,17.0,250,8,272,26,-0.065,-0.01,46.717,0.0,0.0
572,383,car,0.4861,202.5,17.5,191,10,214,25,-0.065,-0.01,51.295,0.0,0.0
573,332,car,0.6509,486.0,36.5,475,28,497,45,-0.048,-0.052,35.944,14.239,51.262
573,363,car,0.7354,64.5,73.5,39,58,90,89,-0.048,-0.052,23.379,23.988,86.355
573,362,car,0.7163,447.5,24.5,437,15,458,34,-0.048,-0.052,41.895,17.566,63.237
573,370,car,0.5933,550.0,166.5,521,141,579,192,-0.048,-0.052,11.879,9.341,33.628
573,298,car,0.407,471.0,8.0,462,1,480,15,-0.048,-0.052,57.467,13.479,48.523
573,379,car,0.4439,259.0,17.5,248,9,270,26,-0.048,-0.052,46.665,29.78,107.21
573,383,car,0.5017,200.0,18.0,188,10,212,26,-0.048,-0.052,51.126,0.0,0.0
574,332,car,0.6337,485.0,35.5,474,27,496,44,-0.025,-0.025,36.184,13.176,47.434
574,363,car,0.6751,56.5,77.0,29,61,84,93,-0.025,-0.025,22.651,24.513,88.246
574,362,car,0.7084,447.5,23.5,437,14,458,33,-0.025,-0.025,42.575,16.66,59.975
574,370,car,0.7221,546.5,160.5,518,136,575,185,-0.025,-0.025,12.758,9.336,33.608
574,298,car,0.4371,470.5,7.5,462,1,479,14,-0.025,-0.025,58.065,12.706,45.741
574,379,car,0.5572,256.5,19.0,245,10,268,28,-0.025,-0.025,46.413,27.496,98.986
574,383,car,0.5578,197.5,18.5,185,11,210,26,-0.025,-0.025,51.06,0.0,0.0
575,332,car,0.6512,484.5,34.5,474,26,495,43,-0.022,-0.036,36.775,12.51,45.036
575,363,car,0.4983,47.5,80.0,19,64,76,96,-0.022,-0.036,22.51,24.402,87.848
575,362,car,0.6648,448.0,22.0,438,13,458,31,-0.022,-0.036,43.868,16.571,59.655
575,370,car,0.7239,544.5,155.5,517,132,572,179,-0.022,-0.036,13.687,9.725,35.009
575,298,car,0.4223,470.5,7.5,462,1,479,14,-0.022,-0.036,58.065,11.804,42.493
575,379,car,0.573,255.0,20.0,243,11,267,29,-0.022,-0.036,46.232,25.019,90.069
575,383,car,0.4368,194.5,19.5,182,12,207,27,-0.022,-0.036,50.845,0.0,0.0
576,332,car,0.7028,484.0,33.0,473,24,495,42,-0.012,-0.009,39.157,13.407,48.266
576,363,car,0.4657,40.0,83.0,11,67,69,99,-0.012,-0.009,22.382,23.884,85.981
576,362,car,0.6854,448.0,21.0,438,12,458,30,-0.012,-0.009,45.177,16.995,61.182
576,370,car,0.7441,542.0,150.5,515,128,569,173,-0.012,-0.009,14.338,10.228,36.822
576,298,car,0.331,470.5,7.0,462,0,479,14,-0.012,-0.009,58.741,11.414,41.091
576,379,car,0.6234,252.0,21.0,240,12,264,30,-0.012,-0.009,46.381,22.166,79.797
576,383,car,0.4054,192.0,20.0,179,12,205,28,-0.012,-0.009,50.903,5.326,19.174
577,332,car,0.7447,483.0,31.5,472,22,494,41,0.012,-0.049,40.795,14.874,53.546
577,363,car,0.481,32.0,85.0,2,69,62,101,0.012,-0.049,22.464,22.871,82.337
577,362,car,0.7335,447.5,20.5,438,11,457,30,0.012,-0.049,45.513,17.114,61.611
577,370,car,0.6845,539.5,145.0,513,123,566,167,0.012,-0.049,15.045,10.853,39.072
577,379,car,0.6724,250.0,21.5,238,13,262,30,0.012,-0.049,46.536,19.07,68.651
577,383,car,0.7137,189.0,21.0,176,13,202,29,0.012,-0.049,50.656,5.679,20.444
577,384,car,0.4809,22.5,85.5,3,70,42,101,0.012,-0.049,23.159,0.0,0.0
578,332,car,0.7461,482.5,30.0,472,20,493,40,-0.022,-0.03,42.091,16.504,59.413
578,362,car,0.643,447.5,20.0,438,11,457,29,-0.022,-0.03,46.594,17.562,63.225
578,370,car,0.3474,537.5,140.5,512,119,563,162,-0.022,-0.03,15.577,11.414,41.089
578,379,car,0.6835,247.0,22.5,235,14,259,31,-0.022,-0.03,46.647,16.473,59.303
578,383,car,0.6276,186.5,21.5,173,13,200,30,-0.022,-0.03,50.616,5.414,19.489
578,384,car,0.3838,19.5,88.5,0,72,39,105,-0.022,-0.03,22.795,0.0,0.0
579,332,car,0.7413,482.5,29.5,472,20,493,39,0.031,-0.022,42.537,17.563,63.228
579,362,car,0.6093,447.0,20.0,437,11,457,29,0.031,-0.022,46.94,17.694,63.697
579,370,car,0.7509,535.0,136.0,511,115,559,157,0.031,-0.022,16.065,11.897,42.831
579,379,car,0.7425,245.0,23.0,233,14,257,32,0.031,-0.022,46.751,13.848,49.852
579,383,car,0.6759,183.0,22.0,169,14,197,30,0.031,-0.022,50.52,5.945,21.402
579,384,car,0.2566,19.5,91.0,0,73,39,109,0.031,-0.022,22.211,0.0,0.0
580,332,car,0.6894,482.0,28.5,472,19,492,38,0.001,-0.019,43.338,18.516,66.656
580,362,car,0.5425,447.5,19.0,438,10,457,28,0.001,-0.019,48.179,18.324,65.967
580,370,car,0.6871,533.0,131.5,509,111,557,152,0.001,-0.019,16.521,12.301,44.284
580,379,car,0.7944,242.0,23.5,229,14,255,33,0.001,-0.019,46.84,12.995,46.783
580,383,car,0.6846,179.5,23.5,165,15,194,32,0.001,-0.019,49.343,7.202,25.926
581,332,car,0.7181,481.0,27.0,471,18,491,36,0.036,-0.033,43.618,19.029,68.505
581,362,car,0.4319,446.5,18.0,437,9,456,27,0.036,-0.033,50.719,20.106,72.381
581,370,car,0.7274,530.0,127.0,507,107,553,147,0.036,-0.033,15.855,11.908,42.869
581,379,car,0.7278,239.5,25.0,227,15,252,35,0.036,-0.033,39.717,16.894,60.818
581,383,car,0.6763,176.0,24.5,162,16,190,33,0.036,-0.033,46.337,11.744,42.279
582,332,car,0.652,480.5,27.0,471,18,490,36,-0.018,-0.023,43.511,18.807,67.705
582,362,car,0.3478,446.5,17.5,437,9,456,26,-0.018,-0.023,50.781,20.956,75.44
582,370,car,0.6633,528.5,122.5,506,103,551,142,-0.018,-0.023,16.1,11.542,41.55
582,379,car,0.6615,237.0,26.0,224,16,250,36,-0.018,-0.023,39.672,19.349,69.656
582,383,car,0.6233,173.5,25.0,159,17,188,33,-0.018,-0.023,46.093,13.937,50.174
583,332,car,0.5508,480.0,25.5,471,17,489,34,-0.013,-0.008,43.958,18.65,67.139
583,362,car,0.3013,447.0,16.5,438,8,456,25,-0.013,-0.008,50.845,21.204,76.335
583,370,car,0.7559,526.5,119.0,505,100,548,138,-0.013,-0.008,16.412,11.211,40.361
583,379,car,0.6538,235.0,26.5,222,16,248,37,-0.013,-0.008,39.738,20.613,74.207
583,383,car,0.6423,169.5,26.0,155,17,184,35,-0.013,-0.008,45.759,14.445,52.002
584,332,car,0.5779,479.5,24.5,470,16,489,33,-0.025,-0.022,45.63,19.225,69.21
584,362,car,0.3576,446.5,16.0,437,7,456,25,-0.025,-0.022,50.935,20.928,75.339
584,370,car,0.7086,525.5,116.0,504,98,547,134,-0.025,-0.022,16.988,11.102,39.968
584,379,car,0.7235,232.5,28.5,219,18,246,39,-0.025,-0.022,39.553,21.32,76.751
584,383,car,0.6615,166.5,27.0,152,18,181,36,-0.025,-0.022,45.455,14.692,52.89
585,332,car,0.5503,479.5,24.5,470,16,489,33,0.009,0.026,45.63,19.153,68.95
585,362,car,0.3925,447.0,15.0,437,6,457,24,0.009,0.026,51.053,20.411,73.478
585,370,car,0.7454,523.5,112.0,503,94,544,130,0.009,0.026,18.396,11.741,42.267
585,379,car,0.6525,229.5,29.5,216,19,243,40,0.009,0.026,39.655,21.196,76.307
585,383,car,0.6574,163.0,28.5,148,20,178,37,0.009,0.026,45.115,14.847,53.45
586,332,car,0.5449,479.0,24.0,470,16,488,32,0.015,-0.021,46.304,19.155,68.959
586,362,car,0.3808,447.0,14.0,437,5,457,23,0.015,-0.021,51.546,19.916,71.697
586,370,car,0.7497,522.0,107.5,502,89,542,126,0.015,-0.021,19.827,12.919,46.509
586,379,car,0.662,227.0,31.0,213,21,241,41,0.015,-0.021,39.579,20.749,74.698
586,383,car,0.7119,159.5,29.0,144,20,175,38,0.015,-0.021,45.091,14.581,52.491
587,332,car,0.6649,479.0,23.5,470,16,488,31,0.004,-0.015,47.601,19.625,70.649
587,362,car,0.322,446.5,13.5,437,5,456,22,0.004,-0.015,51.664,19.161,68.979
587,370,car,0.7564,520.5,105.0,501,87,540,123,0.004,-0.015,20.453,13.865,49.915
587,379,car,0.7252,223.0,32.5,208,22,238,43,0.004,-0.015,39.723,19.923,71.722
587,383,car,0.6638,156.0,30.5,140,21,172,40,0.004,-0.015,44.675,14.454,52.036
588,332,car,0.6328,478.5,23.5,469,16,488,31,0.014,0.007,48.038,19.783,71.22
588,370,car,0.6679,519.0,102.0,499,84,539,120,0.014,0.007,21.168,14.739,53.059
588,379,car,0.6823,221.0,33.5,206,23,236,44,0.014,0.007,39.723,18.808,67.707
588,383,car,0.6431,152.0,32.0,136,23,168,41,0.014,0.007,44.223,14.386,51.791
589,332,car,0.559,478.5,23.0,469,16,488,30,0.008,0.07,48.852,20.056,72.203
589,370,car,0.7816,517.5,99.5,498,83,537,116,0.008,0.07,21.771,15.442,55.59
589,379,car,0.8115,217.0,34.5,202,24,232,45,0.008,0.07,39.987,17.54,63.144
589,383,car,0.6343,148.0,33.5,132,24,164,43,0.008,0.07,43.713,14.369,51.727
590,332,car,0.4889,478.5,22.0,469,15,488,29,0.022,0.003,50.851,21.205,76.339
590,370,car,0.7831,516.5,97.0,498,81,535,113,0.022,0.003,22.337,15.993,57.573
590,379,car,0.7878,213.5,36.0,198,25,229,47,0.022,0.003,39.876,16.377,58.958
590,383,car,0.7251,144.0,34.5,128,25,160,44,0.022,0.003,43.441,14.207,51.146
591,332,car,0.4988,477.5,21.5,468,14,487,29,-0.039,0.112,43.925,19.286,69.429
591,370,car,0.8153,515.5,94.5,497,79,534,110,-0.039,0.112,17.241,14.614,52.61
591,379,car,0.6985,211.0,37.5,195,27,227,48,-0.039,0.112,30.386,21.29,76.646
591,383,car,0.725,139.5,36.5,123,27,156,46,-0.039,0.112,33.907,18.469,66.49
592,332,car,0.3346,477.0,20.5,468,14,486,27,-0.022,-0.068,44.118,17.311,62.319
592,370,car,0.7447,514.0,92.0,496,77,532,107,-0.022,-0.068,17.34,13.247,47.69
592,379,car,0.7348,207.0,39.0,191,28,223,50,-0.022,-0.068,30.338,24.637,88.694
592,383,car,0.6986,135.0,37.5,118,28,152,47,-0.022,-0.068,33.797,22.831,82.19
593,332,car,0.3705,476.5,19.5,468,13,485,26,0.029,0.021,44.328,15.374,55.345
593,370,car,0.766,513.0,89.0,495,74,531,104,0.029,0.021,17.648,11.805,42.499
593,379,car,0.7053,203.5,40.5,187,29,220,52,0.029,0.021,30.309,26.515,95.455
593,383,car,0.6906,131.0,39.0,114,30,148,48,0.029,0.021,33.699,25.565,92.036
594,332,car,0.3954,475.5,19.5,467,13,484,26,-0.032,-0.106,44.459,13.619,49.027
594,370,car,0.7583,512.5,87.0,495,73,530,101,-0.032,-0.106,18.05,10.26,36.937
594,379,car,0.6539,200.5,41.5,184,30,217,53,-0.032,-0.106,30.291,27.287,98.233
594,383,car,0.664,126.5,40.0,109,31,144,49,-0.032,-0.106,33.689,26.927,96.938
595,332,car,0.3534,475.0,18.5,466,12,484,25,0.083,0.006,45.573,12.125,43.651
595,370,car,0.5305,512.5,85.0,493,71,532,99,0.083,0.006,19.318,9.536,34.329
595,379,car,0.7495,197.0,43.0,180,31,214,55,0.083,0.006,30.238,27.267,98.16
595,383,car,0.682,122.0,41.5,104,32,140,51,0.083,0.006,33.701,27.302,98.287
596,332,car,0.3756,474.5,18.0,466,11,483,25,-0.014,0.013,46.029,10.982,39.537
596,370,car,0.3353,511.0,83.0,491,69,531,97,-0.014,0.013,20.287,9.438,33.977
596,379,car,0.7534,193.0,44.5,176,32,210,57,-0.014,0.013,30.423,26.518,95.464
596,383,car,0.6992,118.0,43.0,100,33,136,53,-0.014,0.013,33.696,26.988,97.155
597,332,car,0.3589,474.0,17.0,465,10,483,24,0.01,-0.082,47.747,11.119,40.029
597,370,car,0.2541,509.5,81.0,490,67,529,95,0.01,-0.082,21.049,9.668,34.806
597,379,car,0.7202,189.0,45.5,171,33,207,58,0.01,-0.082,30.804,25.105,90.376
597,383,car,0.7156,112.5,43.5,94,33,131,54,0.01,-0.082,34.179,25.742,92.671
598,332,car,0.274,473.5,16.0,465,9,482,23,-0.056,0.05,49.214,12.002,43.207
598,370,car,0.6111,507.5,78.0,490,64,525,92,-0.056,0.05,21.961,10.283,37.02
598,379,car,0.816,184.0,47.5,166,34,202,61,-0.056,0.05,30.98,23.497,84.59
598,383,car,0.7189,107.0,46.0,88,36,126,56,-0.056,0.05,33.813,24.658,88.768
599,370,car,0.709,505.5,75.0,489,61,522,89,-0.071,-0.027,22.693,10.996,39.585
599,379,car,0.8151,180.0,49.5,161,36,199,63,-0.071,-0.027,30.794,21.953,79.03
599,383,car,0.7145,102.0,47.0,82,37,122,57,-0.071,-0.027,33.592,23.384,84.182
600,370,car,0.6739,504.5,72.0,489,58,520,86,0.08,0.111,23.499,11.832,42.595
600,379,car,0.7816,176.0,51.5,157,38,195,65,0.08,0.111,30.503,20.546,73.967
600,383,car,0.6976,96.0,49.0,76,39,116,59,0.08,0.111,32.655,22.641,81.507
601,370,car,0.7616,504.0,70.0,489,56,519,84,-0.132,-0.194,17.964,11.723,42.202
601,379,car,0.7593,171.5,53.0,152,39,191,67,-0.132,-0.194,22.151,24.829,89.384
601,383,car,0.7617,90.5,50.0,70,39,111,61,-0.132,-0.194,25.204,26.86,96.697
602,370,car,0.7729,503.0,69.0,488,56,518,82,0.025,-0.026,18.006,11.373,40.944
602,379,car,0.7396,167.0,54.5,147,41,187,68,0.025,-0.026,22.128,27.34,98.424
602,383,car,0.7345,85.0,51.5,64,40,106,63,0.025,-0.026,24.969,29.444,105.997
603,370,car,0.7946,502.0,67.5,487,55,517,80,-0.102,0.015,18.163,10.751,38.705
603,379,car,0.7098,161.5,56.5,141,42,182,71,-0.102,0.015,22.111,28.555,102.796
603,383,car,0.6368,79.0,53.5,57,42,101,65,-0.102,0.015,24.791,30.786,110.83
604,370,car,0.7632,501.5,65.5,487,53,516,78,0.042,-0.038,18.574,9.792,35.252
604,379,car,0.7276,156.5,58.5,136,44,177,73,0.042,-0.038,22.1,28.804,103.696
604,383,car,0.7659,72.5,55.0,50,43,95,67,0.042,-0.038,24.714,31.056,111.802
605,370,car,0.7404,500.5,63.5,486,52,515,75,0.007,-0.001,19.695,8.675,31.228
605,379,car,0.7628,151.5,61.0,130,46,173,76,0.007,-0.001,22.068,28.383,102.177
605,383,car,0.6226,65.5,56.0,42,44,89,68,0.007,-0.001,25.121,30.212,108.762
606,370,car,0.6213,499.5,62.5,485,51,514,74,-0.0,-0.036,20.362,8.027,28.896
606,379,car,0.7877,146.0,62.5,124,47,168,78,-0.0,-0.036,22.238,27.271,98.174
606,383,car,0.5483,61.0,58.0,39,46,83,70,-0.0,-0.036,24.767,29.294,105.457
607,370,car,0.6911,499.0,60.5,485,49,513,72,0.039,-0.033,21.203,7.989,28.759
607,379,car,0.769,140.5,65.0,118,50,163,80,0.039,-0.033,22.277,25.878,93.161
607,383,car,0.5406,56.5,61.0,37,49,76,73,0.039,-0.033,24.398,28.286,101.831
608,370,car,0.7606,498.0,59.0,484,47,512,71,-0.016,0.025,21.83,8.192,29.491
608,379,car,0.7915,135.0,67.5,112,52,158,83,-0.016,0.025,22.274,24.301,87.485
608,383,car,0.5157,46.5,62.5,22,50,71,75,-0.016,0.025,24.079,27.002,97.207
609,370,car,0.7933,497.5,57.5,484,46,511,69,0.026,-0.018,22.377,8.529,30.704
609,379,car,0.789,129.0,69.5,105,53,153,86,0.026,-0.018,22.238,22.64,81.502
609,383,car,0.3756,38.0,64.0,12,51,64,77,0.026,-0.018,24.15,25.431,91.552
610,370,car,0.764,497.5,56.0,484,45,511,67,-0.017,0.006,22.861,8.924,32.125
610,379,car,0.8588,122.5,72.0,98,55,147,89,-0.017,0.006,21.772,21.276,76.594
610,383,car,0.445,30.5,65.5,3,52,58,79,-0.017,0.006,24.076,23.777,85.597
611,370,car,0.7128,496.5,53.5,483,42,510,65,0.011,0.02,24.167,9.932,35.755
611,379,car,0.8514,116.5,74.5,91,57,142,92,0.011,0.02,19.358,21.454,77.233
611,383,car,0.5198,20.5,68.5,0,55,41,82,0.011,0.02,23.352,22.65,81.541
612,370,car,0.7188,496.0,52.0,482,40,510,64,-0.062,0.014,24.365,10.548,37.972
612,379,car,0.7657,109.0,77.5,83,60,135,95,-0.062,0.014,19.13,21.263,76.547
612,383,car,0.6429,17.5,71.0,0,57,35,85,-0.062,0.014,23.356,21.374,76.945
613,370,car,0.704,496.0,51.0,482,39,510,63,0.018,0.011,24.53,10.86,39.096
613,379,car,0.8144,101.5,80.0,75,62,128,98,0.018,0.011,18.979,20.735,74.647
613,383,car,0.5003,15.5,73.0,0,59,31,87,0.018,0.011,23.333,19.998,71.992
614,370,car,0.689,495.0,50.0,481,38,509,62,-0.029,0.01,24.774,11.007,39.627
614,379,car,0.7987,94.5,82.0,67,63,122,101,-0.029,0.01,18.946,19.899,71.636
615,370,car,0.6718,494.0,49.0,481,38,507,60,-0.008,0.049,24.897,10.958,39.448
615,379,car,0.8129,87.5,85.0,59,65,116,105,-0.008,0.049,18.87,18.949,68.217
616,370,car,0.6587,493.0,48.0,481,38,505,58,0.027,0.019,25.389,11.011,39.641
616,379,car,0.7557,78.5,89.0,49,69,108,109,0.027,0.019,18.711,18.041,64.948
617,370,car,0.6978,492.5,47.5,481,38,504,57,-0.048,-0.004,25.759,11.04,39.744
617,379,car,0.7118,72.0,93.0,43,73,101,113,-0.048,-0.004,18.381,17.192,61.891
618,370,car,0.8115,492.0,46.5,481,38,503,55,0.026,-0.002,26.734,11.496,41.384
618,379,car,0.678,61.5,96.0,30,75,93,117,0.026,-0.002,17.856,16.55,59.581
619,370,car,0.7774,491.0,44.5,480,36,502,53,-0.085,-0.03,28.69,12.938,46.578
619,379,car,0.6695,51.0,100.0,18,78,84,122,-0.085,-0.03,17.552,15.975,57.51
619,390,car,0.5832,702.5,433.5,624,396,781,471,-0.085,-0.03,4.811,0.0,0.0
620,370,car,0.8068,490.5,43.0,480,34,501,52,0.024,0.035,29.776,14.423,51.922
620,379,car,0.691,41.0,104.0,7,82,75,126,0.024,0.035,17.277,15.395,55.421
620,390,car,0.5716,696.5,422.5,616,374,777,471,0.024,0.035,4.962,0.0,0.0
621,370,car,0.7199,490.0,41.5,479,32,501,51,-0.014,-0.017,30.285,15.524,55.888
621,379,car,0.6286,33.0,108.0,0,85,66,131,-0.014,-0.017,16.818,14.925,53.73
621,390,car,0.544,681.0,410.5,606,350,756,471,-0.014,-0.017,4.396,0.0,0.0
622,370,car,0.6599,489.0,40.5,478,31,500,50,-0.021,-0.018,30.352,16.003,57.612
622,379,car,0.4174,29.0,112.5,0,89,58,136,-0.021,-0.018,16.778,14.353,51.671
622,390,car,0.8005,668.0,394.0,599,328,737,460,-0.021,-0.018,4.575,0.0,0.0
623,370,car,0.7244,489.0,39.0,478,30,500,48,-0.02,-0.03,30.515,16.143,58.114
623,379,car,0.4337,23.0,117.0,0,93,46,141,-0.02,-0.03,16.834,13.583,48.897
623,390,car,0.8377,654.5,372.0,591,308,718,436,-0.02,-0.03,4.942,5.03,18.109
624,370,car,0.69,488.0,38.0,477,29,499,47,-0.05,-0.001,30.772,16.036,57.73
624,379,car,0.3893,17.5,121.0,0,97,35,145,-0.05,-0.001,16.872,12.699,45.718
624,390,car,0.8449,643.5,349.5,585,289,702,410,-0.05,-0.001,5.892,5.319,19.149
625,370,car,0.6388,487.5,37.0,477,28,498,46,-0.063,-0.023,31.266,15.941,57.388
625,379,car,0.4454,11.5,123.0,0,101,23,145,-0.063,-0.023,16.772,11.78,42.406
625,390,car,0.8449,633.5,329.0,579,273,688,385,-0.063,-0.023,6.438,5.924,21.327
626,370,car,0.6372,487.5,36.5,477,28,498,45,0.005,-0.112,31.944,15.956,57.443
626,390,car,0.8281,624.5,308.5,574,256,675,361,0.005,-0.112,6.845,6.616,23.818
627,370,car,0.7138,487.5,35.5,477,27,498,44,-0.014,0.151,32.872,16.29,58.644
627,390,car,0.8037,616.5,292.5,569,245,664,340,-0.014,0.151,7.193,7.132,25.674
628,370,car,0.6576,487.0,35.0,476,27,498,43,-0.023,-0.171,33.819,16.754,60.316
628,390,car,0.794,609.5,277.0,565,233,654,321,-0.023,-0.171,7.579,7.655,27.557
629,370,car,0.6828,486.5,34.0,475,26,498,42,-0.023,0.037,35.236,17.733,63.839
629,390,car,0.7589,603.0,261.5,561,221,645,302,-0.023,0.037,8.014,8.275,29.79
630,370,car,0.7066,486.0,32.5,475,24,497,41,0.018,0.009,36.966,19.243,69.274
630,390,car,0.8199,597.0,249.5,557,211,637,288,0.018,0.009,8.373,8.453,30.431
631,370,car,0.6627,485.0,31.0,474,22,496,40,-0.054,-0.025,36.499,19.599,70.556
631,390,car,0.7712,592.5,237.5,554,200,631,275,-0.054,-0.025,7.919,8.158,29.368
632,370,car,0.6618,484.5,30.5,474,22,495,39,-0.013,-0.011,36.503,19.375,69.751
632,390,car,0.7078,588.0,226.5,551,192,625,261,-0.013,-0.011,8.133,7.911,28.481
633,370,car,0.6016,484.0,29.0,474,21,494,37,0.009,-0.08,36.947,19.146,68.927
633,390,car,0.7894,583.0,217.0,548,183,618,251,0.009,-0.08,8.568,7.827,28.176
634,370,car,0.6212,483.5,28.0,474,20,493,36,0.029,0.056,37.803,19.127,68.856
634,390,car,0.7434,579.0,207.0,545,175,613,239,0.029,0.056,10.027,8.552,30.788
635,370,car,0.5772,483.0,27.0,474,19,492,35,-0.005,-0.07,38.977,19.475,70.11
635,390,car,0.6921,575.0,198.0,543,168,607,228,-0.005,-0.07,10.739,9.356,33.68
636,370,car,0.5402,483.0,27.0,474,19,492,35,0.047,-0.053,38.977,19.248,69.292
636,390,car,0.6719,572.0,189.5,541,160,603,219,0.047,-0.053,11.249,10.081,36.291
636,392,car,0.6453,244.5,421.5,173,369,316,474,0.047,-0.053,5.223,0.0,0.0
637,370,car,0.4933,482.0,26.5,473,19,491,34,0.082,-0.084,39.822,19.248,69.292
637,390,car,0.7901,568.5,183.0,538,154,599,212,0.082,-0.084,11.639,10.625,38.252
637,392,car,0.8142,255.0,410.5,187,347,323,474,0.082,-0.084,5.359,0.0,0.0
638,370,car,0.4226,482.0,25.5,473,18,491,33,0.039,-0.098,41.278,19.854,71.476
638,390,car,0.7882,565.0,176.0,536,149,594,203,0.039,-0.098,12.032,11.061,39.818
638,392,car,0.8363,269.0,387.0,207,322,331,452,0.039,-0.098,5.688,0.0,0.0
639,370,car,0.4089,481.5,25.0,473,18,490,32,0.029,-0.1,41.731,20.126,72.453
639,390,car,0.6521,562.0,169.0,535,143,589,195,0.029,-0.1,12.453,11.425,41.129
639,392,car,0.85,281.5,359.5,225,299,338,420,0.029,-0.1,6.126,0.0,0.0
640,370,car,0.5415,481.5,24.0,473,17,490,31,0.014,-0.074,42.844,20.677,74.439
640,390,car,0.7914,559.0,162.5,533,137,585,188,0.014,-0.074,12.852,11.706,42.14
640,392,car,0.8312,292.0,332.0,240,278,344,386,0.014,-0.074,6.638,6.411,23.079
641,370,car,0.5629,481.5,24.5,473,18,490,31,0.045,-0.059,51.456,26.389,94.999
641,390,car,0.7973,556.0,156.5,530,132,582,181,0.045,-0.059,14.528,12.757,45.925
641,392,car,0.8121,301.0,308.5,253,260,349,357,0.045,-0.059,7.756,7.683,27.659
642,370,car,0.4127,481.0,23.5,473,17,489,30,0.077,-0.123,51.514,30.046,108.166
642,390,car,0.7284,553.5,151.0,529,127,578,175,0.077,-0.123,14.709,13.361,48.101
642,392,car,0.7868,307.0,287.0,261,242,353,332,0.077,-0.123,8.186,8.675,31.23
643,370,car,0.251,480.5,23.0,472,17,489,29,-0.039,-0.057,51.611,32.066,115.438
643,390,car,0.6909,551.0,145.0,527,122,575,168,-0.039,-0.057,15.159,13.826,49.775
643,392,car,0.7129,315.0,269.0,272,229,358,309,-0.039,-0.057,9.415,10.545,37.963
644,370,car,0.2975,480.0,22.5,472,16,488,29,0.038,-0.104,51.632,32.815,118.133
644,390,car,0.7089,548.5,140.5,525,118,572,163,0.038,-0.104,16.372,14.641,52.708
644,392,car,0.7233,321.5,253.0,282,217,361,289,0.038,-0.104,10.828,13.165,47.393
645,390,car,0.5559,547.0,135.5,524,114,570,157,0.001,0.004,17.98,16.003,57.611
645,392,car,0.6905,328.0,238.5,291,205,365,272,0.001,0.004,11.473,14.948,53.813
646,390,car,0.5331,545.0,131.5,522,110,568,153,0.024,-0.015,18.762,17.139,61.701
646,392,car,0.6198,333.5,225.0,298,193,369,257,0.024,-0.015,12.136,16.211,58.36
647,390,car,0.7246,543.0,126.5,521,106,565,147,0.032,-0.024,19.539,18.128,65.262
647,392,car,0.677,338.0,213.0,305,183,371,243,0.032,-0.024,12.746,16.562,59.622
648,390,car,0.7261,540.5,122.5,519,103,562,142,-0.009,-0.053,20.249,18.901,68.044
648,392,car,0.8244,342.0,202.5,311,174,373,231,-0.009,-0.053,13.368,16.861,60.701
649,390,car,0.794,539.0,118.5,518,99,560,138,0.018,-0.021,20.885,19.485,70.145
649,392,car,0.8537,346.0,192.0,316,165,376,219,0.018,-0.021,14.096,17.207,61.945
650,390,car,0.7433,537.5,114.5,517,96,558,133,-0.013,-0.015,21.527,19.915,71.695
650,392,car,0.8216,349.5,182.5,321,157,378,208,-0.013,-0.015,14.753,17.518,63.065
651,390,car,0.7003,535.5,111.0,516,93,555,129,0.001,-0.028,19.505,18.454,66.434
651,392,car,0.7748,353.0,174.0,326,150,380,198,0.001,-0.028,13.377,16.509,59.431
652,390,car,0.7208,535.0,107.0,516,89,554,125,0.02,-0.013,19.593,17.097,61.549
652,392,car,0.708,356.0,165.0,330,141,382,189,0.02,-0.013,13.644,15.639,56.301
653,390,car,0.7734,532.5,104.5,514,87,551,122,0.01,-0.018,19.874,15.874,57.148
653,392,car,0.6764,358.5,157.0,333,133,384,181,0.01,-0.018,15.015,15.537,55.935
654,390,car,0.7662,531.5,101.5,513,84,550,119,0.022,-0.045,20.734,15.233,54.84
654,392,car,0.6491,359.5,150.5,334,128,385,173,0.022,-0.045,17.122,16.486,59.349
654,399,car,0.4025,216.0,13.5,204,4,228,23,0.022,-0.045,56.853,0.0,0.0
655,390,car,0.8217,530.0,98.5,511,82,549,115,-0.006,0.008,22.615,15.691,56.486
655,392,car,0.7236,361.0,145.0,334,124,388,166,-0.006,0.008,18.175,17.498,62.994
655,399,car,0.4401,214.0,15.0,202,6,226,24,-0.006,0.008,56.061,0.0,0.0
656,390,car,0.7242,528.5,95.5,511,79,546,112,-0.041,-0.023,24.092,16.667,60.002
656,392,car,0.7003,365.5,139.0,341,119,390,159,-0.041,-0.023,19.059,18.448,66.413
656,399,car,0.4304,211.0,16.0,198,7,224,25,-0.041,-0.023,56.169,0.0,0.0
657,390,car,0.7989,527.0,93.0,510,77,544,109,-0.006,-0.001,25.014,17.615,63.416
657,392,car,0.81,369.0,133.0,347,114,391,152,-0.006,-0.001,19.858,19.276,69.393
657,399,car,0.4878,207.5,17.0,195,8,220,26,-0.006,-0.001,56.451,0.0,0.0
658,390,car,0.791,526.0,90.5,509,75,543,106,-0.001,-0.013,25.84,18.476,66.512
658,392,car,0.7188,371.0,128.0,350,110,392,146,-0.001,-0.013,20.542,19.898,71.632
658,399,car,0.4978,204.5,18.0,191,9,218,27,-0.001,-0.013,56.253,7.41,26.677
659,390,car,0.8031,525.0,88.0,508,73,542,103,-0.014,-0.022,26.61,19.213,69.168
659,392,car,0.7979,373.5,123.0,353,105,394,141,-0.014,-0.022,21.319,20.439,73.58
659,399,car,0.6243,202.5,18.5,189,9,216,28,-0.014,-0.022,56.226,6.431,23.15
659,404,car,0.3556,298.5,11.0,284,2,313,20,-0.014,-0.022,59.415,0.0,0.0
660,390,car,0.7819,524.0,85.5,508,71,540,100,-0.001,-0.01,27.32,19.807,71.306
660,392,car,0.7461,375.0,117.5,355,100,395,135,-0.001,-0.01,22.218,21.01,75.635
660,399,car,0.6722,199.0,19.5,185,10,213,29,-0.001,-0.01,55.945,6.95,25.021
660,404,car,0.2534,297.0,11.5,283,2,311,21,-0.001,-0.01,59.528,0.0,0.0
661,390,car,0.7599,523.0,83.0,507,69,539,97,0.004,-0.023,21.039,18.16,65.377
661,392,car,0.6656,377.0,112.5,358,95,396,130,0.004,-0.023,16.823,18.617,67.02
661,399,car,0.5872,196.0,20.0,182,10,210,30,0.004,-0.023,46.739,19.706,70.942
662,390,car,0.7671,522.0,80.0,506,66,538,94,-0.003,-0.016,21.216,16.466,59.278
662,392,car,0.6163,379.0,108.0,360,91,398,125,-0.003,-0.016,17.112,16.386,58.988
662,399,car,0.6404,193.0,21.0,179,11,207,31,-0.003,-0.016,46.309,26.518,95.465
662,404,car,0.34,294.0,14.0,281,4,307,24,-0.003,-0.016,51.903,0.0,0.0
663,390,car,0.7465,521.0,78.0,505,64,537,92,0.015,-0.018,21.508,14.684,52.863
663,392,car,0.3728,380.5,103.5,362,87,399,120,0.015,-0.018,18.191,14.643,52.716
663,399,car,0.7047,190.0,21.5,176,11,204,32,0.015,-0.018,46.37,28.669,103.21
663,404,car,0.3102,292.5,14.0,280,3,305,25,0.015,-0.018,51.938,0.0,0.0
664,390,car,0.7596,520.0,76.0,505,62,535,90,-0.037,0.003,21.987,12.834,46.201
664,392,car,0.6378,382.0,100.0,363,84,401,116,-0.037,0.003,20.033,14.162,50.984
664,399,car,0.7494,186.5,22.5,172,12,201,33,-0.037,0.003,46.494,28.236,101.648
664,404,car,0.4088,291.0,14.5,279,4,303,25,-0.037,0.003,51.929,31.116,112.019
664,405,car,0.6764,713.5,433.5,633,397,794,470,-0.037,0.003,5.32,0.0,0.0
665,390,car,0.7966,520.0,73.0,505,59,535,87,0.012,-0.004,23.869,12.121,43.635
665,392,car,0.7847,383.0,96.0,365,80,401,112,0.012,-0.004,21.444,14.461,52.06
665,399,car,0.7704,183.0,23.5,168,13,198,34,0.012,-0.004,46.591,27.444,98.799
665,404,car,0.365,287.5,15.5,274,5,301,26,0.012,-0.004,51.937,28.034,100.923
665,405,car,0.3261,706.0,423.0,622,375,790,471,0.012,-0.004,5.487,0.0,0.0
666,390,car,0.8067,519.0,71.0,504,57,534,85,-0.025,-0.05,25.32,12.249,44.098
666,392,car,0.8069,383.5,93.5,365,78,402,109,-0.025,-0.05,22.117,14.768,53.164
666,399,car,0.7843,179.5,25.0,164,15,195,35,-0.025,-0.05,46.492,26.4,95.041
666,404,car,0.5075,286.5,17.0,273,7,300,27,-0.025,-0.05,51.737,25.288,91.035
666,405,car,0.7375,695.5,411.5,610,352,781,471,-0.025,-0.05,5.659,0.0,0.0
667,390,car,0.7818,518.0,69.0,503,55,533,83,-0.004,-0.034,26.573,12.922,46.519
667,392,car,0.7308,384.0,90.5,366,76,402,105,-0.004,-0.034,22.765,15.124,54.446
667,399,car,0.7369,175.5,26.0,160,15,191,37,-0.004,-0.034,46.779,24.856,89.483
667,404,car,0.4979,284.0,18.0,270,8,298,28,-0.004,-0.034,51.656,22.506,81.022
667,405,car,0.8651,684.5,400.0,601,330,768,470,-0.004,-0.034,5.841,0.0,0.0
668,390,car,0.8162,517.0,67.0,502,54,532,80,-0.016,-0.094,27.604,13.821,49.756
668,392,car,0.7663,384.5,87.5,366,73,403,102,-0.016,-0.094,23.426,15.497,55.79
668,399,car,0.7281,172.5,27.0,157,16,188,38,-0.016,-0.094,46.673,23.253,83.709
668,404,car,0.4769,282.0,19.0,267,8,297,30,-0.016,-0.094,51.451,20.147,72.529
668,405,car,0.9292,670.0,383.5,592,309,748,458,-0.016,-0.094,6.111,3.663,13.186
669,390,car,0.844,516.0,65.5,502,53,530,78,-0.13,-0.116,28.229,14.575,52.468
669,392,car,0.6332,385.5,84.0,367,70,404,98,-0.13,-0.116,24.244,16.003,57.611
669,399,car,0.6141,169.0,28.5,153,17,185,40,-0.13,-0.116,46.291,21.917,78.903
669,404,car,0.4868,279.5,20.0,264,9,295,31,-0.13,-0.116,51.018,18.539,66.739
669,405,car,0.8479,657.0,361.5,586,289,728,434,-0.13,-0.116,6.516,4.458,16.049
670,390,car,0.8284,515.0,63.5,501,51,529,76,0.018,-0.083,28.965,15.321,55.154
670,392,car,0.6933,388.0,81.5,371,68,405,95,0.018,-0.083,24.871,16.417,59.1
670,399,car,0.7181,165.0,29.5,149,18,181,41,0.018,-0.083,46.162,20.575,74.07
670,404,car,0.5366,277.5,20.5,262,10,293,31,0.018,-0.083,50.775,16.94,60.984
670,405,car,0.8031,645.0,341.0,579,274,711,408,0.018,-0.083,6.954,5.206,18.742
671,390,car,0.7977,515.0,62.5,501,50,529,75,-0.007,0.004,27.052,14.213,51.168
671,392,car,0.712,390.5,78.0,375,64,406,92,-0.007,0.004,23.012,15.239,54.862
671,399,car,0.6151,160.5,31.0,144,19,177,43,-0.007,0.004,41.496,22.282,80.217
671,404,car,0.5233,277.0,21.0,262,10,292,32,-0.007,0.004,44.288,20.663,74.388
671,405,car,0.8752,634.5,319.0,573,256,696,382,-0.007,0.004,6.47,5.383,19.38
672,390,car,0.8121,514.5,61.0,501,49,528,73,0.006,-0.033,27.066,13.131,47.271
672,392,car,0.7019,391.5,75.0,377,61,406,89,0.006,-0.033,23.176,14.126,50.854
672,399,car,0.7715,157.0,32.0,140,20,174,44,0.006,-0.033,41.205,23.208,83.549
672,404,car,0.5871,275.0,22.5,260,11,290,34,0.006,-0.033,44.178,23.022,82.88
672,405,car,0.8068,625.0,300.5,568,243,682,358,0.006,-0.033,6.75,5.376,19.354
673,390,car,0.8227,513.5,59.5,500,48,527,71,-0.004,0.007,27.156,12.134,43.684
673,392,car,0.7377,393.0,72.5,379,59,407,86,-0.004,0.007,23.713,13.359,48.092
673,399,car,0.7855,152.5,33.0,135,20,170,46,-0.004,0.007,41.024,23.459,84.454
673,404,car,0.5506,272.5,23.5,257,12,288,35,-0.004,0.007,44.164,24.165,86.995
673,405,car,0.8693,616.0,284.0,563,232,669,336,-0.004,0.007,7.146,5.542,19.951
674,390,car,0.7874,512.5,58.5,499,47,526,70,-0.032,-0.015,27.269,11.196,40.305
674,392,car,0.7559,394.0,69.5,380,56,408,83,-0.032,-0.015,25.73,13.872,49.938
674,399,car,0.7212,148.0,34.5,130,22,166,47,-0.032,-0.015,40.946,23.23,83.627
674,404,car,0.6213,270.0,24.5,254,13,286,36,-0.032,-0.015,44.136,24.482,88.136
674,405,car,0.8619,608.0,268.0,558,220,658,316,-0.032,-0.015,8.221,6.807,24.505
675,390,car,0.835,511.5,56.5,499,45,524,68,-0.091,-0.016,27.773,10.677,38.437
675,392,car,0.8072,395.0,67.0,381,54,409,80,-0.091,-0.016,27.68,15.232,54.834
675,399,car,0.8111,144.0,35.5,126,23,162,48,-0.091,-0.016,41.522,22.129,79.665
675,404,car,0.5422,267.5,25.5,251,14,284,37,-0.091,-0.016,44.102,24.193,87.096
675,405,car,0.8096,600.5,254.5,554,210,647,299,-0.091,-0.016,9.424,7.711,27.759
676,390,car,0.8091,511.0,54.5,499,43,523,66,0.005,-0.046,29.175,11.01,39.637
676,392,car,0.7591,395.5,64.5,381,52,410,77,0.005,-0.046,28.873,16.69,60.085
676,399,car,0.7873,139.0,36.5,121,24,157,49,0.005,-0.046,42.347,20.501,73.805
676,404,car,0.5637,265.5,26.5,249,15,282,38,0.005,-0.046,44.002,23.524,84.685
676,405,car,0.8192,594.0,241.5,549,200,639,283,0.005,-0.046,9.946,8.552,30.788
677,390,car,0.7736,511.0,53.0,499,42,523,64,-0.032,-0.005,31.15,12.335,44.405
677,392,car,0.6806,396.0,63.5,382,52,410,75,-0.032,-0.005,29.269,17.593,63.336
677,399,car,0.7333,134.5,38.5,116,26,153,51,-0.032,-0.005,42.178,19.077,68.678
677,404,car,0.6477,263.0,27.5,246,15,280,40,-0.032,-0.005,43.932,22.569,81.25
677,405,car,0.7605,589.0,230.0,546,191,632,269,-0.032,-0.005,10.495,9.341,33.627
678,390,car,0.7218,510.0,51.0,498,40,522,62,-0.044,-0.034,33.474,14.608,52.588
678,392,car,0.6842,396.5,62.0,382,51,411,73,-0.044,-0.034,29.846,18.264,65.749
678,399,car,0.6971,129.0,40.0,110,27,148,53,-0.044,-0.034,42.347,17.765,63.953
678,404,car,0.6702,260.5,28.5,243,16,278,41,-0.044,-0.034,43.869,21.442,77.192
678,405,car,0.8076,583.0,218.5,542,181,624,256,-0.044,-0.034,11.027,10.068,36.244
679,390,car,0.7966,509.0,50.0,497,39,521,61,-0.014,-0.005,34.256,16.418,59.104
679,392,car,0.6925,397.0,60.0,383,49,411,71,-0.014,-0.005,30.573,18.865,67.914
679,399,car,0.7338,124.5,42.0,105,29,144,55,-0.014,-0.005,41.771,16.695,60.102
679,404,car,0.6921,257.5,30.0,240,17,275,43,-0.014,-0.005,43.763,20.315,73.134
679,405,car,0.8329,577.5,209.0,538,173,617,245,-0.014,-0.005,11.493,10.673,38.424
680,390,car,0.8006,509.0,49.0,497,38,521,60,0.014,-0.063,34.994,17.874,64.347
680,392,car,0.7182,397.5,58.5,383,48,412,69,0.014,-0.063,31.04,19.178,69.04
680,399,car,0.6991,119.0,43.0,99,30,139,56,0.014,-0.063,41.446,15.821,56.955
680,404,car,0.5833,255.0,31.0,237,18,273,44,0.014,-0.063,43.709,19.048,68.572
680,405,car,0.7847,572.5,200.0,535,165,610,235,0.014,-0.063,11.977,11.203,40.332
681,390,car,0.8276,508.5,47.5,496,37,521,58,-0.014,-0.026,33.023,17.231,62.032
681,392,car,0.5334,398.0,56.0,384,45,412,67,-0.014,-0.026,30.586,18.746,67.486
681,399,car,0.7298,113.5,44.5,93,31,134,58,-0.014,-0.026,32.24,20.567,74.041
681,404,car,0.5611,252.5,32.5,234,19,271,46,-0.014,-0.026,34.861,23.774,85.585
681,405,car,0.8044,568.5,191.0,533,158,604,224,-0.014,-0.026,11.27,10.927,39.338
682,390,car,0.7981,508.0,46.5,496,36,520,57,-0.026,-0.029,33.03,16.364,58.912
682,392,car,0.4758,398.5,53.5,385,42,412,65,-0.026,-0.029,30.908,18.254,65.715
682,399,car,0.6911,108.0,46.0,87,32,129,60,-0.026,-0.029,31.806,24.206,87.143
682,404,car,0.6963,250.0,34.0,231,20,269,48,-0.026,-0.029,34.844,26.671,96.016
682,405,car,0.7361,564.5,183.5,529,152,600,215,-0.026,-0.029,11.577,10.677,38.439
683,390,car,0.7542,507.0,46.0,495,35,519,57,-0.044,-0.031,33.079,15.381,55.371
683,392,car,0.5453,399.5,51.0,387,39,412,63,-0.044,-0.031,31.568,17.958,64.648
683,399,car,0.7271,102.5,48.5,81,34,124,63,-0.044,-0.031,31.407,26.637,95.892
683,404,car,0.5656,247.0,35.0,228,21,266,49,-0.044,-0.031,34.787,28.157,101.364
683,405,car,0.8433,560.5,176.0,527,146,594,206,-0.044,-0.031,12.032,10.574,38.068
684,390,car,0.7827,507.0,44.5,495,34,519,55,-0.051,-0.01,33.218,14.501,52.205
684,392,car,0.5959,401.0,49.0,389,37,413,61,-0.051,-0.01,33.499,18.631,67.072
684,399,car,0.7581,96.0,50.0,74,35,118,65,-0.051,-0.01,31.29,27.766,99.956
684,404,car,0.6997,244.0,36.0,225,21,263,51,-0.051,-0.01,34.742,28.627,103.058
684,405,car,0.778,557.5,167.5,526,137,589,198,-0.051,-0.01,13.647,11.351,40.864
685,390,car,0.7157,506.5,43.0,495,33,518,53,-0.06,-0.016,33.987,14.065,50.634
685,392,car,0.7232,401.5,47.0,390,35,413,59,-0.06,-0.016,35.27,19.906,71.663
685,399,car,0.812,89.0,52.0,66,37,112,67,-0.06,-0.016,31.412,27.894,100.419
685,404,car,0.6578,241.0,37.5,222,22,260,53,-0.06,-0.016,34.692,28.401,102.243
685,405,car,0.83,554.0,161.5,523,132,585,191,-0.06,-0.016,14.977,12.509,45.033
686,390,car,0.7064,506.5,42.0,495,32,518,52,-0.06,-0.019,35.062,14.147,50.929
686,392,car,0.8164,402.5,45.5,390,34,415,57,-0.06,-0.019,36.577,21.253,76.512
686,399,car,0.8283,83.0,53.5,60,39,106,68,-0.06,-0.019,31.586,27.223,98.002
686,404,car,0.6412,239.0,39.0,220,24,258,54,-0.06,-0.019,34.651,27.652,99.548
686,405,car,0.8627,551.0,155.5,521,128,581,183,-0.06,-0.019,15.642,13.525,48.688
687,390,car,0.7101,506.0,41.0,495,31,517,51,-0.017,-0.041,36.279,14.714,52.97
687,392,car,0.8354,403.0,44.5,391,34,415,55,-0.017,-0.041,37.145,22.118,79.625
687,399,car,0.808,77.0,55.5,53,40,101,71,-0.017,-0.041,31.529,26.207,94.345
687,404,car,0.6144,236.0,41.0,217,26,255,56,-0.017,-0.041,34.563,26.592,95.73
687,405,car,0.8765,547.5,150.5,519,124,576,177,-0.017,-0.041,16.172,14.302,51.487
688,390,car,0.7068,505.0,39.5,494,30,516,49,-0.01,-0.015,38.837,16.566,59.637
688,392,car,0.7915,404.0,43.0,393,33,415,53,-0.01,-0.015,38.063,22.909,82.473
688,399,car,0.8144,69.5,57.5,45,42,94,73,-0.01,-0.015,31.361,25.031,90.111
688,404,car,0.5236,233.0,42.0,214,27,252,57,-0.01,-0.015,34.646,25.107,90.384
688,405,car,0.7618,545.0,144.5,517,119,573,170,-0.01,-0.015,16.844,15.03,54.106
689,390,car,0.7277,505.0,38.0,494,28,516,48,0.017,-0.027,40.706,18.828,67.783
689,392,car,0.7772,404.5,42.0,393,32,416,52,0.017,-0.027,38.634,23.334,84.004
689,399,car,0.7718,63.0,59.5,38,43,88,76,0.017,-0.027,30.148,24.43,87.948
689,404,car,0.6489,230.0,44.0,210,28,250,60,0.017,-0.027,34.474,23.684,85.263
689,405,car,0.8287,543.0,138.5,516,114,570,163,0.017,-0.027,17.625,15.76,56.736
689,409,car,0.6966,248.0,414.0,173,352,323,476,0.017,-0.027,5.895,0.0,0.0
690,390,car,0.7701,504.5,37.0,494,27,515,47,-0.014,-0.066,41.786,20.749,74.697
690,392,car,0.7748,405.0,40.5,394,31,416,50,-0.014,-0.066,39.477,23.728,85.422
690,399,car,0.5969,56.5,61.0,32,44,81,78,-0.014,-0.066,28.803,24.349,87.657
690,404,car,0.6016,226.0,45.0,206,29,246,61,-0.014,-0.066,34.631,22.001,79.202
690,405,car,0.8309,540.5,134.0,514,110,567,158,-0.014,-0.066,18.121,16.249,58.496
690,409,car,0.8512,257.5,403.0,186,332,329,474,-0.014,-0.066,6.071,0.0,0.0
691,390,car,0.8198,503.5,36.0,493,26,514,46,-0.006,-0.071,42.15,21.923,78.924
691,392,car,0.7275,405.0,40.0,394,31,416,49,-0.006,-0.071,40.112,23.865,85.914
691,399,car,0.5504,47.0,63.5,21,47,73,80,-0.006,-0.071,27.257,24.83,89.39
691,404,car,0.6194,222.5,46.5,203,30,242,63,-0.006,-0.071,30.062,23.386,84.191
691,405,car,0.798,538.0,130.0,512,107,564,153,-0.006,-0.071,15.9,14.815,53.334
691,409,car,0.8934,269.5,381.5,203,310,336,453,-0.006,-0.071,5.398,0.0,0.0
692,390,car,0.81,503.0,35.0,493,26,513,44,-0.03,-0.073,42.172,22.311,80.319
692,392,car,0.6652,405.5,39.0,394,30,417,48,-0.03,-0.073,40.205,23.527,84.698
692,399,car,0.6739,40.0,65.5,13,49,67,82,-0.03,-0.073,27.257,24.625,88.65
692,404,car,0.5561,218.5,49.0,198,32,239,66,-0.03,-0.073,29.903,24.039,86.539
692,405,car,0.7915,535.5,125.0,510,102,561,148,-0.03,-0.073,16.163,13.682,49.255
692,409,car,0.8968,281.0,356.0,220,289,342,423,-0.03,-0.073,5.722,0.0,0.0
693,390,car,0.8322,503.0,34.0,493,25,513,43,-0.067,-0.148,42.234,22.148,79.732
693,392,car,0.7157,405.5,37.0,395,28,416,46,-0.067,-0.148,40.881,23.294,83.86
693,399,car,0.5169,30.5,68.0,2,50,59,86,-0.067,-0.148,27.529,23.797,85.668
693,404,car,0.6182,214.5,50.0,194,32,235,68,-0.067,-0.148,29.824,23.94,86.183
693,405,car,0.8079,533.0,120.5,508,98,558,143,-0.067,-0.148,16.712,12.908,46.468
693,409,car,0.8766,291.0,332.0,235,271,347,393,-0.067,-0.148,6.266,6.734,24.242
694,390,car,0.8512,502.5,33.0,492,24,513,42,-0.045,-0.049,43.121,22.15,79.739
694,392,car,0.7338,406.0,36.0,396,27,416,45,-0.045,-0.049,42.077,23.371,84.134
694,399,car,0.6215,20.5,71.0,0,54,41,88,-0.045,-0.049,28.275,22.387,80.593
694,404,car,0.7753,210.0,51.0,189,33,231,69,-0.045,-0.049,29.767,23.363,84.108
694,405,car,0.7951,531.0,117.5,507,96,555,139,-0.045,-0.049,17.442,12.507,45.026
694,409,car,0.8514,300.0,310.5,248,256,352,365,-0.045,-0.049,7.722,7.445,26.803
695,390,car,0.8235,502.0,32.5,491,23,513,42,-0.009,-0.066,44.292,22.416,80.697
695,392,car,0.6549,406.5,35.0,396,27,417,43,-0.009,-0.066,44.178,24.326,87.575
695,399,car,0.5197,17.5,74.0,0,56,35,92,-0.009,-0.066,28.316,20.746,74.687
695,404,car,0.6123,206.0,52.5,184,34,228,71,-0.009,-0.066,29.68,22.525,81.09
695,405,car,0.7901,529.0,112.0,506,90,552,134,-0.009,-0.066,19.669,13.489,48.559
695,409,car,0.787,308.0,291.0,259,241,357,341,-0.009,-0.066,8.456,8.506,30.621
696,390,car,0.8361,501.5,32.0,491,23,512,41,-0.033,-0.026,44.842,22.488,80.958
696,392,car,0.593,407.0,33.5,397,25,417,42,-0.033,-0.026,46.989,26.427,95.138
696,399,car,0.6324,16.0,76.0,0,58,32,94,-0.033,-0.026,28.268,19.12,68.83
696,404,car,0.7029,201.5,54.5,179,36,224,73,-0.033,-0.026,29.626,21.502,77.409
696,405,car,0.7973,527.0,107.5,505,85,549,130,-0.033,-0.026,20.94,14.737,53.054
696,409,car,0.7657,315.0,274.0,269,229,361,319,-0.033,-0.026,9.068,9.562,34.424
697,390,car,0.7602,501.0,30.5,490,21,512,40,-0.034,-0.026,47.501,23.924,86.128
697,392,car,0.5158,408.0,31.5,398,22,418,41,-0.034,-0.026,49.478,29.096,104.747
697,399,car,0.4565,12.5,77.0,0,59,25,95,-0.034,-0.026,28.536,17.237,62.054
697,404,car,0.6233,196.5,57.0,174,38,219,76,-0.034,-0.026,29.654,20.354,73.274
697,405,car,0.8584,525.5,104.5,504,83,547,126,-0.034,-0.026,21.68,15.783,56.818
697,409,car,0.7738,321.5,258.0,278,217,365,299,-0.034,-0.026,9.677,10.607,38.185
697,418,car,0.389,226.0,9.0,215,2,237,16,-0.034,-0.026,66.42,0.0,0.0
698,390,car,0.7848,500.5,29.5,490,20,511,39,-0.047,-0.024,49.333,25.651,92.344
698,392,car,0.5945,408.0,29.5,398,19,418,40,-0.047,-0.024,51.202,31.573,113.662
698,404,car,0.6675,192.0,58.5,168,39,216,78,-0.047,-0.024,29.787,18.938,68.177
698,405,car,0.8713,523.5,102.0,503,82,544,122,-0.047,-0.024,22.252,16.562,59.622
698,409,car,0.7777,327.0,245.0,286,207,368,283,-0.047,-0.024,10.209,11.42,41.113
698,418,car,0.4636,224.0,9.5,213,2,235,17,-0.047,-0.024,66.846,0.0,0.0
698,420,car,0.3436,301.5,14.0,291,5,312,23,-0.047,-0.024,60.135,0.0,0.0
699,390,car,0.7446,500.0,28.0,489,19,511,37,-0.041,-0.029,51.407,27.789,100.041
699,392,car,0.6385,409.0,28.5,399,19,419,38,-0.041,-0.029,52.024,33.158,119.368
699,404,car,0.4572,187.5,61.0,163,40,212,82,-0.041,-0.029,29.745,17.643,63.515
699,405,car,0.8747,522.0,99.5,502,80,542,119,-0.041,-0.029,22.843,17.162,61.782
699,409,car,0.7825,332.0,232.5,293,197,371,268,-0.041,-0.029,10.761,12.159,43.773
699,418,car,0.4518,222.0,10.5,211,3,233,18,-0.041,-0.029,66.202,0.0,0.0
699,420,car,0.4537,299.5,14.0,289,5,310,23,-0.041,-0.029,60.789,0.0,0.0
700,390,car,0.7805,499.5,27.0,489,18,510,36,-0.048,-0.007,52.589,29.497,106.189
700,392,car,0.5325,409.0,28.0,399,19,419,37,-0.048,-0.007,52.343,33.751,121.505
700,404,car,0.5523,182.5,63.0,157,40,208,86,-0.048,-0.007,29.76,16.357,58.885
700,405,car,0.8699,520.5,96.5,500,77,541,116,-0.048,-0.007,23.526,17.695,63.702
700,409,car,0.7837,337.5,220.5,301,187,374,254,-0.048,-0.007,11.377,12.484,44.943
700,418,car,0.5948,220.5,11.5,209,4,232,19,-0.048,-0.007,64.83,0.0,0.0
700,420,car,0.4007,298.0,16.0,287,7,309,25,-0.048,-0.007,59.459,0.0,0.0
700,421,truck,0.4093,182.5,63.0,157,40,208,86,-0.048,-0.007,29.76,0.0,0.0
701,390,car,0.7799,499.5,26.5,489,17,510,36,-0.022,-0.036,44.118,25.89,93.205
701,392,car,0.577,410.0,27.0,400,18,420,36,-0.022,-0.036,42.197,30.844,111.04
701,404,car,0.5734,176.5,65.0,150,42,203,88,-0.022,-0.036,22.146,20.1,72.36
701,405,car,0.8499,519.0,93.5,500,75,538,112,-0.022,-0.036,18.61,15.808,56.908
701,409,car,0.7399,342.0,209.5,307,178,377,241,-0.022,-0.036,9.624,11.467,41.281
701,418,car,0.5928,218.0,11.0,206,3,230,19,-0.022,-0.036,53.496,25.747,92.69
701,420,car,0.4515,296.5,16.5,286,8,307,25,-0.022,-0.036,47.987,0.0,0.0
702,390,car,0.7509,499.5,25.5,489,16,510,35,-0.008,0.014,44.154,22.678,81.64
702,392,car,0.5593,410.0,26.5,400,18,420,35,-0.008,0.014,42.485,27.851,100.263
702,404,car,0.4025,171.0,67.5,144,44,198,91,-0.008,0.014,22.22,22.331,80.39
702,405,car,0.8893,518.0,91.0,499,73,537,109,-0.008,0.014,18.658,14.049,50.577
702,409,car,0.7287,346.5,199.5,313,170,380,229,-0.008,0.014,9.882,10.642,38.311
702,418,car,0.5792,215.5,12.5,204,4,227,21,-0.008,0.014,52.169,37.068,133.444
702,420,car,0.5591,294.5,17.0,284,8,305,26,-0.008,0.014,47.903,34.344,123.64
702,421,truck,0.3746,172.0,66.5,145,42,199,91,-0.008,0.014,22.236,0.0,0.0
703,390,car,0.7123,499.0,24.5,489,15,509,34,-0.012,-0.052,44.179,19.86,71.495
703,392,car,0.5348,410.0,25.5,400,18,420,33,-0.012,-0.052,43.392,24.443,87.996
703,404,car,0.3363,165.5,69.5,137,45,194,94,-0.012,-0.052,22.257,23.396,84.225
703,405,car,0.8222,516.5,88.5,498,71,535,106,-0.012,-0.052,18.814,12.415,44.695
703,409,car,0.6635,350.0,189.0,318,161,382,217,-0.012,-0.052,10.723,10.338,37.218
703,418,car,0.5658,214.0,12.5,202,4,226,21,-0.012,-0.052,52.284,40.965,147.474
703,420,car,0.5768,292.5,18.5,282,10,303,27,-0.012,-0.052,47.71,37.65,135.54
703,421,truck,0.3962,167.0,68.5,137,43,197,94,-0.012,-0.052,22.284,0.0,0.0
704,390,car,0.6822,499.0,23.5,489,15,509,32,0.007,-0.008,44.248,17.33,62.386
704,392,car,0.3895,411.0,25.5,401,18,421,33,0.007,-0.008,43.367,21.523,77.482
704,404,car,0.4634,158.0,75.0,130,52,186,98,0.007,-0.008,22.179,23.87,85.932
704,405,car,0.8048,514.5,86.0,496,69,533,103,0.007,-0.008,19.278,10.922,39.318
704,409,car,0.6624,353.0,181.5,323,154,383,209,0.007,-0.008,12.412,10.926,39.332
704,418,car,0.6286,211.0,13.5,198,5,224,22,0.007,-0.008,52.132,41.249,148.496
704,420,car,0.6127,291.0,19.5,280,11,302,28,0.007,-0.008,47.628,37.532,135.115
705,390,car,0.7058,499.0,23.0,489,15,509,31,0.067,-0.045,44.422,14.981,53.933
705,392,car,0.4397,411.0,24.5,401,17,421,32,0.067,-0.045,44.748,18.775,67.592
705,404,car,0.5935,152.0,78.0,123,56,181,100,0.067,-0.045,22.147,23.588,84.918
705,405,car,0.8297,513.0,83.5,495,67,531,100,0.067,-0.045,20.455,10.164,36.592
705,409,car,0.7862,355.5,173.5,326,147,385,200,0.067,-0.045,13.261,11.686,42.069
705,418,car,0.6,208.5,14.5,196,6,221,23,0.067,-0.045,51.903,39.676,142.834
705,420,car,0.5869,288.5,20.0,277,11,300,29,0.067,-0.045,47.602,35.425,127.531
706,390,car,0.7437,499.0,22.0,489,14,509,30,-0.054,-0.023,44.904,13.057,47.006
706,392,car,0.4859,412.0,24.0,403,17,421,31,-0.054,-0.023,45.216,16.679,60.045
706,404,car,0.5774,145.5,78.0,115,52,176,104,-0.054,-0.023,22.241,22.67,81.611
706,405,car,0.7879,512.5,80.0,495,63,530,97,-0.054,-0.023,22.6,10.861,39.101
706,409,car,0.6485,359.0,162.5,331,134,387,191,-0.054,-0.023,14.076,12.59,45.325
706,418,car,0.6068,206.0,15.0,193,6,219,24,-0.054,-0.023,52.495,35.634,128.283
706,420,car,0.6158,287.0,20.0,276,10,298,30,-0.054,-0.023,47.628,32.275,116.189
706,421,truck,0.3768,146.0,76.5,115,49,177,104,-0.054,-0.023,22.331,0.0,0.0
707,390,car,0.7585,498.5,22.0,489,14,508,30,-0.007,-0.011,44.673,11.26,40.538
707,392,car,0.4191,412.0,23.0,403,16,421,30,-0.007,-0.011,46.704,15.805,56.897
707,404,car,0.411,135.5,85.5,108,62,163,109,-0.007,-0.011,21.984,22.179,79.843
707,405,car,0.7708,511.0,77.5,494,60,528,95,-0.007,-0.011,24.069,12.074,43.466
707,409,car,0.7044,362.0,157.5,335,132,389,183,-0.007,-0.011,14.409,13.107,47.185
707,418,car,0.6478,204.0,16.0,191,7,217,25,-0.007,-0.011,52.224,32.129,115.663
707,420,car,0.5509,285.0,22.0,274,12,296,32,-0.007,-0.011,47.428,29.653,106.75
707,421,car,0.3883,146.5,74.0,122,50,171,98,-0.007,-0.011,22.748,7.711,27.758
708,390,car,0.7976,498.5,21.5,489,13,508,30,0.009,0.009,44.947,9.789,35.242
708,392,car,0.2558,412.5,22.0,404,15,421,29,0.009,0.009,48.141,15.806,56.903
708,404,car,0.5046,130.0,88.0,99,64,161,112,0.009,0.009,21.818,21.099,75.957
708,405,car,0.8287,509.5,74.0,493,57,526,91,0.009,0.009,25.537,13.717,49.382
708,409,car,0.6545,363.5,151.5,337,128,390,175,0.009,0.009,14.937,13.569,48.848
708,418,car,0.6556,201.5,17.0,188,8,215,26,0.009,0.009,52.16,30.619,110.228
708,420,car,0.5267,283.0,23.0,272,13,294,33,0.009,0.009,47.235,26.739,96.261
709,390,car,0.7618,498.0,21.0,489,13,507,29,-0.03,0.013,45.063,8.604,30.975
709,404,car,0.3844,123.0,93.5,89,70,157,117,-0.03,0.013,21.19,20.453,73.631
709,405,car,0.7541,508.0,71.5,491,55,525,88,-0.03,0.013,26.41,15.166,54.597
709,409,car,0.6609,364.5,146.0,338,124,391,168,-0.03,0.013,15.437,13.94,50.183
709,418,car,0.685,199.5,17.0,186,8,213,26,-0.03,0.013,53.305,27.966,100.677
709,420,car,0.6239,281.0,23.5,269,14,293,33,-0.03,0.013,47.052,25.535,91.927
710,390,car,0.7547,498.0,20.0,489,12,507,28,0.032,-0.008,46.404,8.494,30.579
710,404,car,0.4516,113.5,98.0,80,74,147,122,0.032,-0.008,20.397,20.032,72.117
710,405,car,0.7519,507.5,70.0,491,54,524,86,0.032,-0.008,26.934,16.208,58.349
710,409,car,0.7924,368.5,139.5,344,118,393,161,0.032,-0.008,16.106,14.377,51.759
710,418,car,0.5914,197.0,18.0,183,9,211,27,0.032,-0.008,53.058,25.733,92.639
710,420,car,0.7131,279.0,24.5,267,15,291,34,0.032,-0.008,45.929,24.913,89.685
710,421,car,0.3357,130.5,81.0,108,57,153,105,0.032,-0.008,23.361,11.062,39.824
711,390,car,0.6911,497.5,19.0,488,11,507,27,-0.016,-0.045,55.34,11.043,39.753
711,404,car,0.6275,106.5,101.5,70,77,143,126,-0.016,-0.045,19.624,19.739,71.059
711,405,car,0.779,506.5,69.0,490,54,523,84,-0.016,-0.045,25.858,15.861,57.098
711,409,car,0.7627,370.5,134.5,347,114,394,155,-0.016,-0.045,15.51,13.98,50.329
711,418,car,0.665,194.0,18.5,180,9,208,28,-0.016,-0.045,52.289,24.024,86.485
711,420,car,0.7665,277.0,25.5,265,15,289,36,-0.016,-0.045,44.278,25.038,90.138
712,390,car,0.6322,497.5,18.5,488,11,507,26,0.008,-0.007,55.453,14.355,51.679
712,404,car,0.688,97.5,106.0,60,81,135,131,0.008,-0.007,19.202,19.422,69.919
712,405,car,0.8018,505.5,68.0,489,53,522,83,0.008,-0.007,25.927,15.308,55.107
712,409,car,0.7418,372.5,129.0,350,109,395,149,0.008,-0.007,15.714,13.556,48.802
712,418,car,0.7238,191.0,19.5,177,10,205,29,0.008,-0.007,51.697,22.71,81.757
712,420,car,0.6918,275.0,27.0,263,17,287,37,0.008,-0.007,43.95,24.844,89.439
712,421,car,0.4824,118.0,77.5,94,62,142,93,0.008,-0.007,22.395,11.138,40.096
713,390,car,0.6412,497.0,18.5,487,11,507,26,0.037,-0.011,55.472,17.351,62.464
713,404,car,0.5956,88.5,110.5,49,85,128,136,0.037,-0.011,18.659,19.132,68.875
713,405,car,0.8029,505.0,66.0,489,52,521,80,0.037,-0.011,26.086,14.727,53.016
713,409,car,0.8707,374.0,124.5,352,105,396,144,0.037,-0.011,16.18,13.244,47.68
713,418,car,0.7261,189.0,20.0,175,10,203,30,0.037,-0.011,51.477,21.341,76.828
713,420,car,0.7114,273.0,28.5,261,19,285,38,0.037,-0.011,43.641,24.377,87.756
713,421,car,0.3886,110.5,77.5,85,63,136,92,0.037,-0.011,22.384,9.514,34.25
714,390,car,0.6276,496.0,18.0,486,10,506,26,-0.01,-0.004,55.533,19.205,69.138
714,404,car,0.6563,76.5,115.5,34,89,119,142,-0.01,-0.004,18.2,18.869,67.927
714,405,car,0.7759,503.5,64.0,488,50,519,78,-0.01,-0.004,26.624,14.35,51.66
714,409,car,0.8364,376.0,120.0,355,101,397,139,-0.01,-0.004,17.875,13.849,49.857
714,418,car,0.709,185.5,21.0,171,11,200,31,-0.01,-0.004,51.285,20.143,72.513
714,420,car,0.5193,270.5,30.0,258,20,283,40,-0.01,-0.004,43.401,23.674,85.227
714,421,car,0.5749,103.0,81.0,76,65,130,97,-0.01,-0.004,21.986,8.632,31.074
715,390,car,0.5719,496.0,17.0,486,8,506,26,-0.006,0.001,55.881,20.423,73.523
715,404,truck,0.4782,66.5,120.5,22,93,111,148,-0.006,0.001,17.968,18.41,66.274
715,405,car,0.6826,502.5,62.5,487,49,518,76,-0.006,0.001,27.69,14.459,52.052
715,409,car,0.8366,377.5,115.5,357,97,398,134,-0.006,0.001,19.929,15.349,55.256
715,418,car,0.7001,183.0,21.0,169,11,197,31,-0.006,0.001,51.526,18.546,66.765
715,420,car,0.5381,268.5,31.5,256,22,281,41,-0.006,0.001,43.185,22.799,82.075
715,421,car,0.5492,96.5,84.0,69,67,124,101,-0.006,0.001,21.638,7.821,28.156
716,390,car,0.5768,495.5,16.5,486,8,505,25,-0.044,0.001,55.889,20.806,74.901
716,404,car,0.4953,55.5,125.5,9,96,102,155,-0.044,0.001,17.752,17.85,64.26
716,405,car,0.6442,501.5,60.0,486,47,517,73,-0.044,0.001,29.955,15.793,56.853
716,409,car,0.7726,379.0,112.0,358,94,400,130,-0.044,0.001,20.822,16.676,60.034
716,418,car,0.7336,179.5,22.0,165,12,194,32,-0.044,0.001,51.497,17.257,62.126
716,420,car,0.6427,265.5,32.0,253,21,278,43,-0.044,0.001,43.165,21.614,77.812
716,421,car,0.4858,88.0,88.0,59,71,117,105,-0.044,0.001,21.308,7.945,28.602
717,390,car,0.5339,495.5,15.5,485,7,506,24,0.011,0.008,56.933,21.398,77.033
717,404,car,0.3202,45.5,132.0,0,103,91,161,0.011,0.008,17.463,17.325,62.37
717,405,car,0.6959,500.5,58.5,485,45,516,72,0.011,0.008,31.322,17.294,62.257
717,409,car,0.6624,381.5,107.5,362,91,401,124,0.011,0.008,21.718,17.899,64.438
717,418,car,0.7203,176.5,23.0,161,13,192,33,0.011,0.008,51.439,15.997,57.589
717,420,car,0.6109,263.0,33.5,250,23,276,44,0.011,0.008,42.979,20.501,73.803
717,421,car,0.4573,80.0,89.5,50,74,110,105,0.011,0.008,21.591,7.743,27.875
718,390,car,0.4224,495.0,15.0,484,6,506,24,-0.037,0.041,57.414,21.632,77.875
718,404,truck,0.3931,40.5,138.0,0,107,81,169,-0.037,0.041,16.518,17.211,61.959
718,405,car,0.7841,500.0,56.0,485,42,515,70,-0.037,0.041,33.097,19.255,69.317
718,409,car,0.6132,382.5,103.5,364,87,401,120,-0.037,0.041,22.4,18.848,67.852
718,418,car,0.7369,173.0,24.5,158,14,188,35,-0.037,0.041,50.935,15.178,54.641
718,420,car,0.5897,260.0,35.0,247,24,273,46,-0.037,0.041,42.674,19.48,70.129
718,421,car,0.6054,73.5,94.0,45,78,102,110,-0.037,0.041,20.728,7.802,28.088
719,390,car,0.4107,494.5,13.5,484,5,505,22,0.001,-0.008,59.122,22.595,81.341
719,404,car,0.3918,33.5,145.0,0,114,67,176,0.001,-0.008,15.571,17.409,62.674
719,405,car,0.8401,499.0,54.0,485,40,513,68,0.001,-0.008,34.219,20.984,75.541
719,409,car,0.6511,384.5,100.0,366,84,403,116,0.001,-0.008,23.027,19.531,70.31
719,418,car,0.7621,169.5,25.5,154,15,185,36,0.001,-0.008,50.862,14.331,51.593
719,420,car,0.5261,257.5,36.0,244,25,271,47,0.001,-0.008,42.151,18.614,67.01
719,421,car,0.4435,62.5,99.0,31,81,94,117,0.001,-0.008,19.996,8.342,30.031
720,390,car,0.402,494.0,13.0,484,4,504,22,-0.007,-0.02,59.72,23.107,83.186
720,404,truck,0.3143,28.0,150.5,0,116,56,185,-0.007,-0.02,15.132,17.454,62.833
720,405,car,0.8567,498.5,52.5,485,39,512,66,-0.007,-0.02,34.929,22.24,80.065
720,409,car,0.7217,385.0,97.0,366,81,404,113,-0.007,-0.02,23.534,19.931,71.752
720,418,car,0.7931,166.0,26.0,150,15,182,37,-0.007,-0.02,50.87,13.427,48.337
720,420,car,0.5214,255.0,36.5,241,25,269,48,-0.007,-0.02,41.61,17.894,64.42
720,421,car,0.5718,52.0,102.5,19,84,85,121,-0.007,-0.02,20.381,8.447,30.408
721,390,car,0.5401,494.0,11.5,484,3,504,20,0.032,0.048,59.938,23.258,83.729
721,404,car,0.4062,24.0,150.0,0,119,48,181,0.032,0.048,15.51,16.717,60.182
721,405,car,0.8271,497.5,51.5,484,38,511,65,0.032,0.048,31.439,20.289,73.039
721,409,car,0.7539,385.5,93.5,367,78,404,109,0.032,0.048,20.478,17.846,64.246
721,418,car,0.7723,163.0,27.0,147,16,179,38,0.032,0.048,46.569,15.228,54.822
721,420,car,0.4884,251.5,38.5,237,27,266,50,0.032,0.048,36.211,20.742,74.672
721,421,car,0.5696,41.5,107.5,7,89,76,126,0.032,0.048,19.139,8.987,32.353
722,390,car,0.5698,493.5,11.0,484,3,503,19,-0.023,-0.008,60.106,22.843,82.234
722,404,car,0.5436,16.0,154.0,0,127,32,181,-0.023,-0.008,15.335,15.963,57.468
722,405,car,0.8333,497.0,50.0,484,37,510,63,-0.023,-0.008,31.47,18.482,66.536
722,409,car,0.7951,386.0,90.0,367,75,405,105,-0.023,-0.008,20.815,16.174,58.226
722,418,car,0.7267,160.0,28.5,144,17,176,40,-0.023,-0.008,46.252,16.482,59.334
722,420,car,0.46,248.5,40.5,234,29,263,52,-0.023,-0.008,36.032,22.487,80.953
722,421,car,0.6089,33.5,112.0,0,93,67,131,-0.023,-0.008,18.601,9.454,34.035
722,435,car,0.5138,21.5,113.0,1,94,42,132,-0.023,-0.008,18.707,0.0,0.0
723,390,car,0.6304,493.0,10.5,484,2,502,19,-0.016,-0.042,60.23,22.123,79.642
723,404,car,0.4541,8.5,161.5,0,137,17,186,-0.016,-0.042,14.88,15.519,55.869
723,405,car,0.8419,496.5,49.5,483,37,510,62,-0.016,-0.042,31.535,16.754,60.313
723,409,car,0.7313,386.5,87.5,368,73,405,102,-0.016,-0.042,21.147,14.786,53.231
723,418,car,0.7847,156.5,29.5,140,18,173,41,-0.016,-0.042,46.051,17.106,61.583
723,420,car,0.5383,246.0,42.5,231,31,261,54,-0.016,-0.042,35.877,23.368,84.124
723,435,car,0.616,21.5,116.0,0,96,43,136,-0.016,-0.042,18.269,0.0,0.0
724,390,car,0.5775,492.5,10.0,483,2,502,18,-0.03,-0.0,60.763,21.487,77.354
724,405,car,0.7554,496.0,48.5,483,37,509,60,-0.03,-0.0,31.537,15.173,54.624
724,409,car,0.6946,388.0,85.0,369,71,407,99,-0.03,-0.0,22.447,14.324,51.568
724,418,car,0.6658,152.0,30.5,135,19,169,42,-0.03,-0.0,45.889,17.312,62.325
724,420,car,0.5587,243.0,44.0,228,32,258,56,-0.03,-0.0,35.746,23.527,84.698
724,435,car,0.6356,21.5,120.5,0,100,43,141,-0.03,-0.0,17.911,0.0,0.0
725,390,car,0.5568,492.0,9.5,483,2,501,17,-0.025,0.005,61.144,20.811,74.918
725,405,car,0.7438,495.0,47.5,482,36,508,59,-0.025,0.005,31.669,13.794,49.658
725,409,car,0.7095,390.0,82.5,373,69,407,96,-0.025,0.005,24.621,15.124,54.446
725,418,car,0.717,148.5,31.5,131,19,166,44,-0.025,0.005,45.801,17.134,61.683
725,420,car,0.5826,239.5,45.0,224,33,255,57,-0.025,0.005,35.695,23.124,83.247
725,435,car,0.4171,18.0,124.5,0,104,36,145,-0.025,0.005,17.844,0.0,0.0
726,390,car,0.4684,491.5,8.5,482,1,501,16,-0.033,-0.002,63.087,21.253,76.512
726,405,car,0.7342,494.5,45.5,482,34,507,57,-0.033,-0.002,33.396,13.718,49.384
726,409,car,0.7511,392.5,79.5,377,66,408,93,-0.033,-0.002,26.37,16.563,59.628
726,418,car,0.7436,144.5,32.5,127,20,162,45,-0.033,-0.002,45.804,16.671,60.017
726,420,car,0.3805,236.0,46.5,220,34,252,59,-0.033,-0.002,35.602,22.429,80.744
726,435,car,0.4076,12.5,127.5,0,109,25,146,-0.033,-0.002,17.306,4.252,15.309
727,390,car,0.5162,491.0,8.5,482,1,500,16,-0.028,-0.02,63.043,20.964,75.469
727,405,car,0.7443,493.5,43.5,481,32,506,55,-0.028,-0.02,36.025,15.138,54.499
727,409,car,0.8196,393.0,76.5,378,63,408,90,-0.028,-0.02,27.272,17.855,64.277
727,418,car,0.8132,140.0,34.0,122,21,158,47,-0.028,-0.02,45.757,16.146,58.124
727,420,car,0.4681,232.5,48.0,216,35,249,61,-0.028,-0.02,35.562,21.473,77.302
728,390,car,0.4811,491.0,8.5,482,1,500,16,-0.033,0.011,63.043,20.296,73.065
728,405,car,0.8046,493.0,42.0,481,31,505,53,-0.033,0.011,38.082,17.212,61.962
728,409,car,0.7031,394.0,74.0,379,61,409,87,-0.033,0.011,27.956,18.847,67.85
728,418,car,0.781,136.5,35.0,118,23,155,47,-0.033,0.011,45.872,15.263,54.948
728,420,car,0.3283,229.0,49.5,212,36,246,63,-0.033,0.011,35.548,20.332,73.196
729,390,car,0.4536,491.0,8.0,482,1,500,15,-0.004,0.006,64.062,20.11,72.395
729,405,car,0.784,492.0,41.0,480,30,504,52,-0.004,0.006,39.313,19.135,68.886
729,409,car,0.585,394.5,71.0,380,58,409,84,-0.004,0.006,28.703,19.683,70.857
729,418,car,0.7379,132.5,36.5,114,25,151,48,-0.004,0.006,45.668,14.575,52.469
729,420,car,0.431,225.0,52.0,208,38,242,66,-0.004,0.006,35.16,19.447,70.01
730,390,car,0.3785,490.5,8.0,482,1,499,15,0.014,-0.016,63.928,19.373,69.741
730,405,car,0.7843,491.5,40.0,480,29,503,51,0.014,-0.016,40.21,20.716,74.577
730,409,car,0.6578,395.5,69.0,381,56,410,82,0.014,-0.016,29.219,20.167,72.601
730,418,car,0.7218,127.5,38.0,108,26,147,50,0.014,-0.016,45.205,14.185,51.065
730,420,car,0.4805,221.5,54.0,204,40,239,68,0.014,-0.016,34.365,18.854,67.875
731,390,car,0.2586,490.0,7.0,481,0,499,14,-0.005,-0.005,54.078,21.205,76.336
731,405,car,0.7562,490.5,39.0,479,28,502,50,-0.005,-0.005,33.941,18.162,65.382
731,409,car,0.7535,396.0,67.0,382,54,410,80,-0.005,-0.005,23.195,18.295,65.864
731,418,car,0.7671,122.5,39.5,103,27,142,52,-0.005,-0.005,33.487,18.44,66.384
731,420,car,0.467,217.5,55.0,200,41,235,69,-0.005,-0.005,24.655,24.51,88.237
732,405,car,0.7681,489.5,38.0,478,27,501,49,-0.031,-0.001,34.003,15.891,57.207
732,409,car,0.8086,396.5,64.5,382,52,411,77,-0.031,-0.001,23.28,16.489,59.359
732,418,car,0.713,118.0,40.5,98,28,138,53,-0.031,-0.001,33.393,23.808,85.71
733,405,car,0.739,489.0,36.5,478,26,500,47,0.033,-0.005,34.177,13.856,49.881
733,409,car,0.7732,396.5,63.0,382,51,411,75,0.033,-0.005,23.465,14.679,52.843
733,418,car,0.7218,113.5,42.5,93,30,134,55,0.033,-0.005,33.251,27.307,98.306
734,405,car,0.7695,488.5,35.5,477,25,500,46,-0.008,0.007,34.685,12.082,43.494
734,409,car,0.6704,397.5,62.0,383,51,412,73,-0.008,0.007,23.625,12.964,46.672
734,418,car,0.7651,109.0,43.0,88,30,130,56,-0.008,0.007,33.303,29.073,104.664
735,405,car,0.7436,488.0,35.0,477,25,499,45,0.006,-0.015,34.958,10.638,38.298
735,409,car,0.6611,398.5,59.5,384,48,413,71,0.006,-0.015,25.702,12.158,43.768
735,418,car,0.7538,103.5,44.5,82,31,125,58,0.006,-0.015,33.399,29.638,106.698
735,420,car,0.5422,199.5,63.0,180,48,219,78,0.006,-0.015,24.494,28.759,103.534
736,405,car,0.754,488.0,34.0,477,24,499,44,-0.024,0.008,35.927,10.052,36.188
736,409,car,0.6496,398.5,57.5,384,46,413,69,-0.024,0.008,27.691,12.606,45.383
736,418,car,0.7755,98.0,46.0,76,32,120,60,-0.024,0.008,33.516,29.292,105.45
736,438,car,0.3642,291.5,7.0,282,1,301,13,-0.024,0.008,64.241,0.0,0.0
736,420,car,0.4208,194.0,67.0,174,51,214,83,-0.024,0.008,24.432,30.881,111.172
737,405,car,0.6953,488.0,33.0,477,23,499,43,0.05,0.004,37.502,10.473,37.702
737,409,car,0.6769,398.5,56.0,384,45,413,67,0.05,0.004,29.087,13.574,48.867
737,418,car,0.8292,93.0,48.0,71,34,115,62,0.05,0.004,33.437,28.485,102.547
737,438,car,0.3374,290.5,7.5,281,2,300,13,0.05,0.004,63.523,0.0,0.0
737,420,car,0.5673,189.5,69.5,169,53,210,86,0.05,0.004,24.442,31.655,113.957
738,405,car,0.6724,487.0,32.0,476,22,498,42,-0.026,-0.004,39.258,11.735,42.247
738,409,car,0.5897,399.0,54.0,384,43,414,65,-0.026,-0.004,30.154,14.721,52.995
738,418,car,0.8147,87.0,49.5,64,35,110,64,-0.026,-0.004,33.437,27.227,98.018
738,438,car,0.34,288.5,8.5,279,3,298,14,-0.026,-0.004,61.692,0.0,0.0
738,420,car,0.4346,183.0,72.5,163,57,203,88,-0.026,-0.004,24.4,31.533,113.517
739,405,car,0.67,486.0,31.0,475,21,497,41,-0.03,-0.009,40.499,13.236,47.651
739,409,car,0.5473,400.0,52.5,385,42,415,63,-0.03,-0.009,30.77,15.626,56.252
739,418,car,0.8371,81.5,50.5,58,35,105,66,-0.03,-0.009,33.236,25.818,92.943
739,438,car,0.309,286.5,9.5,277,4,296,15,-0.03,-0.009,59.687,0.0,0.0
739,420,car,0.7837,178.5,75.0,157,59,200,91,-0.03,-0.009,24.087,30.956,111.442
740,405,car,0.6966,485.0,29.5,474,19,496,40,-0.035,0.027,42.074,15.143,54.516
740,409,car,0.5688,401.0,51.0,387,40,415,62,-0.035,0.027,31.273,16.283,58.617
740,418,car,0.8132,75.0,53.0,51,38,99,68,-0.035,0.027,32.185,25.044,90.158
740,438,car,0.3484,284.5,10.5,275,5,294,16,-0.035,0.027,58.115,15.775,56.792
740,420,car,0.5439,174.0,77.0,151,60,197,94,-0.035,0.027,23.803,30.014,108.05
740,440,car,0.4629,182.0,46.0,163,32,201,60,-0.035,0.027,33.193,0.0,0.0
741,405,car,0.7447,485.0,28.0,474,18,496,38,-0.03,-0.023,41.586,15.874,57.148
741,409,car,0.6281,402.5,49.0,389,38,416,60,-0.03,-0.023,29.461,15.24,54.865
741,418,car,0.8048,69.0,54.5,44,40,94,69,-0.03,-0.023,28.381,26.537,95.534
741,438,car,0.4821,283.0,10.5,273,5,293,16,-0.03,-0.023,54.367,22.515,81.053
741,420,car,0.6146,167.5,80.0,144,63,191,97,-0.03,-0.023,20.161,31.178,112.24
741,440,car,0.5979,178.0,48.5,159,34,197,63,-0.03,-0.023,26.815,0.0,0.0
742,405,car,0.768,484.5,27.0,474,17,495,37,-0.024,0.006,41.725,16.12,58.032
742,409,car,0.8103,403.0,46.5,391,36,415,57,-0.024,0.006,29.53,14.252,51.308
742,418,car,0.6787,63.5,56.0,39,41,88,71,-0.024,0.006,28.001,27.295,98.261
742,438,car,0.5808,281.5,11.0,272,5,291,17,-0.024,0.006,53.963,25.806,92.903
742,420,car,0.7254,160.5,82.5,137,65,184,100,-0.024,0.006,19.973,31.411,113.08
742,440,car,0.6126,172.5,51.5,153,38,192,65,-0.024,0.006,26.074,0.0,0.0
743,405,car,0.7657,484.0,26.5,473,17,495,36,-0.005,-0.008,41.978,16.077,57.878
743,409,car,0.82,404.0,45.0,392,34,416,56,-0.005,-0.008,30.07,13.527,48.697
743,418,car,0.7567,58.0,58.0,34,43,82,73,-0.005,-0.008,27.532,27.585,99.306
743,438,car,0.541,280.0,12.0,270,6,290,18,-0.005,-0.008,53.546,27.099,97.558
743,420,car,0.7777,154.5,85.0,130,66,179,104,-0.005,-0.008,19.954,30.904,111.256
743,440,car,0.5228,168.0,52.5,148,39,188,66,-0.005,-0.008,25.938,0.0,0.0
744,405,car,0.6692,483.0,25.5,473,16,493,35,-0.012,0.02,42.055,15.789,56.84
744,409,car,0.848,405.0,43.5,393,33,417,54,-0.012,0.02,31.496,13.67,49.211
744,418,car,0.6612,49.0,60.0,23,44,75,76,-0.012,0.02,27.268,27.279,98.204
744,438,car,0.5008,278.0,12.5,268,6,288,19,-0.012,0.02,53.474,26.373,94.941
744,420,car,0.7537,147.0,89.0,122,69,172,109,-0.012,0.02,19.921,29.918,107.703
744,440,car,0.4406,163.5,54.0,143,40,184,68,-0.012,0.02,25.822,6.011,21.641
745,405,car,0.7331,483.0,25.0,473,16,493,34,0.002,-0.027,42.362,15.404,55.453
745,409,car,0.8732,405.0,42.0,393,32,417,52,0.002,-0.027,33.612,14.899,53.637
745,418,car,0.6268,43.0,61.5,16,45,70,78,0.002,-0.027,27.315,26.429,95.146
745,438,car,0.4043,277.0,13.0,267,7,287,19,0.002,-0.027,53.393,24.777,89.197
745,420,car,0.7711,140.0,92.5,114,73,166,112,0.002,-0.027,19.879,28.556,102.803
745,440,car,0.3712,157.5,56.0,136,41,179,71,0.002,-0.027,26.486,6.226,22.413
746,405,car,0.7498,482.5,24.0,473,15,492,33,0.053,-0.008,42.923,15.209,54.751
746,409,car,0.8079,405.5,41.0,393,31,418,51,0.053,-0.008,35.457,16.687,60.073
746,418,car,0.5421,35.0,63.0,6,47,64,79,0.053,-0.008,27.545,25.055,90.199
746,438,car,0.3312,275.0,13.0,265,7,285,19,0.053,-0.008,53.546,22.22,79.992
746,420,car,0.8018,133.0,95.5,106,75,160,116,0.053,-0.008,19.861,26.931,96.951
746,440,car,0.6724,152.0,58.5,130,43,174,74,0.053,-0.008,26.84,6.467,23.282
747,405,car,0.7336,482.0,23.5,473,15,491,32,-0.002,0.035,43.241,14.915,53.695
747,409,car,0.7163,406.5,40.5,394,31,419,50,-0.002,0.035,36.198,18.09,65.124
747,418,car,0.5387,28.5,65.0,0,49,57,81,-0.002,0.035,27.549,23.532,84.715
747,438,car,0.327,272.5,14.0,262,8,283,20,-0.002,0.035,53.489,21.291,76.647
747,420,car,0.7154,124.5,98.5,96,77,153,120,-0.002,0.035,19.823,25.205,90.739
747,440,car,0.6246,146.5,61.0,124,45,169,77,-0.002,0.035,27.072,6.744,24.278
747,441,car,0.6234,17.5,66.5,1,52,34,81,-0.002,0.035,28.523,0.0,0.0
748,405,car,0.6912,482.0,23.0,473,15,491,31,-0.031,0.031,43.801,14.757,53.124
748,409,car,0.7185,407.0,40.0,395,31,419,49,-0.031,0.031,36.716,19.048,68.575
748,438,car,0.4504,270.5,15.5,260,9,281,22,-0.031,0.031,52.956,20.582,74.094
748,420,car,0.8035,116.0,102.5,86,80,146,125,-0.031,0.031,19.564,23.635,85.086
748,440,car,0.7389,141.5,62.5,118,46,165,79,-0.031,0.031,27.363,6.933,24.958
748,441,car,0.5642,16.5,68.0,0,52,33,84,-0.031,0.031,28.192,0.0,0.0
749,405,car,0.711,481.5,22.0,473,14,490,30,0.033,0.013,45.065,15.212,54.765
749,409,car,0.6488,407.0,38.0,396,29,418,47,0.033,0.013,38.223,20.429,73.545
749,438,car,0.6791,268.0,16.5,257,10,279,23,0.033,0.013,52.573,19.85,71.458
749,420,car,0.8058,107.0,107.0,76,84,138,130,0.033,0.013,18.911,22.439,80.782
749,440,car,0.6656,135.5,65.5,112,49,159,82,0.033,0.013,27.194,7.281,26.212
749,441,car,0.6137,17.0,71.0,0,54,34,88,0.033,0.013,27.046,0.0,0.0
750,405,car,0.7347,481.0,21.5,472,13,490,30,0.082,-0.001,46.018,15.82,56.951
750,409,car,0.6291,407.0,36.5,396,28,418,45,0.082,-0.001,38.975,21.467,77.282
750,438,car,0.6402,266.0,17.5,256,11,276,24,0.082,-0.001,51.993,19.264,69.35
750,420,car,0.8095,98.5,110.5,66,86,131,135,0.082,-0.001,18.398,21.37,76.931
750,440,car,0.6636,129.5,67.0,105,50,154,84,0.082,-0.001,27.065,7.206,25.943
750,441,car,0.63,16.5,72.0,0,55,33,89,0.082,-0.001,27.012,0.0,0.0
751,405,car,0.7501,481.0,20.5,472,12,490,29,0.0,0.117,47.44,16.94,60.982
751,409,car,0.717,408.0,35.5,397,27,419,44,0.0,0.117,36.875,20.317,73.14
751,438,car,0.744,264.0,18.0,253,11,275,25,0.0,0.117,51.513,18.672,67.218
751,420,car,0.7626,88.0,116.0,54,91,122,141,0.0,0.117,18.088,20.454,73.635
751,440,car,0.6894,123.0,69.5,98,52,148,87,0.0,0.117,25.389,7.406,26.66
751,441,car,0.6359,13.5,73.0,0,57,27,89,0.0,0.117,28.446,6.17,22.211
752,405,car,0.7551,480.0,19.5,471,11,489,28,-0.024,0.005,47.41,17.336,62.41
752,409,car,0.6909,408.5,34.5,398,26,419,43,-0.024,0.005,36.983,19.093,68.736
752,438,car,0.7304,262.0,18.5,250,11,274,26,-0.024,0.005,51.467,17.894,64.419
752,420,car,0.7838,78.0,121.0,42,95,114,147,-0.024,0.005,17.635,19.627,70.659
752,440,car,0.6973,116.0,72.0,89,54,143,90,-0.024,0.005,25.195,7.616,27.417
752,443,car,0.3929,480.5,16.0,471,4,490,28,-0.024,0.005,48.0,0.0,0.0
753,405,car,0.7826,480.0,18.5,471,10,489,27,-0.035,0.003,47.454,17.294,62.258
753,409,car,0.767,408.5,33.0,398,24,419,42,-0.035,0.003,37.348,18.086,65.109
753,438,car,0.6685,260.0,19.5,248,12,272,27,-0.035,0.003,51.291,17.116,61.619
753,420,car,0.5941,67.0,126.0,30,99,104,153,-0.035,0.003,17.392,18.791,67.647
753,440,car,0.7255,109.5,74.5,82,56,137,93,-0.035,0.003,24.959,7.745,27.883
754,405,car,0.7815,479.5,17.0,470,8,489,26,0.008,-0.037,47.661,17.077,61.476
754,409,car,0.6982,409.5,31.5,399,22,420,41,0.008,-0.037,38.276,17.597,63.349
754,438,car,0.6744,258.0,20.5,246,13,270,28,0.008,-0.037,51.109,16.326,58.773
754,420,car,0.7209,54.5,132.0,16,104,93,160,0.008,-0.037,17.23,18.011,64.84
754,440,car,0.7621,103.0,77.5,75,59,131,96,0.008,-0.037,24.67,7.92,28.512
754,446,car,0.8361,64.0,438.0,0,401,128,475,0.008,-0.037,5.171,0.0,0.0
755,405,car,0.6074,479.5,16.5,470,7,489,26,-0.04,-0.115,47.771,16.534,59.522
755,409,car,0.6886,409.5,30.5,399,21,420,40,-0.04,-0.115,39.367,17.557,63.206
755,438,car,0.624,256.0,21.5,244,14,268,29,-0.04,-0.115,50.965,15.514,55.851
755,420,car,0.6217,43.0,138.0,3,109,83,167,-0.04,-0.115,17.035,17.191,61.887
755,440,car,0.7114,95.5,80.0,67,61,124,99,-0.04,-0.115,24.473,8.076,29.072
755,446,car,0.8177,73.5,426.5,0,376,147,477,-0.04,-0.115,5.329,0.0,0.0
756,405,car,0.5493,478.5,16.0,469,7,488,25,-0.019,-0.062,47.805,15.814,56.929
756,409,car,0.7143,410.0,29.5,399,20,421,39,-0.019,-0.062,41.728,18.754,67.513
756,438,car,0.6705,252.5,22.5,240,15,265,30,-0.019,-0.062,50.894,14.819,53.347
756,420,truck,0.4074,36.0,143.5,0,114,72,173,-0.019,-0.062,16.307,16.616,59.817
756,440,car,0.7564,87.5,83.5,58,63,117,104,-0.019,-0.062,24.272,8.295,29.863
756,446,car,0.9127,83.0,413.0,0,350,166,476,-0.019,-0.062,5.51,0.0,0.0
756,451,car,0.5992,662.5,413.5,588,358,737,469,-0.019,-0.062,5.34,0.0,0.0
757,405,car,0.51,478.5,15.0,469,6,488,24,-0.042,-0.13,48.242,15.283,55.018
757,409,car,0.7443,410.0,28.5,399,20,421,37,-0.042,-0.13,43.714,20.548,73.973
757,438,car,0.6252,249.5,23.5,238,16,261,31,-0.042,-0.13,50.777,14.07,50.651
757,420,car,0.5153,28.0,150.5,0,120,56,181,-0.042,-0.13,15.406,16.502,59.406
757,440,car,0.6299,79.5,86.0,49,65,110,107,-0.042,-0.13,24.188,8.356,30.081
757,446,car,0.9227,100.0,392.0,15,325,185,459,-0.042,-0.13,5.818,0.0,0.0
757,451,car,0.8895,652.0,403.5,581,340,723,467,-0.042,-0.13,5.484,0.0,0.0
758,405,car,0.5294,477.5,14.5,468,6,487,23,-0.006,-0.071,48.602,14.779,53.206
758,409,car,0.741,410.5,27.5,400,19,421,36,-0.006,-0.071,45.139,22.371,80.535
758,438,car,0.7574,247.5,24.0,236,16,259,32,-0.006,-0.071,50.703,13.132,47.274
758,420,car,0.6341,22.0,157.5,0,126,44,189,-0.006,-0.071,15.427,16.079,57.886
758,440,car,0.5711,72.5,89.0,43,67,102,111,-0.006,-0.071,23.9,8.375,30.15
758,446,car,0.8829,121.0,367.0,41,302,201,432,-0.006,-0.071,6.225,4.858,17.49
758,451,car,0.8022,639.0,384.5,573,320,705,449,-0.006,-0.071,5.784,0.0,0.0
759,405,car,0.49,477.0,14.5,468,6,486,23,0.027,-0.214,48.585,14.012,50.444
759,409,car,0.7198,410.5,25.5,400,17,421,34,0.027,-0.214,47.306,24.734,89.043
759,438,car,0.8074,244.5,25.0,232,17,257,33,0.027,-0.214,50.204,12.684,45.661
759,420,car,0.639,15.5,159.5,0,132,31,187,0.027,-0.214,15.355,15.298,55.072
759,440,car,0.5878,61.5,92.5,29,70,94,115,0.027,-0.214,22.819,9.05,32.578
759,446,car,0.8709,143.0,340.5,69,281,217,400,0.027,-0.214,6.729,5.866,21.116
759,451,car,0.8132,626.5,360.0,566,299,687,421,0.027,-0.214,6.202,0.0,0.0
760,405,car,0.5067,477.0,12.5,468,3,486,22,0.076,-0.126,50.567,14.734,53.041
760,409,car,0.7188,411.0,24.5,401,16,421,33,0.076,-0.126,48.203,26.46,95.256
760,438,car,0.8191,242.0,26.0,229,17,255,35,0.076,-0.126,49.478,12.479,44.923
760,440,car,0.645,51.5,97.0,17,74,86,120,0.076,-0.126,22.521,9.569,34.45
760,446,car,0.8141,161.5,317.0,94,262,229,372,0.076,-0.126,7.217,6.677,24.038
760,451,car,0.7735,615.5,337.5,559,281,672,394,0.076,-0.126,6.64,5.586,20.11
761,405,car,0.5048,476.5,11.5,468,2,485,21,-0.007,-0.13,60.758,19.154,68.953
761,409,car,0.7704,411.0,24.0,401,16,421,32,-0.007,-0.13,49.018,27.636,99.49
761,438,car,0.8039,239.0,27.5,226,19,252,36,-0.007,-0.13,43.625,16.056,57.801
761,440,car,0.4839,41.5,101.5,6,79,77,124,-0.007,-0.13,20.204,11.125,40.051
761,446,car,0.8519,178.0,295.0,117,245,239,345,-0.007,-0.13,8.303,8.243,29.676
761,451,car,0.7959,607.5,317.5,554,266,661,369,-0.007,-0.13,7.411,6.446,23.204
762,405,car,0.5215,476.0,11.0,468,1,484,21,-0.026,-0.069,60.737,24.119,86.828
762,409,car,0.7839,412.5,24.0,402,16,423,32,-0.026,-0.069,49.106,27.908,100.469
762,438,car,0.7476,236.5,28.5,223,20,250,37,-0.026,-0.069,43.473,18.347,66.048
762,440,car,0.4735,34.0,105.5,0,82,68,129,-0.026,-0.069,20.162,12.03,43.308
762,446,car,0.8442,192.5,277.0,136,232,249,322,-0.026,-0.069,8.791,9.392,33.812
762,451,car,0.7564,599.0,299.5,550,253,648,346,-0.026,-0.069,7.747,7.111,25.599
763,405,car,0.5277,475.0,10.5,467,1,483,20,0.094,-0.092,60.737,27.16,97.776
763,409,car,0.7727,413.0,23.0,402,15,424,31,0.094,-0.092,50.218,28.299,101.876
763,438,car,0.6677,233.5,30.0,220,21,247,39,0.094,-0.092,43.271,19.782,71.216
763,440,car,0.4848,25.0,110.5,0,86,50,135,0.094,-0.092,20.2,12.475,44.911
763,446,car,0.7873,205.0,260.5,153,219,257,302,0.094,-0.092,9.717,10.946,39.406
763,451,car,0.7603,592.0,282.5,546,239,638,326,0.094,-0.092,8.331,7.995,28.782
764,405,car,0.4772,475.0,10.0,467,1,483,19,0.027,-0.059,60.8,28.816,103.737
764,409,car,0.7282,413.5,22.5,403,15,424,30,0.027,-0.059,50.552,28.149,101.338
764,438,car,0.6074,230.5,31.0,216,22,245,40,0.027,-0.059,43.223,20.368,73.325
764,440,car,0.3803,21.0,113.5,0,88,42,139,0.027,-0.059,20.244,12.441,44.788
764,446,car,0.776,217.5,244.5,169,206,266,283,0.027,-0.059,11.259,13.607,48.987
764,451,car,0.7332,584.5,268.0,541,227,628,309,0.027,-0.059,9.861,10.317,37.141
765,405,car,0.5141,474.5,10.0,467,1,482,19,0.062,0.024,60.709,29.257,105.327
765,409,car,0.7352,414.0,22.5,404,15,424,30,0.062,0.024,50.473,27.325,98.371
765,438,car,0.7054,227.0,32.5,213,23,241,42,0.062,0.024,43.058,20.508,73.828
765,440,car,0.4624,18.5,116.5,0,92,37,141,0.062,0.024,20.254,12.174,43.827
765,446,car,0.7493,227.5,231.5,182,195,273,268,0.062,0.024,11.895,14.357,51.684
765,451,car,0.7314,578.5,254.5,537,216,620,293,0.062,0.024,10.473,12.035,43.325
766,405,car,0.5304,474.0,9.5,466,1,482,18,-0.011,-0.038,61.219,29.305,105.5
766,409,car,0.7699,414.0,21.5,404,14,424,29,-0.011,-0.038,51.952,27.197,97.908
766,438,car,0.7004,224.0,33.5,209,24,239,43,-0.011,-0.038,42.984,20.176,72.634
766,440,car,0.604,13.5,119.0,0,96,27,142,-0.011,-0.038,20.214,11.681,42.053
766,446,car,0.7901,236.5,218.0,194,183,279,253,-0.011,-0.038,12.638,15.097,54.351
766,451,car,0.7396,573.0,242.0,533,206,613,278,-0.011,-0.038,10.969,13.145,47.321
767,405,car,0.4855,474.0,10.0,466,2,482,18,0.039,-0.029,60.799,28.315,101.933
767,409,car,0.7208,414.0,21.0,404,13,424,29,0.039,-0.029,53.114,27.259,98.131
767,438,car,0.7042,220.5,35.0,205,26,236,44,0.039,-0.029,42.843,19.659,70.772
767,446,car,0.6873,245.0,206.5,205,174,285,239,0.039,-0.029,13.245,15.701,56.525
767,451,car,0.64,568.5,230.5,531,196,606,265,0.039,-0.029,11.511,13.484,48.544
768,405,car,0.4844,473.0,9.5,465,2,481,17,0.008,-0.067,61.548,27.558,99.209
768,409,car,0.6781,414.0,20.0,404,12,424,28,0.008,-0.067,54.732,27.842,100.23
768,438,car,0.7181,217.5,36.0,202,27,233,45,0.008,-0.067,42.753,18.869,67.93
768,446,car,0.6256,253.0,196.0,215,165,291,227,0.008,-0.067,13.902,16.232,58.435
768,451,car,0.6941,563.0,220.5,527,187,599,254,0.008,-0.067,12.023,13.764,49.549
769,405,car,0.4401,472.5,9.0,464,2,481,16,0.065,-0.04,62.485,27.047,97.368
769,409,car,0.5842,414.5,19.0,405,12,424,26,0.065,-0.04,56.421,28.809,103.712
769,438,car,0.705,214.0,37.5,198,28,230,47,0.065,-0.04,42.48,18.149,65.337
769,446,car,0.7332,260.5,186.5,224,157,297,216,0.065,-0.04,14.559,16.698,60.114
769,451,car,0.804,559.5,210.0,525,178,594,242,0.065,-0.04,12.529,14.027,50.497
770,405,car,0.4838,472.5,8.5,464,2,481,15,-0.023,-0.072,63.055,26.47,95.29
770,409,car,0.4668,414.5,18.0,405,10,424,26,-0.023,-0.072,57.881,29.867,107.52
770,438,car,0.6544,209.0,39.5,193,30,225,49,-0.023,-0.072,41.753,17.859,64.292
770,446,car,0.6993,267.5,177.5,233,149,302,206,-0.023,-0.072,15.248,17.133,61.681
770,451,car,0.7499,556.0,201.0,523,170,589,232,-0.023,-0.072,13.045,14.244,51.28
771,405,car,0.4131,472.5,8.0,464,2,481,14,-0.011,-0.05,64.919,26.748,96.292
771,409,car,0.305,415.5,17.0,406,9,425,25,-0.011,-0.05,58.858,30.653,110.35
771,438,car,0.7393,206.0,41.0,189,31,223,51,-0.011,-0.05,36.059,21.012,75.644
771,446,car,0.6751,273.5,169.0,241,142,306,196,-0.011,-0.05,13.767,16.169,58.207
771,451,car,0.7319,552.5,192.5,521,163,584,222,-0.011,-0.05,11.873,13.378,48.159
772,405,car,0.3919,471.5,7.5,463,1,480,14,0.014,-0.018,64.914,26.352,94.869
772,438,car,0.6169,202.0,42.5,185,32,219,53,0.014,-0.018,35.945,22.871,82.335
772,446,car,0.748,278.5,162.0,247,136,310,188,0.014,-0.018,14.272,15.423,55.524
772,451,car,0.678,549.0,184.5,518,156,580,213,0.014,-0.018,12.278,12.727,45.816
773,405,car,0.3649,471.5,7.0,463,1,480,13,-0.025,-0.06,64.99,25.531,91.913
773,438,car,0.6987,198.0,44.0,181,34,215,54,-0.025,-0.06,35.84,23.783,85.619
773,446,car,0.6483,284.0,154.5,254,129,314,180,-0.025,-0.06,15.452,15.335,55.205
773,451,car,0.8188,545.5,177.5,516,150,575,205,-0.025,-0.06,12.761,12.281,44.211
773,409,car,0.2512,415.5,16.0,406,9,425,23,-0.025,-0.06,59.044,30.67,110.413
774,405,car,0.2945,471.5,7.0,463,1,480,13,-0.005,-0.006,64.99,24.324,87.565
774,438,car,0.7014,194.0,45.5,176,35,212,56,-0.005,-0.006,35.806,23.931,86.151
774,446,car,0.5319,289.5,148.0,261,123,318,173,-0.005,-0.006,17.572,16.316,58.736
774,451,car,0.8074,543.0,170.5,514,144,572,197,-0.005,-0.006,14.281,12.688,45.678
774,465,car,0.3968,189.5,24.0,176,16,203,32,-0.005,-0.006,46.976,0.0,0.0
775,438,car,0.6767,189.5,47.0,171,36,208,58,-0.013,-0.033,35.892,23.463,84.468
775,446,car,0.7226,294.0,141.5,267,118,321,165,-0.013,-0.033,18.696,17.427,62.737
775,451,car,0.7499,540.0,163.5,512,137,568,190,-0.013,-0.033,15.421,13.462,48.462
775,465,car,0.3807,186.5,25.5,173,17,200,34,-0.013,-0.033,46.886,0.0,0.0
776,438,car,0.6207,184.5,49.0,166,38,203,60,0.01,-0.049,36.16,22.513,81.045
776,446,car,0.596,298.5,136.0,272,113,325,159,0.01,-0.049,19.43,18.328,65.979
776,451,car,0.7277,538.5,157.5,512,132,565,183,0.01,-0.049,16.073,14.161,50.98
776,465,car,0.4603,183.5,26.5,169,18,198,35,0.01,-0.049,47.176,0.0,0.0
777,438,car,0.6129,180.0,51.0,162,40,198,62,-0.022,-0.028,36.186,21.328,76.781
777,446,car,0.7092,302.5,130.5,277,109,328,152,-0.022,-0.028,20.132,19.058,68.61
777,451,car,0.7547,536.0,151.5,510,127,562,176,-0.022,-0.028,16.739,14.804,53.293
777,465,car,0.425,180.5,26.5,165,17,196,36,-0.022,-0.028,48.297,0.0,0.0
778,438,car,0.6456,175.0,53.0,156,42,194,64,-0.032,-0.037,35.981,20.198,72.712
778,446,car,0.669,306.5,125.5,282,104,331,147,-0.032,-0.037,20.812,19.621,70.636
778,451,car,0.7754,533.0,146.5,508,123,558,170,-0.032,-0.037,17.349,15.336,55.208
778,465,car,0.3347,177.5,27.0,162,17,193,37,-0.032,-0.037,48.953,8.884,31.983
779,438,car,0.7051,170.5,55.0,151,43,190,67,0.0,-0.038,35.223,19.415,69.895
779,446,car,0.7508,310.5,120.0,287,99,334,141,0.0,-0.038,21.618,20.161,72.581
779,451,car,0.6294,530.0,141.5,506,119,554,164,0.0,-0.038,18.012,15.831,56.992
779,465,car,0.4684,173.5,28.0,158,19,189,37,0.0,-0.038,49.336,10.452,37.625
780,438,car,0.736,165.5,57.0,145,45,186,69,0.01,-0.055,34.227,19.092,68.731
780,446,car,0.8176,314.0,115.5,291,95,337,136,0.01,-0.055,22.363,20.592,74.132
780,451,car,0.7456,528.5,136.0,505,114,552,158,0.01,-0.055,18.818,16.407,59.065
780,465,car,0.3972,170.0,29.0,154,20,186,38,0.01,-0.055,49.39,10.902,39.246
781,438,car,0.7978,160.0,58.5,139,46,181,71,0.067,-0.027,29.568,21.542,77.55
781,446,car,0.7932,317.5,111.5,295,92,340,131,0.067,-0.027,20.064,18.975,68.309
781,451,car,0.7889,526.0,131.5,503,110,549,153,0.067,-0.027,17.015,15.291,55.047
781,465,car,0.5957,167.5,30.0,152,21,183,39,0.067,-0.027,42.361,16.223,58.402
782,438,car,0.7562,154.0,61.0,132,48,176,74,-0.034,-0.039,29.109,23.203,83.529
782,446,car,0.7414,320.0,107.5,298,88,342,127,-0.034,-0.039,20.487,17.674,63.626
782,451,car,0.7434,524.5,127.5,502,107,547,148,-0.034,-0.039,17.165,14.245,51.281
782,465,car,0.6164,164.5,31.0,148,22,181,40,-0.034,-0.039,41.914,19.023,68.482
783,438,car,0.7751,148.0,64.0,125,51,171,77,0.031,-0.021,28.767,24.153,86.951
783,446,car,0.7442,323.0,104.0,302,85,344,123,0.031,-0.021,21.558,17.038,61.338
783,451,car,0.7673,522.5,123.5,501,103,544,144,0.031,-0.021,17.529,13.429,48.344
783,465,car,0.6438,160.5,32.0,144,23,177,41,0.031,-0.021,41.813,19.71,70.955
784,438,car,0.7703,142.5,65.5,119,52,166,79,0.003,-0.009,28.641,24.304,87.496
784,446,car,0.7188,326.5,101.0,306,83,347,119,0.003,-0.009,23.448,17.442,62.791
784,451,car,0.7784,520.5,119.5,500,100,541,139,0.003,-0.009,18.668,13.296,47.866
784,465,car,0.5546,157.0,32.5,140,23,174,42,0.003,-0.009,42.289,18.234,65.641
785,438,car,0.8112,136.0,68.0,113,54,159,82,-0.004,0.004,28.585,23.971,86.297
785,446,car,0.7429,330.0,97.0,310,79,350,115,-0.004,0.004,25.635,18.844,67.84
785,451,car,0.749,519.0,115.5,498,96,540,135,-0.004,0.004,20.53,14.147,50.931
785,465,car,0.6154,153.0,34.5,136,25,170,44,-0.004,0.004,41.648,18.072,65.06
786,438,car,0.8572,129.0,70.5,104,56,154,85,0.056,-0.052,28.484,23.296,83.865
786,446,car,0.7066,332.0,93.5,313,77,351,110,0.056,-0.052,26.688,20.149,72.536
786,451,car,0.6453,517.5,111.0,497,91,538,131,0.056,-0.052,22.085,15.508,55.828
786,465,car,0.6775,149.5,36.0,133,27,166,45,0.056,-0.052,41.431,17.671,63.617
787,438,car,0.7944,121.5,73.5,96,59,147,88,0.046,-0.072,28.362,22.446,80.806
787,446,car,0.4947,333.5,90.5,315,74,352,107,0.046,-0.072,27.475,21.173,76.223
787,451,car,0.7525,515.5,108.0,496,89,535,127,0.046,-0.072,22.854,16.631,59.873
787,465,car,0.5883,145.0,37.5,128,28,162,47,0.046,-0.072,41.482,17.03,61.308
788,438,car,0.7433,114.5,76.5,88,62,141,91,-0.02,-0.038,28.051,21.549,77.575
788,446,car,0.5604,337.5,87.5,319,72,356,103,-0.02,-0.038,28.218,21.949,79.015
788,451,car,0.7971,514.0,105.5,495,88,533,123,-0.02,-0.038,23.514,17.514,63.049
788,465,car,0.5865,140.0,39.0,123,30,157,48,-0.02,-0.038,41.578,16.238,58.458
789,438,car,0.8633,107.5,79.0,80,63,135,95,-0.006,-0.013,27.398,20.828,74.982
789,446,car,0.6108,339.5,85.0,321,70,358,100,-0.006,-0.013,28.942,22.503,81.012
789,451,car,0.7606,513.0,102.0,495,85,531,119,-0.006,-0.013,24.369,18.376,66.154
789,465,car,0.4827,135.5,40.0,119,31,152,49,-0.006,-0.013,41.646,15.268,54.967
789,467,car,0.5866,458.0,385.5,406,313,510,458,-0.006,-0.013,6.752,0.0,0.0
790,438,car,0.847,99.0,81.5,71,65,127,98,-0.04,-0.076,26.826,20.274,72.985
790,446,car,0.5236,341.0,82.5,323,68,359,97,-0.04,-0.076,29.659,22.895,82.422
790,451,car,0.7438,512.0,99.0,493,82,531,116,-0.04,-0.076,25.156,19.112,68.802
790,465,car,0.5505,131.5,41.5,115,32,148,51,-0.04,-0.076,41.025,14.631,52.672
790,467,car,0.6401,457.0,363.5,408,296,506,431,-0.04,-0.076,7.207,0.0,0.0
791,438,car,0.7863,90.5,84.5,61,68,120,101,-0.051,-0.051,25.922,20.037,72.134
791,446,car,0.4999,343.0,80.0,326,66,360,94,-0.051,-0.051,28.778,22.102,79.568
791,451,car,0.7121,511.5,96.5,493,80,530,113,-0.051,-0.051,24.034,18.478,66.522
791,465,car,0.6479,127.5,42.0,110,32,145,52,-0.051,-0.051,41.432,13.61,48.997
791,467,car,0.6074,455.5,338.0,410,278,501,398,-0.051,-0.051,7.066,0.0,0.0
792,438,car,0.813,82.5,88.5,53,72,112,105,0.014,-0.06,25.295,19.909,71.671
792,446,car,0.4848,346.0,77.0,329,62,363,92,0.014,-0.06,29.378,21.485,77.347
792,451,car,0.5895,511.0,94.0,491,78,531,110,0.014,-0.06,24.468,17.909,64.471
792,465,car,0.6751,123.5,43.5,105,33,142,54,0.014,-0.06,40.989,12.954,46.635
792,467,car,0.3359,454.0,316.0,411,261,497,371,0.014,-0.06,7.258,0.0,0.0
792,468,car,0.77,264.0,435.5,198,397,330,474,0.014,-0.06,6.448,0.0,0.0
793,438,car,0.8206,74.0,92.5,45,76,103,109,0.034,-0.115,24.792,19.733,71.04
793,446,car,0.7296,348.0,75.0,331,61,365,89,0.034,-0.115,30.365,21.179,76.244
793,451,car,0.6001,511.0,90.5,490,74,532,107,0.034,-0.115,25.798,18.043,64.955
793,465,car,0.733,119.0,44.5,100,34,138,55,0.034,-0.115,40.805,12.366,44.517
793,467,truck,0.3739,454.0,296.5,413,246,495,347,0.034,-0.115,7.793,6.582,23.696
793,468,car,0.6981,269.0,426.0,202,378,336,474,0.034,-0.115,6.911,0.0,0.0
793,470,car,0.4463,221.0,11.5,209,3,233,20,0.034,-0.115,61.299,0.0,0.0
794,438,car,0.7233,63.0,96.0,31,78,95,114,0.067,-0.113,24.327,19.52,70.274
794,446,car,0.6843,349.5,72.5,333,59,366,86,0.067,-0.113,31.924,21.568,77.645
794,451,car,0.5478,511.0,87.5,489,72,533,103,0.067,-0.113,27.771,19.057,68.603
794,465,car,0.692,115.0,45.5,95,35,135,56,0.067,-0.113,40.759,11.71,42.156
794,467,car,0.5484,453.0,279.5,414,233,492,326,0.067,-0.113,9.885,8.508,30.627
794,468,car,0.8765,274.5,414.5,207,356,342,473,0.067,-0.113,7.169,0.0,0.0
794,470,car,0.4144,219.0,12.5,207,4,231,21,0.067,-0.113,61.151,0.0,0.0
794,472,car,0.639,685.0,424.0,611,379,759,469,0.067,-0.113,6.915,0.0,0.0
795,438,car,0.6016,53.0,101.0,19,82,87,120,0.019,-0.216,24.049,19.229,69.225
795,446,car,0.6803,351.5,69.5,335,55,368,84,0.019,-0.216,34.077,22.845,82.24
795,451,car,0.3995,507.0,84.5,488,69,526,100,0.019,-0.216,28.941,20.141,72.508
795,465,car,0.6662,109.5,47.0,89,36,130,58,0.019,-0.216,40.65,11.388,40.997
795,467,car,0.5042,452.5,264.0,415,222,490,306,0.019,-0.216,11.314,11.256,40.522
795,468,car,0.8562,284.0,402.5,220,335,348,470,0.019,-0.216,7.393,0.0,0.0
795,470,car,0.4485,216.0,12.5,204,4,228,21,0.019,-0.216,61.333,0.0,0.0
795,472,car,0.7801,675.5,413.5,602,358,749,469,0.019,-0.216,7.094,0.0,0.0
796,438,car,0.6641,43.0,104.5,8,85,78,124,0.008,-0.204,23.808,18.689,67.281
796,446,car,0.723,353.0,67.5,338,55,368,80,0.008,-0.204,35.093,23.918,86.103
796,451,car,0.3727,505.5,83.0,488,69,523,97,0.008,-0.204,29.684,20.936,75.371
796,465,car,0.7027,104.5,49.0,84,38,125,60,0.008,-0.204,40.462,11.073,39.864
796,467,car,0.5843,452.0,250.5,416,212,488,289,0.008,-0.204,11.914,13.123,47.242
796,468,car,0.8858,293.5,382.0,234,315,353,449,0.008,-0.204,7.817,4.572,16.458
796,470,car,0.4676,213.5,13.0,201,4,226,22,0.008,-0.204,61.517,0.0,0.0
796,472,car,0.8173,664.5,402.0,592,337,737,467,0.008,-0.204,7.326,0.0,0.0
797,438,car,0.6627,34.5,108.5,0,89,69,128,0.008,-0.21,23.274,18.243,65.675
797,446,car,0.7512,354.5,65.0,340,52,369,78,0.008,-0.21,36.117,24.888,89.597
797,451,car,0.4757,503.5,80.5,487,66,520,95,0.008,-0.21,30.717,21.779,78.406
797,465,car,0.637,99.0,50.0,78,38,120,62,0.008,-0.21,40.3,10.771,38.774
797,467,car,0.511,451.5,237.5,417,201,486,274,0.008,-0.21,12.551,14.494,52.18
797,468,car,0.8229,302.5,358.0,247,296,358,420,0.008,-0.21,8.39,5.828,20.982
797,470,car,0.4232,211.0,14.0,198,5,224,23,0.008,-0.21,61.333,6.915,24.895
797,472,car,0.8179,652.0,384.5,584,316,720,453,0.008,-0.21,7.694,0.0,0.0
797,475,car,0.5651,21.0,110.0,1,91,41,129,0.008,-0.21,23.266,0.0,0.0
798,446,car,0.775,355.5,63.0,341,51,370,75,-0.044,-0.257,36.995,25.617,92.221
798,451,car,0.6333,502.0,76.5,486,61,518,92,-0.044,-0.257,31.997,22.852,82.266
798,465,car,0.6362,93.5,52.0,72,40,115,64,-0.044,-0.257,39.269,10.914,39.29
798,467,car,0.5336,452.0,226.5,419,192,485,261,-0.044,-0.257,13.196,15.488,55.758
798,468,car,0.8559,310.0,337.0,259,280,361,394,-0.044,-0.257,8.962,6.875,24.75
798,470,car,0.5168,208.5,15.0,195,6,222,24,-0.044,-0.257,61.174,6.725,24.21
798,472,car,0.8357,640.5,362.5,577,297,704,428,-0.044,-0.257,8.191,5.611,20.2
798,475,car,0.5176,21.0,114.0,0,94,42,134,-0.044,-0.257,22.604,0.0,0.0
799,446,car,0.71,357.0,61.5,343,50,371,73,-0.019,-0.309,37.568,25.941,93.388
799,451,car,0.7016,500.5,74.0,485,59,516,89,-0.019,-0.309,32.79,23.601,84.963
799,465,car,0.7342,87.5,54.0,65,42,110,66,-0.019,-0.309,38.158,11.48,41.327
799,467,car,0.6416,451.0,216.0,420,183,482,249,-0.019,-0.309,13.743,16.108,57.988
799,468,car,0.8367,317.0,317.0,269,265,365,369,-0.019,-0.309,9.508,7.921,28.517
799,470,car,0.535,206.0,15.5,192,6,220,25,-0.019,-0.309,61.394,6.619,23.827
799,472,car,0.8195,629.5,340.5,571,280,688,401,-0.019,-0.309,8.741,6.554,23.595
799,475,car,0.556,21.0,118.0,0,98,42,138,-0.019,-0.309,22.016,0.0,0.0
800,446,car,0.6774,358.5,59.5,345,48,372,71,-0.124,-0.213,38.523,26.287,94.632
800,451,car,0.7068,500.0,72.0,485,57,515,87,-0.124,-0.213,33.438,24.061,86.618
800,465,car,0.7402,82.0,55.5,59,43,105,68,-0.124,-0.213,37.226,12.155,43.759
800,467,car,0.6182,451.0,206.5,421,176,481,237,-0.124,-0.213,14.341,16.302,58.687
800,468,car,0.8062,323.0,299.5,278,252,368,347,-0.124,-0.213,10.051,8.867,31.92
800,470,car,0.6118,204.0,16.5,190,7,218,26,-0.124,-0.213,61.051,6.06,21.815
800,472,car,0.8225,620.0,319.5,566,265,674,374,-0.124,-0.213,9.29,7.52,27.071
800,475,car,0.5331,18.0,121.5,0,103,36,140,-0.124,-0.213,21.658,0.0,0.0
801,446,car,0.6603,360.0,57.0,347,46,373,68,0.013,-0.191,36.003,24.338,87.618
801,451,car,0.7094,499.0,70.0,484,56,514,84,0.013,-0.191,30.613,21.988,79.158
801,465,car,0.7747,77.0,57.0,53,45,101,69,0.013,-0.191,34.418,14.292,51.452
801,467,car,0.5364,450.0,197.5,421,169,479,226,0.013,-0.191,12.934,15.24,54.864
801,468,car,0.8024,328.0,281.5,286,238,370,325,0.013,-0.191,9.423,8.469,30.487
801,470,car,0.6878,201.0,16.5,186,7,216,26,0.013,-0.191,56.274,11.819,42.548
801,472,car,0.8066,612.5,302.5,561,252,664,353,0.013,-0.191,8.88,7.26,26.137
801,475,car,0.5829,12.0,124.0,0,108,24,140,0.013,-0.191,20.695,6.145,22.122
802,446,car,0.5521,362.0,55.5,349,44,375,67,-0.031,-0.239,36.356,22.576,81.274
802,451,car,0.7472,498.5,68.5,484,55,513,82,-0.031,-0.239,30.658,20.009,72.032
802,465,car,0.8092,69.5,59.5,45,47,94,72,-0.031,-0.239,33.888,15.936,57.369
802,467,truck,0.5339,449.5,188.5,422,161,477,216,-0.031,-0.239,13.116,14.291,51.449
802,468,car,0.7891,333.0,266.5,293,226,373,307,-0.031,-0.239,9.803,8.248,29.692
802,470,car,0.6162,198.5,17.0,184,7,213,27,-0.031,-0.239,55.713,15.417,55.5
802,472,car,0.8155,604.0,285.5,557,239,651,332,-0.031,-0.239,9.272,7.381,26.571
803,446,car,0.6465,364.0,53.5,350,42,378,65,-0.041,-0.186,37.848,21.847,78.648
803,451,car,0.7467,497.0,67.0,483,54,511,80,-0.041,-0.186,31.024,18.399,66.238
803,465,car,0.6283,64.5,61.0,41,49,88,73,-0.041,-0.186,33.245,17.17,61.812
803,467,car,0.5681,449.5,180.5,423,153,476,208,-0.041,-0.186,13.649,13.63,49.067
803,468,car,0.7952,337.5,253.0,300,215,375,291,-0.041,-0.186,10.626,8.497,30.591
803,470,car,0.6807,195.5,18.0,181,8,210,28,-0.041,-0.186,55.501,17.082,61.495
803,472,car,0.7712,596.5,271.0,552,228,641,314,-0.041,-0.186,9.929,7.878,28.361
803,477,car,0.5403,476.5,421.0,402,371,551,471,-0.041,-0.186,7.054,0.0,0.0
804,446,car,0.6842,366.0,52.0,351,41,381,63,-0.047,-0.189,40.155,22.353,80.472
804,451,car,0.7297,496.5,65.5,483,53,510,78,-0.047,-0.189,31.571,17.193,61.895
804,465,car,0.5395,60.0,63.5,38,51,82,76,-0.047,-0.189,32.369,18.387,66.192
804,467,car,0.6957,449.0,173.0,423,147,475,199,-0.047,-0.189,16.515,14.688,52.878
804,468,car,0.7893,341.5,241.0,305,205,378,277,-0.047,-0.189,12.46,9.633,34.678
804,470,car,0.5902,193.5,19.0,179,9,208,29,-0.047,-0.189,55.395,17.185,61.864
804,472,car,0.8007,589.5,257.5,547,217,632,298,-0.047,-0.189,11.655,10.233,36.839
804,477,truck,0.4894,470.5,399.0,401,349,540,449,-0.047,-0.189,7.521,0.0,0.0
805,446,car,0.6665,367.5,50.5,353,39,382,62,-0.021,-0.182,42.03,23.494,84.578
805,451,car,0.6491,496.0,64.0,482,52,510,76,-0.021,-0.182,33.255,17.074,61.465
805,465,car,0.396,50.5,65.0,25,52,76,78,-0.021,-0.182,31.873,19.095,68.744
805,467,truck,0.4818,449.0,165.5,424,141,474,190,-0.021,-0.182,18.161,16.225,58.41
805,468,car,0.6732,345.0,229.0,311,195,379,263,-0.021,-0.182,13.397,10.873,39.143
805,470,car,0.6648,190.5,19.5,176,9,205,30,-0.021,-0.182,55.731,16.646,59.924
805,472,car,0.7001,583.5,245.0,543,208,624,282,-0.021,-0.182,12.578,11.175,40.231
805,477,car,0.4332,469.0,369.0,406,323,532,415,-0.021,-0.182,8.172,0.0,0.0
806,446,car,0.7441,369.0,49.5,355,38,383,61,0.033,-0.21,43.179,24.546,88.367
806,451,car,0.5619,495.0,62.5,481,51,509,74,0.033,-0.21,35.135,17.873,64.342
806,465,car,0.4767,43.0,67.0,16,53,70,81,0.033,-0.21,31.764,19.283,69.419
806,467,car,0.5813,448.5,159.0,424,136,473,182,0.033,-0.21,18.979,17.517,63.061
806,468,car,0.7073,348.0,219.0,315,187,381,251,0.033,-0.21,14.078,11.971,43.096
806,470,car,0.6824,187.5,20.5,172,10,203,31,0.033,-0.21,55.836,15.943,57.395
806,472,car,0.7373,578.5,233.5,541,199,616,268,0.033,-0.21,13.249,12.062,43.424
806,477,car,0.6541,466.0,340.5,408,300,524,381,0.033,-0.21,8.969,0.0,0.0
807,446,car,0.7598,370.0,47.5,357,37,383,58,0.017,-0.172,44.771,25.917,93.3
807,451,car,0.588,494.5,61.5,480,50,509,73,0.017,-0.172,36.316,18.836,67.81
807,465,car,0.3871,34.5,69.5,6,56,63,83,0.017,-0.172,31.431,19.28,69.407
807,467,car,0.6707,448.5,153.0,424,130,473,176,0.017,-0.172,19.659,18.525,66.688
807,468,car,0.7223,352.0,209.0,320,179,384,239,0.017,-0.172,14.698,12.93,46.547
807,470,car,0.6965,184.5,21.0,169,10,200,32,0.017,-0.172,56.31,14.827,53.379
807,472,car,0.8212,573.5,223.0,537,190,610,256,0.017,-0.172,13.853,12.842,46.23
807,477,car,0.6673,465.5,315.0,414,280,517,350,0.017,-0.172,9.735,9.757,35.127
808,446,car,0.798,370.5,46.5,358,36,383,57,-0.008,-0.228,45.408,26.704,96.135
808,451,car,0.5819,494.0,59.0,480,47,508,71,-0.008,-0.228,38.128,20.421,73.516
808,465,car,0.3062,28.5,71.0,0,56,57,86,-0.008,-0.228,30.882,19.147,68.931
808,467,car,0.7094,448.0,147.0,425,125,471,169,-0.008,-0.228,20.305,19.287,69.434
808,468,car,0.8081,355.0,199.5,325,171,385,228,-0.008,-0.228,15.351,13.781,49.612
808,470,car,0.7383,181.0,22.0,165,11,197,33,-0.008,-0.228,56.516,13.905,50.059
808,472,car,0.8518,569.0,213.0,534,182,604,244,-0.008,-0.228,14.417,13.507,48.627
808,477,car,0.6879,464.0,293.0,418,262,510,324,-0.008,-0.228,10.408,10.475,37.71
809,446,car,0.6668,371.5,44.5,359,34,384,55,-0.122,-0.158,46.728,27.658,99.568
809,451,car,0.5702,493.5,57.5,480,46,507,69,-0.122,-0.158,39.064,21.711,78.158
809,465,car,0.5344,20.5,73.5,0,58,41,89,-0.122,-0.158,29.981,19.288,69.437
809,467,car,0.5433,448.0,141.0,425,120,471,162,-0.122,-0.158,21.116,19.973,71.903
809,468,car,0.7709,357.0,192.0,328,165,386,219,-0.122,-0.158,15.95,14.476,52.114
809,470,car,0.7327,178.0,23.0,162,12,194,34,-0.122,-0.158,56.531,12.906,46.462
809,472,car,0.826,564.5,204.5,531,175,598,234,-0.122,-0.158,14.988,14.064,50.632
809,477,car,0.6357,462.5,274.5,418,247,507,302,-0.122,-0.158,11.135,11.341,40.828
810,446,car,0.6233,372.0,43.0,360,33,384,53,-0.096,-0.293,47.654,28.327,101.978
810,451,car,0.5119,493.0,55.0,480,43,506,67,-0.096,-0.293,40.594,23.252,83.709
810,465,car,0.3053,17.0,75.5,0,60,34,91,-0.096,-0.293,30.28,18.812,67.725
810,467,car,0.4303,447.5,135.5,426,115,469,156,-0.096,-0.293,21.996,20.61,74.197
810,468,car,0.7538,360.0,184.0,332,158,388,210,-0.096,-0.293,16.543,15.073,54.263
810,470,car,0.7574,174.5,24.5,158,13,191,36,-0.096,-0.293,56.301,12.349,44.458
810,472,car,0.784,560.0,196.0,528,168,592,224,-0.096,-0.293,15.568,14.552,52.388
810,477,car,0.5396,462.0,257.5,419,233,505,282,-0.096,-0.293,11.855,12.338,44.416
811,446,car,0.6213,373.0,41.5,361,32,385,51,-0.039,-0.242,44.789,26.287,94.633
811,451,car,0.4626,493.0,53.0,480,41,506,65,-0.039,-0.242,39.325,23.007,82.826
811,467,car,0.4254,447.5,131.0,426,111,469,151,-0.039,-0.242,20.66,19.751,71.104
811,468,car,0.8271,361.5,177.5,335,152,388,203,-0.039,-0.242,15.455,14.486,52.148
811,470,car,0.748,170.5,25.5,154,14,187,37,-0.039,-0.242,52.632,13.68,49.248
811,472,car,0.7017,556.5,187.5,526,160,587,215,-0.039,-0.242,15.029,14.286,51.43
811,477,car,0.6065,459.5,243.0,418,221,501,265,-0.039,-0.242,9.581,9.952,35.826
812,446,car,0.5858,374.0,40.5,362,31,386,50,-0.024,-0.156,44.995,24.34,87.623
812,451,car,0.4167,491.5,51.5,480,40,503,63,-0.024,-0.156,39.306,22.285,80.225
812,467,car,0.4474,447.5,126.0,427,106,468,146,-0.024,-0.156,20.83,18.852,67.869
812,468,car,0.7868,364.0,170.0,338,146,390,194,-0.024,-0.156,15.714,13.974,50.306
812,470,car,0.7595,167.5,26.0,151,14,184,38,-0.024,-0.156,52.365,14.452,52.027
812,472,car,0.7446,553.0,180.0,524,154,582,206,-0.024,-0.156,15.441,14.051,50.582
812,477,car,0.3601,459.5,230.0,418,210,501,250,-0.024,-0.156,11.942,10.788,38.837
813,446,car,0.572,375.0,38.5,363,29,387,48,-0.063,-0.138,46.018,23.186,83.468
813,451,car,0.4885,491.0,50.5,479,39,503,62,-0.063,-0.138,39.423,21.319,76.747
813,467,car,0.6368,447.5,121.0,427,102,468,140,-0.063,-0.138,21.443,18.211,65.558
813,468,car,0.7709,366.0,163.5,340,140,392,187,-0.063,-0.138,16.429,13.746,49.486
813,470,car,0.8165,164.0,27.0,147,15,181,39,-0.063,-0.138,52.053,14.98,53.929
813,472,car,0.6963,550.5,172.0,522,147,579,197,-0.063,-0.138,16.402,14.231,51.232
813,494,car,0.5623,461.5,256.0,419,203,504,309,-0.063,-0.138,9.238,0.0,0.0
814,446,car,0.5409,376.5,37.0,365,28,388,46,-0.074,-0.08,47.803,23.015,82.852
814,451,car,0.3356,490.0,50.0,478,39,502,61,-0.074,-0.08,39.584,20.228,72.822
814,467,car,0.6457,448.0,117.5,428,99,468,136,-0.074,-0.08,22.593,18.066,65.037
814,468,car,0.7675,368.5,158.0,344,136,393,180,-0.074,-0.08,18.328,14.498,52.194
814,470,car,0.812,161.0,27.5,144,15,178,40,-0.074,-0.08,52.02,14.998,53.994
814,472,car,0.7182,547.5,166.5,520,142,575,191,-0.074,-0.08,18.181,15.17,54.611
814,494,car,0.5468,460.5,244.0,420,194,501,294,-0.074,-0.08,9.631,0.0,0.0
815,446,car,0.5568,378.0,36.5,367,28,389,45,-0.042,-0.095,49.083,23.166,83.398
815,451,car,0.4959,489.0,48.5,478,38,500,59,-0.042,-0.095,40.112,19.418,69.904
815,467,car,0.6575,448.0,113.0,429,95,467,131,-0.042,-0.095,25.69,19.643,70.713
815,468,car,0.7981,370.5,152.0,347,131,394,173,-0.042,-0.095,20.504,16.17,58.214
815,470,car,0.8269,157.0,29.0,139,16,175,42,-0.042,-0.095,51.845,15.013,54.048
815,472,car,0.7457,544.5,159.5,518,136,571,183,-0.042,-0.095,19.774,16.605,59.779
815,494,car,0.6177,459.0,230.0,420,183,498,277,-0.042,-0.095,11.849,0.0,0.0
815,497,car,0.4833,248.0,23.5,237,15,259,32,-0.042,-0.095,52.986,0.0,0.0
816,446,car,0.6313,379.0,35.5,368,27,390,44,-0.032,-0.094,51.008,24.104,86.774
816,451,car,0.5185,488.0,47.0,477,37,499,57,-0.032,-0.094,42.082,19.736,71.051
816,467,car,0.6782,448.0,109.5,430,93,466,126,-0.032,-0.094,26.727,21.024,75.685
816,468,car,0.8247,372.5,146.5,349,126,396,167,-0.032,-0.094,21.616,17.762,63.943
816,470,car,0.8254,153.0,30.0,135,17,171,43,-0.032,-0.094,51.883,14.676,52.833
816,472,car,0.7883,543.0,155.0,517,132,569,178,-0.032,-0.094,20.455,17.705,63.737
816,494,car,0.6311,458.5,217.0,421,172,496,262,-0.032,-0.094,14.713,0.0,0.0
816,497,car,0.6531,245.5,24.0,234,15,257,33,-0.032,-0.094,53.169,0.0,0.0
817,446,car,0.5987,379.5,34.0,368,25,391,43,-0.058,-0.046,52.757,25.491,91.766
817,451,car,0.5509,487.5,46.0,476,36,499,56,-0.058,-0.046,43.26,20.305,73.096
817,467,car,0.5964,447.5,106.5,430,90,465,123,-0.058,-0.046,27.431,22.023,79.284
817,468,car,0.7382,375.0,141.0,352,121,398,161,-0.058,-0.046,22.577,19.174,69.025
817,470,car,0.7275,149.5,31.0,131,18,168,44,-0.058,-0.046,51.928,14.092,50.732
817,472,car,0.7182,541.5,149.5,515,127,568,172,-0.058,-0.046,21.231,18.658,67.17
817,494,car,0.7467,457.5,206.0,422,164,493,248,-0.058,-0.046,15.624,17.344,62.439
817,497,car,0.65,243.5,25.5,231,17,256,34,-0.058,-0.046,52.98,0.0,0.0
818,446,car,0.6857,380.5,33.5,369,25,392,42,-0.026,-0.069,53.419,26.294,94.658
818,451,car,0.4896,487.0,44.5,475,35,499,54,-0.026,-0.069,44.966,21.455,77.237
818,467,car,0.4684,447.5,102.5,430,86,465,119,-0.026,-0.069,28.433,22.973,82.704
818,468,car,0.8195,376.5,135.5,355,116,398,155,-0.026,-0.069,23.476,20.385,73.385
818,470,car,0.7947,145.5,32.0,127,19,164,45,-0.026,-0.069,52.218,13.422,48.321
818,472,car,0.702,538.5,144.5,513,123,564,166,-0.026,-0.069,22.069,19.48,70.128
818,494,car,0.6758,457.0,196.5,423,156,491,237,-0.026,-0.069,16.445,19.172,69.021
818,497,car,0.6365,240.5,26.5,228,17,253,36,-0.026,-0.069,53.092,0.0,0.0
818,498,car,0.7741,218.5,438.5,146,401,291,476,-0.026,-0.069,6.894,0.0,0.0
819,446,car,0.7259,381.5,32.0,370,23,393,41,-0.048,-0.124,54.832,27.337,98.412
819,451,car,0.5806,486.5,43.5,475,34,498,53,-0.048,-0.124,45.897,22.412,80.683
819,467,car,0.6919,447.0,99.0,430,83,464,115,-0.048,-0.124,29.403,23.795,85.663
819,468,car,0.8193,377.5,131.0,356,112,399,150,-0.048,-0.124,24.154,21.252,76.507
819,470,car,0.7813,141.0,33.5,122,20,160,47,-0.048,-0.124,52.223,12.947,46.61
819,472,car,0.7085,535.5,139.5,512,119,559,160,-0.048,-0.124,22.988,20.266,72.956
819,494,car,0.6624,456.5,187.5,424,148,489,227,-0.048,-0.124,17.272,20.495,73.782
819,497,car,0.6093,238.5,28.0,226,19,251,37,-0.048,-0.124,52.777,5.617,20.22
819,498,car,0.7687,225.5,428.0,151,380,300,476,-0.048,-0.124,7.114,0.0,0.0
820,446,car,0.6721,382.0,31.0,371,22,393,40,-0.087,-0.111,55.567,27.957,100.646
820,451,car,0.6704,486.0,41.5,474,32,498,51,-0.087,-0.111,47.762,23.959,86.253
820,467,car,0.6819,447.0,96.0,431,80,463,112,-0.087,-0.111,30.145,24.358,87.688
820,468,car,0.7893,379.0,127.0,358,109,400,145,-0.087,-0.111,24.88,21.892,78.811
820,470,car,0.7449,136.5,34.5,117,22,156,47,-0.087,-0.111,52.354,12.4,44.638
820,472,car,0.69,533.0,134.0,511,114,555,154,-0.087,-0.111,23.913,21.036,75.729
820,494,car,0.7231,456.5,178.5,425,141,488,216,-0.087,-0.111,18.207,21.666,77.999
820,497,car,0.5956,235.0,29.5,223,21,247,38,-0.087,-0.111,52.658,6.407,23.067
820,498,car,0.8591,236.5,415.0,164,355,309,475,-0.087,-0.111,7.401,0.0,0.0
821,446,car,0.6326,383.0,29.5,373,21,393,38,-0.107,-0.176,48.628,24.605,88.578
821,451,car,0.6421,486.0,40.5,474,31,498,50,-0.107,-0.176,43.124,21.361,76.901
821,467,car,0.5707,447.0,92.5,431,77,463,108,-0.107,-0.176,24.74,21.206,76.34
821,468,car,0.7775,381.0,122.5,360,105,402,140,-0.107,-0.176,19.703,19.208,69.148
821,470,car,0.7201,132.5,36.0,113,23,152,49,-0.107,-0.176,39.84,16.119,58.03
821,472,car,0.7016,530.0,129.0,508,110,552,148,-0.107,-0.176,18.979,18.539,66.74
821,494,car,0.6947,456.5,171.0,426,135,487,207,-0.107,-0.176,14.065,15.623,56.244
821,497,car,0.6388,232.5,31.5,220,23,245,40,-0.107,-0.176,43.098,20.472,73.7
821,498,car,0.8701,249.0,398.0,181,330,317,466,-0.107,-0.176,6.184,0.0,0.0
822,446,car,0.597,383.5,28.5,373,20,394,37,-0.047,-0.123,48.816,21.469,77.287
822,451,car,0.6482,485.5,39.5,474,30,497,49,-0.047,-0.123,43.209,19.092,68.732
822,467,car,0.7194,447.0,89.0,431,74,463,104,-0.047,-0.123,24.965,18.549,66.775
822,468,car,0.7595,382.0,118.0,362,101,402,135,-0.047,-0.123,19.825,16.871,60.737
822,470,car,0.6649,128.0,37.0,108,24,148,50,-0.047,-0.123,39.72,20.955,75.439
822,472,car,0.694,528.5,125.5,507,107,550,144,-0.047,-0.123,19.262,16.209,58.351
822,494,car,0.6293,456.0,163.0,427,129,485,197,-0.047,-0.123,14.31,11.959,43.053
822,497,car,0.5875,230.0,32.5,217,24,243,41,-0.047,-0.123,42.833,27.359,98.492
822,498,car,0.8706,261.5,375.5,199,309,324,442,-0.047,-0.123,6.466,6.653,23.95
823,446,car,0.5518,384.5,28.0,374,20,395,36,0.037,-0.15,48.929,18.707,67.346
823,451,car,0.6514,484.5,38.0,473,29,496,47,0.037,-0.15,43.573,17.352,62.466
823,467,car,0.7144,447.0,86.5,431,72,463,101,0.037,-0.15,25.555,16.357,58.885
823,468,car,0.7427,383.0,114.5,364,98,402,131,0.037,-0.15,20.329,14.848,53.454
823,470,car,0.7636,123.5,39.0,103,26,144,52,0.037,-0.15,39.398,24.9,89.639
823,472,car,0.73,526.5,121.5,506,103,547,140,0.037,-0.15,19.762,14.445,52.001
823,494,car,0.6412,455.0,157.0,427,124,483,190,0.037,-0.15,14.51,9.379,33.763
823,497,car,0.6474,227.5,33.5,214,25,241,42,0.037,-0.15,42.63,30.071,108.257
823,498,car,0.8664,272.0,352.0,214,290,330,414,0.037,-0.15,6.971,6.759,24.332
824,446,car,0.5751,385.0,27.0,375,19,395,35,-0.019,-0.182,49.297,16.219,58.388
824,451,car,0.6028,484.0,37.5,473,28,495,47,-0.019,-0.182,43.627,15.633,56.281
824,467,car,0.5156,446.5,84.0,431,70,462,98,-0.019,-0.182,26.859,15.235,54.847
824,468,car,0.709,384.5,110.5,366,94,403,127,-0.019,-0.182,22.548,14.425,51.93
824,470,car,0.7791,119.0,40.5,97,27,141,54,-0.019,-0.182,39.275,27.234,98.044
824,472,car,0.723,525.0,118.0,505,101,545,135,-0.019,-0.182,20.845,13.459,48.453
824,494,car,0.5924,456.0,150.5,429,118,483,183,-0.019,-0.182,14.844,8.815,31.734
824,497,car,0.5673,224.0,34.5,210,26,238,43,-0.019,-0.182,42.624,29.972,107.9
824,498,car,0.8919,282.0,329.5,228,273,336,386,-0.019,-0.182,8.369,7.321,26.357
825,446,car,0.4855,386.0,26.5,376,19,396,34,0.091,-0.143,49.833,14.24,51.264
825,451,car,0.5782,483.5,36.5,473,27,494,46,0.091,-0.143,44.096,14.425,51.93
825,467,car,0.3299,446.5,81.5,431,68,462,95,0.091,-0.143,28.741,15.342,55.232
825,468,car,0.7365,385.5,107.0,367,91,404,123,0.091,-0.143,24.267,14.923,53.723
825,470,car,0.7351,114.0,42.0,93,28,135,56,0.091,-0.143,39.353,28.216,101.577
825,472,car,0.6533,523.0,114.0,503,97,543,131,0.091,-0.143,22.474,13.541,48.749
825,494,car,0.5772,455.0,144.5,429,114,481,175,0.091,-0.143,15.831,8.802,31.687
825,497,car,0.7239,221.0,35.5,206,27,236,44,0.091,-0.143,42.627,28.348,102.054
825,498,car,0.8254,290.5,309.0,241,257,340,361,0.091,-0.143,9.18,8.31,29.915
826,446,car,0.3315,387.5,25.5,378,18,397,33,-0.012,-0.089,51.645,13.758,49.529
826,451,car,0.5635,483.0,35.5,473,26,493,45,-0.012,-0.089,45.029,13.866,49.916
826,467,car,0.609,447.0,79.0,432,65,462,93,-0.012,-0.089,30.064,15.979,57.525
826,468,car,0.7949,386.5,104.5,368,89,405,120,-0.012,-0.089,25.051,15.45,55.62
826,470,car,0.69,109.0,43.0,87,29,131,57,-0.012,-0.089,39.683,28.02,100.873
826,472,car,0.6082,521.0,109.5,502,92,540,127,-0.012,-0.089,23.841,14.241,51.266
826,494,car,0.6496,454.5,140.0,430,111,479,169,-0.012,-0.089,18.275,10.146,36.525
826,497,car,0.655,217.5,37.0,203,28,232,46,-0.012,-0.089,42.598,27.404,98.654
826,498,car,0.8655,298.0,290.0,251,242,345,338,-0.012,-0.089,9.804,9.369,33.73
827,446,car,0.4435,387.5,24.5,378,17,397,32,-0.014,-0.102,52.906,13.923,50.123
827,451,car,0.5832,482.5,35.0,472,26,493,44,-0.014,-0.102,46.141,13.861,49.901
827,467,car,0.63,446.5,76.5,431,63,462,90,-0.014,-0.102,30.834,16.608,59.788
827,468,car,0.7796,387.5,100.5,370,85,405,116,-0.014,-0.102,26.004,16.191,58.286
827,470,car,0.7055,104.0,44.5,82,30,126,59,-0.014,-0.102,39.909,27.145,97.724
827,472,car,0.6582,519.5,106.5,501,89,538,124,-0.014,-0.102,24.65,14.93,53.75
827,494,car,0.5985,453.5,134.5,430,106,477,163,-0.014,-0.102,20.125,12.143,43.715
827,497,car,0.7265,214.0,37.5,199,28,229,47,-0.014,-0.102,42.751,25.942,93.39
827,498,car,0.8407,303.5,273.5,258,230,349,317,-0.014,-0.102,10.44,10.402,37.449
828,446,car,0.3993,388.5,23.5,379,16,398,31,-0.021,-0.05,54.719,14.982,53.934
828,451,car,0.5308,482.0,34.0,472,25,492,43,-0.021,-0.05,47.441,14.483,52.138
828,467,car,0.5776,447.0,74.0,432,61,462,87,-0.021,-0.05,31.605,17.234,62.041
828,468,car,0.8015,388.0,98.0,370,83,406,113,-0.021,-0.05,26.556,16.697,60.11
828,470,car,0.7565,98.5,46.0,76,31,121,61,-0.021,-0.05,40.09,25.811,92.919
828,472,car,0.6334,518.5,103.0,500,86,537,120,-0.021,-0.05,25.54,15.73,56.626
828,494,car,0.7122,453.0,130.0,430,103,476,157,-0.021,-0.05,20.956,13.865,49.915
828,497,car,0.7321,211.0,39.5,196,30,226,49,-0.021,-0.05,42.404,24.682,88.855
828,498,car,0.7524,310.0,258.5,267,218,353,299,-0.021,-0.05,11.093,11.44,41.186
829,446,car,0.3727,389.5,22.5,380,15,399,30,-0.076,-0.124,56.476,16.606,59.781
829,451,car,0.5302,481.5,32.5,471,23,492,42,-0.076,-0.124,49.523,16.065,57.834
829,467,car,0.5349,446.5,72.0,432,59,461,85,-0.076,-0.124,32.276,17.733,63.837
829,468,car,0.7282,389.5,95.0,372,80,407,110,-0.076,-0.124,27.248,17.182,61.854
829,470,car,0.7863,92.5,48.0,69,33,116,63,-0.076,-0.124,39.63,24.673,88.822
829,472,car,0.7536,517.0,99.5,499,83,535,116,-0.076,-0.124,26.341,16.501,59.403
829,494,car,0.6631,452.5,125.5,430,100,475,151,-0.076,-0.124,21.823,15.391,55.407
829,497,car,0.7021,207.0,41.0,192,31,222,51,-0.076,-0.124,41.903,23.56,84.815
829,498,car,0.8119,316.5,244.5,276,207,357,282,-0.076,-0.124,11.765,11.882,42.775
830,446,car,0.4511,390.0,21.5,381,14,399,29,-0.02,-0.072,57.657,18.237,65.653
830,451,car,0.5977,481.0,31.0,471,21,491,41,-0.02,-0.072,50.974,17.864,64.309
830,467,car,0.5063,446.5,70.5,432,58,461,83,-0.02,-0.072,32.734,18.0,64.798
830,468,car,0.6199,391.0,92.5,374,78,408,107,-0.02,-0.072,27.845,17.548,63.172
830,470,car,0.7966,87.0,49.5,63,34,111,65,-0.02,-0.072,39.115,23.591,84.928
830,472,car,0.7573,515.5,98.0,498,83,533,113,-0.02,-0.072,26.757,16.914,60.89
830,494,car,0.7202,453.0,120.5,431,96,475,145,-0.02,-0.072,22.804,16.841,60.629
830,497,car,0.737,203.5,42.0,188,32,219,52,-0.02,-0.072,41.379,22.518,81.063
830,498,car,0.7274,321.0,232.5,282,197,360,268,-0.02,-0.072,12.396,12.35,44.46
831,446,car,0.3715,390.5,20.5,382,12,399,29,-0.018,-0.016,48.626,18.172,65.418
831,451,car,0.5835,481.0,29.5,471,20,491,39,-0.018,-0.016,41.11,18.331,65.99
831,467,car,0.4438,446.0,68.0,432,56,460,80,-0.018,-0.016,25.1,17.924,64.528
831,468,car,0.6757,392.0,89.5,376,75,408,104,-0.018,-0.016,20.825,17.132,61.676
831,470,car,0.8053,81.5,51.5,57,36,106,67,-0.018,-0.016,29.673,29.001,104.405
831,472,car,0.7344,514.5,95.5,497,81,532,110,-0.018,-0.016,20.043,16.424,59.127
831,494,car,0.6588,452.5,116.5,431,93,474,140,-0.018,-0.016,16.692,15.295,55.062
831,497,car,0.7766,200.0,43.5,184,33,216,54,-0.018,-0.016,31.835,27.878,100.362
831,498,car,0.8053,326.5,221.0,290,187,363,255,-0.018,-0.016,9.657,11.221,40.397
832,451,car,0.4485,480.5,29.0,471,20,490,38,-0.024,-0.032,41.112,18.31,65.916
832,467,car,0.5184,446.0,65.5,432,54,460,77,-0.024,-0.032,25.387,17.272,62.181
832,468,car,0.7305,393.0,86.5,377,73,409,100,-0.024,-0.032,21.025,16.319,58.749
832,470,car,0.8056,75.5,53.0,50,38,101,68,-0.024,-0.032,29.615,32.228,116.02
832,472,car,0.6964,514.0,93.0,496,79,532,107,-0.024,-0.032,20.272,15.541,55.948
832,494,car,0.7496,452.0,112.5,431,90,473,135,-0.024,-0.032,16.793,13.792,49.65
832,497,car,0.834,196.0,44.5,180,34,212,55,-0.024,-0.032,31.656,31.196,112.305
832,498,car,0.7443,330.5,210.5,296,178,365,243,-0.024,-0.032,9.867,10.195,36.702
833,451,car,0.5392,479.5,28.0,470,19,489,37,0.007,-0.02,41.217,17.807,64.105
833,467,car,0.6028,446.0,63.5,432,52,460,75,0.007,-0.02,25.71,16.202,58.328
833,468,car,0.7402,393.5,84.5,378,71,409,98,0.007,-0.02,21.334,15.156,54.562
833,470,car,0.7595,68.5,54.5,42,39,95,70,0.007,-0.02,29.468,33.869,121.93
833,472,car,0.7413,513.0,90.5,495,77,531,104,0.007,-0.02,20.736,14.272,51.381
833,494,car,0.6866,451.5,109.0,431,87,472,131,0.007,-0.02,17.076,12.251,44.103
833,497,car,0.7516,192.5,46.0,176,35,209,57,0.007,-0.02,31.626,32.954,118.634
833,498,car,0.7099,335.0,201.0,302,170,368,232,0.007,-0.02,10.444,9.459,34.054
833,501,car,0.4619,213.5,25.0,200,17,227,33,0.007,-0.02,42.962,0.0,0.0
834,451,car,0.5274,479.5,27.5,470,19,489,36,-0.01,-0.042,41.244,17.013,61.248
834,467,car,0.6084,446.0,62.0,432,51,460,73,-0.01,-0.042,26.601,14.485,52.147
834,468,car,0.6751,394.5,82.0,379,69,410,95,-0.01,-0.042,22.407,13.37,48.133
834,470,car,0.5962,63.5,56.5,38,41,89,72,-0.01,-0.042,29.001,34.747,125.089
834,472,car,0.6978,512.0,87.5,494,74,530,101,-0.01,-0.042,21.808,12.55,45.179
834,494,car,0.4331,451.5,105.0,432,84,471,126,-0.01,-0.042,17.399,10.83,38.986
834,497,car,0.7918,188.0,48.5,171,37,205,60,-0.01,-0.042,31.565,33.571,120.857
834,498,car,0.7961,338.5,192.0,307,162,370,222,-0.01,-0.042,12.53,9.952,35.827
834,501,car,0.3641,210.5,26.0,197,17,224,35,-0.01,-0.042,42.923,0.0,0.0
834,503,car,0.6691,252.0,444.5,188,415,316,474,-0.01,-0.042,5.449,0.0,0.0
835,451,car,0.4405,479.0,26.5,470,18,488,35,-0.022,-0.081,41.494,15.879,57.166
835,467,car,0.5091,446.0,60.5,433,50,459,71,-0.022,-0.081,27.675,12.591,45.328
835,468,car,0.7473,395.5,79.5,380,66,411,93,-0.022,-0.081,23.997,12.231,44.031
835,470,car,0.6307,58.0,59.0,33,43,83,75,-0.022,-0.081,28.666,34.839,125.419
835,472,car,0.5948,512.5,85.0,493,72,532,98,-0.022,-0.081,23.173,11.566,41.636
835,494,car,0.6622,451.5,101.5,432,81,471,122,-0.022,-0.081,17.866,9.631,34.672
835,497,car,0.8047,183.5,50.5,166,39,201,62,-0.022,-0.081,31.625,33.193,119.496
835,498,car,0.7857,342.0,184.5,312,156,372,213,-0.022,-0.081,13.275,10.565,38.035
835,501,car,0.4177,206.0,27.0,193,17,219,37,-0.022,-0.081,43.605,0.0,0.0
835,503,car,0.7224,256.5,433.5,189,393,324,474,-0.022,-0.081,5.607,0.0,0.0
836,451,car,0.4483,479.0,26.0,470,18,488,34,-0.024,-0.115,41.843,14.468,52.086
836,467,car,0.4086,445.5,58.5,433,48,458,69,-0.024,-0.115,29.326,12.012,43.242
836,468,car,0.7209,396.0,77.0,381,64,411,90,-0.024,-0.115,25.368,12.034,43.323
836,470,car,0.7383,48.5,60.5,21,44,76,77,-0.024,-0.115,28.837,33.832,121.795
836,472,car,0.4422,509.5,82.5,491,69,528,96,-0.024,-0.115,24.092,11.22,40.391
836,494,car,0.6266,451.5,98.0,432,78,471,118,-0.024,-0.115,18.875,9.14,32.905
836,497,car,0.7234,179.0,52.0,161,40,197,64,-0.024,-0.115,31.732,32.072,115.458
836,498,car,0.834,345.0,176.0,316,149,374,203,-0.024,-0.115,13.868,11.202,40.327
836,501,car,0.4215,203.0,28.0,190,19,216,37,-0.024,-0.115,43.717,0.0,0.0
836,503,car,0.8043,262.0,421.0,193,368,331,474,-0.024,-0.115,5.81,0.0,0.0
836,505,car,0.35,224.0,11.5,210,3,238,20,-0.024,-0.115,57.194,0.0,0.0
837,451,car,0.4661,479.0,25.0,470,17,488,33,0.056,-0.069,42.913,12.559,45.211
837,467,car,0.472,445.5,57.0,433,46,458,68,0.056,-0.069,30.291,11.953,43.031
837,468,car,0.6874,397.0,74.5,382,62,412,87,0.056,-0.069,26.37,12.309,44.311
837,470,car,0.7274,41.5,62.5,13,46,70,79,0.056,-0.069,29.022,32.267,116.162
837,472,car,0.6392,507.5,80.0,491,67,524,93,0.056,-0.069,24.883,11.245,40.48
837,494,car,0.5914,451.5,95.0,433,75,470,115,0.056,-0.069,20.77,9.811,35.321
837,497,car,0.7587,175.5,54.0,157,42,194,66,0.056,-0.069,31.54,30.72,110.593
837,498,car,0.7445,348.5,168.5,320,142,377,195,0.056,-0.069,14.44,11.794,42.459
837,501,car,0.5221,199.5,29.0,186,20,213,38,0.056,-0.069,43.773,7.972,28.701
837,503,car,0.7762,270.0,408.0,202,343,338,473,0.056,-0.069,6.002,0.0,0.0
837,505,car,0.4076,221.0,11.5,208,3,234,20,0.056,-0.069,58.614,0.0,0.0
838,451,car,0.4283,479.0,24.0,470,16,488,32,0.02,-0.116,44.799,11.949,43.015
838,467,car,0.527,445.5,55.0,433,44,458,66,0.02,-0.116,31.347,12.388,44.597
838,468,car,0.67,397.5,73.0,383,61,412,85,0.02,-0.116,26.787,12.475,44.909
838,470,car,0.6732,34.0,62.5,5,46,63,79,0.02,-0.116,29.657,29.889,107.602
838,472,car,0.6834,506.0,77.5,490,65,522,90,0.02,-0.116,25.656,11.533,41.52
838,494,car,0.7685,451.0,91.5,433,72,469,111,0.02,-0.116,22.569,11.296,40.667
838,497,car,0.8018,170.5,55.5,151,43,190,68,0.02,-0.116,31.484,29.066,104.636
838,498,car,0.7978,352.0,161.5,325,136,379,187,0.02,-0.116,14.997,12.337,44.414
838,501,car,0.6233,196.0,29.5,182,19,210,40,0.02,-0.116,44.059,7.946,28.607
838,503,car,0.8497,280.5,391.0,217,321,344,461,0.02,-0.116,6.283,3.555,12.799
838,505,car,0.3529,218.5,12.0,205,4,232,20,0.02,-0.116,58.848,0.0,0.0
839,451,car,0.4779,478.5,23.5,469,16,488,31,-0.001,-0.142,45.856,11.918,42.903
839,467,car,0.2905,445.5,53.5,433,43,458,64,-0.001,-0.142,31.948,12.817,46.142
839,468,car,0.6914,397.5,71.0,383,59,412,83,-0.001,-0.142,27.304,12.697,45.709
839,470,car,0.5366,28.5,65.0,0,47,57,83,-0.001,-0.142,29.382,27.836,100.208
839,472,car,0.6817,505.0,75.0,490,62,520,88,-0.001,-0.142,26.332,11.954,43.036
839,494,car,0.7014,450.5,88.5,433,70,468,107,-0.001,-0.142,23.253,12.575,45.272
839,497,car,0.7638,165.0,57.5,146,45,184,70,-0.001,-0.142,31.113,27.52,99.071
839,498,car,0.7621,354.0,155.0,327,130,381,180,-0.001,-0.142,15.523,12.814,46.131
839,501,car,0.5737,193.5,31.0,179,21,208,41,-0.001,-0.142,43.071,6.911,24.881
839,503,car,0.829,290.5,367.5,232,300,349,435,-0.001,-0.142,6.735,4.547,16.37
839,506,car,0.4922,18.0,67.0,0,50,36,84,-0.001,-0.142,29.609,0.0,0.0
840,451,car,0.5124,478.0,22.5,469,15,487,30,0.016,-0.14,47.668,12.912,46.483
840,467,car,0.4518,446.0,52.0,434,42,458,62,0.016,-0.14,32.606,13.3,47.882
840,468,car,0.7576,398.0,69.0,384,57,412,81,0.016,-0.14,27.762,12.895,46.422
840,472,car,0.6581,503.5,72.5,489,60,518,85,0.016,-0.14,27.059,12.494,44.977
840,494,car,0.5168,451.0,85.5,434,67,468,104,0.016,-0.14,23.767,13.584,48.903
840,497,car,0.7381,159.5,60.5,140,48,179,73,0.016,-0.14,29.968,26.632,95.876
840,498,car,0.8276,356.0,149.0,330,125,382,173,0.016,-0.14,16.063,13.241,47.667
840,501,car,0.5997,191.5,32.5,176,22,207,43,0.016,-0.14,41.993,7.031,25.313
840,503,car,0.8015,299.0,345.0,245,282,353,408,0.016,-0.14,7.214,5.485,19.746
840,506,car,0.5833,17.0,69.0,0,52,34,86,0.016,-0.14,29.381,0.0,0.0
841,451,car,0.3772,477.5,22.5,468,15,487,30,0.026,-0.083,57.543,16.786,60.428
841,467,car,0.4045,446.0,51.0,434,41,458,61,0.026,-0.083,36.423,15.903,57.252
841,468,car,0.7703,398.5,67.0,384,55,413,79,0.026,-0.083,32.274,15.78,56.809
841,472,car,0.7288,503.0,70.0,489,57,517,83,0.026,-0.083,30.627,15.017,54.06
841,494,car,0.6447,450.5,83.5,434,66,467,101,0.026,-0.083,26.306,15.68,56.448
841,497,car,0.8127,154.0,62.0,134,49,174,75,0.026,-0.083,32.028,24.098,86.752
841,498,car,0.7591,358.0,144.0,333,121,383,167,0.026,-0.083,16.981,13.854,49.875
841,501,car,0.6476,186.5,34.0,171,24,202,44,0.026,-0.083,44.823,9.194,33.097
841,503,car,0.78,306.5,323.0,256,265,357,381,0.026,-0.083,7.927,6.73,24.229
841,506,car,0.5778,17.5,71.5,0,53,35,90,0.026,-0.083,32.808,0.0,0.0
842,451,car,0.4051,477.5,22.0,468,14,487,30,0.017,-0.064,57.602,21.821,78.557
842,467,car,0.3632,446.0,49.5,434,40,458,59,0.017,-0.064,36.737,17.675,63.632
842,468,car,0.7586,399.0,65.0,384,53,414,77,0.017,-0.064,32.47,17.66,63.574
842,472,car,0.8006,502.0,68.0,488,55,516,81,0.017,-0.064,30.968,16.724,60.208
842,494,car,0.5102,450.5,80.0,434,62,467,98,0.017,-0.064,26.441,17.005,61.217
842,497,car,0.7945,148.0,64.5,128,51,168,78,0.017,-0.064,31.689,22.099,79.555
842,498,car,0.8366,360.0,138.5,335,116,385,161,0.017,-0.064,17.136,14.124,50.847
842,501,car,0.6945,182.5,35.5,166,25,199,46,0.017,-0.064,44.722,9.68,34.849
842,503,car,0.6943,313.0,303.5,266,251,360,356,0.017,-0.064,8.184,7.487,26.953
842,506,car,0.6648,16.5,72.0,0,54,33,90,0.017,-0.064,32.81,0.0,0.0
843,451,car,0.3357,477.0,20.5,468,12,486,29,0.001,-0.088,57.803,25.372,91.338
843,467,car,0.3113,445.5,48.0,434,38,457,58,0.001,-0.088,37.028,18.768,67.564
843,468,car,0.7335,399.0,63.0,384,52,414,74,0.001,-0.088,32.892,18.922,68.119
843,472,car,0.813,500.5,67.0,487,55,514,79,0.001,-0.088,31.242,17.732,63.835
843,494,car,0.5718,450.5,77.0,434,60,467,94,0.001,-0.088,26.563,17.669,63.607
843,497,car,0.8114,143.0,66.5,122,53,164,80,0.001,-0.088,31.512,20.215,72.775
843,498,car,0.7072,362.0,133.0,337,111,387,155,0.001,-0.088,17.79,14.456,52.04
843,501,car,0.7258,179.0,36.0,162,26,196,46,0.001,-0.088,44.701,9.468,34.083
843,503,car,0.6025,320.0,286.0,276,238,364,334,0.001,-0.088,8.763,8.369,30.127
843,506,car,0.5502,14.0,73.0,0,55,28,91,0.001,-0.088,32.734,15.364,55.31
843,509,car,0.4585,205.0,17.5,191,9,219,26,0.001,-0.088,57.737,0.0,0.0
844,451,car,0.3263,476.0,19.0,467,11,485,27,-0.009,-0.096,58.312,27.738,99.858
844,467,car,0.3223,445.5,46.5,434,37,457,56,-0.009,-0.096,38.628,20.231,72.832
844,468,car,0.651,400.0,62.0,386,51,414,73,-0.009,-0.096,33.011,19.457,70.045
844,472,car,0.778,499.5,65.0,486,54,513,76,-0.009,-0.096,32.21,18.769,67.57
844,494,car,0.4101,450.0,74.5,434,57,466,92,-0.009,-0.096,26.682,17.833,64.199
844,497,car,0.8337,136.5,69.0,115,55,158,83,-0.009,-0.096,31.286,18.763,67.547
844,498,car,0.5945,363.0,129.0,338,108,388,150,-0.009,-0.096,19.396,15.414,55.49
844,501,car,0.6892,175.5,37.0,159,26,192,48,-0.009,-0.096,44.644,9.3,33.479
844,503,car,0.6996,324.5,270.0,283,225,366,315,-0.009,-0.096,10.502,10.978,39.519
844,506,car,0.3343,9.5,74.0,0,56,19,92,-0.009,-0.096,32.144,13.83,49.789
844,509,car,0.584,202.0,18.0,188,9,216,27,-0.009,-0.096,57.529,0.0,0.0
845,467,car,0.2584,445.5,45.5,434,36,457,55,0.038,-0.075,39.781,21.599,77.757
845,468,car,0.6652,401.5,60.5,388,50,415,71,0.038,-0.075,34.436,20.399,73.436
845,472,car,0.7494,499.5,63.5,486,52,513,75,0.038,-0.075,33.56,20.009,72.033
845,494,car,0.6309,449.5,72.5,434,56,465,89,0.038,-0.075,26.812,17.637,63.494
845,497,car,0.8368,130.5,71.5,108,57,153,86,0.038,-0.075,31.199,17.4,62.639
845,498,car,0.8227,366.5,124.0,344,103,389,145,0.038,-0.075,21.831,17.402,62.646
845,501,car,0.5929,170.0,39.0,155,28,185,50,0.038,-0.075,44.506,9.583,34.499
845,503,car,0.703,329.5,255.5,290,214,369,297,0.038,-0.075,11.734,12.156,43.763
845,509,car,0.6277,198.5,19.5,185,10,212,29,0.038,-0.075,56.881,0.0,0.0
846,468,car,0.7524,401.5,58.5,388,48,415,69,0.004,-0.071,36.513,22.056,79.401
846,472,car,0.7501,498.5,62.0,485,51,512,73,0.004,-0.071,34.768,21.27,76.571
846,494,car,0.5547,450.0,70.0,434,54,466,86,0.004,-0.071,27.432,17.557,63.204
846,497,car,0.879,123.5,74.5,101,60,146,89,0.004,-0.071,31.263,16.287,58.635
846,498,car,0.805,369.5,120.0,348,100,391,140,0.004,-0.071,22.93,19.174,69.026
846,501,car,0.6326,166.0,40.0,150,29,182,51,0.004,-0.071,44.467,9.345,33.642
846,503,car,0.6417,333.5,242.5,296,204,371,281,0.004,-0.071,12.256,13.093,47.136
846,509,car,0.6796,196.0,20.0,182,10,210,30,0.004,-0.071,56.815,0.0,0.0
846,511,car,0.6409,378.0,440.0,316,406,440,474,0.004,-0.071,6.524,0.0,0.0
846,512,car,0.3876,217.0,10.0,205,2,229,18,0.004,-0.071,64.715,0.0,0.0
847,468,car,0.6891,402.5,57.0,389,47,416,67,-0.057,-0.109,37.92,23.691,85.288
847,472,car,0.638,498.5,60.5,485,49,512,72,-0.057,-0.109,36.047,22.588,81.316
847,494,car,0.66,449.5,68.0,434,52,465,84,-0.057,-0.109,28.599,17.873,64.344
847,497,car,0.7826,117.0,77.0,93,62,141,92,-0.057,-0.109,31.131,15.205,54.737
847,498,car,0.7137,371.0,115.5,350,96,392,135,-0.057,-0.109,23.854,20.673,74.423
847,501,car,0.6498,162.0,41.5,145,30,179,53,-0.057,-0.109,44.368,9.113,32.806
847,503,car,0.7003,338.5,230.5,303,195,374,266,-0.057,-0.109,12.793,13.844,49.838
847,509,car,0.652,193.5,20.5,179,10,208,31,-0.057,-0.109,56.816,6.976,25.114
847,511,car,0.8137,380.5,429.0,319,383,442,475,-0.057,-0.109,6.72,0.0,0.0
847,512,car,0.4273,215.0,11.0,203,3,227,19,-0.057,-0.109,63.452,0.0,0.0
848,468,car,0.6552,403.0,54.5,390,44,416,65,0.008,-0.107,39.278,25.331,91.193
848,472,car,0.7133,497.5,59.0,484,48,511,70,0.008,-0.107,37.044,23.707,85.346
848,494,car,0.5334,449.5,66.0,434,50,465,82,0.008,-0.107,31.63,19.746,71.087
848,497,car,0.8056,109.5,79.5,85,64,134,95,0.008,-0.107,30.553,14.52,52.272
848,498,car,0.6945,372.5,112.0,352,93,393,131,0.008,-0.107,24.579,21.771,78.376
848,501,car,0.601,157.5,42.5,140,31,175,54,0.008,-0.107,44.309,9.011,32.441
848,503,car,0.6285,342.0,220.0,308,187,376,253,0.008,-0.107,13.389,14.477,52.117
848,509,car,0.6251,190.0,20.5,175,10,205,31,0.008,-0.107,57.717,7.65,27.541
848,511,car,0.8384,384.5,415.0,324,356,445,474,0.008,-0.107,7.003,0.0,0.0
848,512,car,0.3764,213.5,11.5,202,4,225,19,0.008,-0.107,62.845,0.0,0.0
848,467,car,0.3245,445.5,41.0,434,32,457,50,0.008,-0.107,45.573,26.259,94.533
849,468,car,0.7542,404.0,53.5,392,43,416,64,0.132,-0.132,39.843,26.264,94.549
849,472,car,0.6877,497.0,57.0,484,46,510,68,0.132,-0.132,38.219,24.821,89.354
849,494,car,0.4754,449.0,63.5,434,48,464,79,0.132,-0.132,33.987,22.274,80.186
849,497,car,0.8577,102.0,82.0,76,65,128,99,0.132,-0.132,30.003,14.04,50.546
849,498,car,0.7548,374.0,108.0,355,89,393,127,0.132,-0.132,25.355,22.626,81.454
849,501,car,0.7336,153.0,44.0,135,32,171,56,0.132,-0.132,43.564,8.891,32.009
849,503,car,0.6443,346.0,209.5,314,179,378,240,0.132,-0.132,14.046,15.065,54.236
849,509,car,0.6424,187.0,22.0,172,11,202,33,0.132,-0.132,57.238,7.696,27.704
849,511,car,0.7901,390.0,401.5,332,331,448,472,0.132,-0.132,7.273,0.0,0.0
849,512,car,0.3731,211.5,12.5,200,4,223,21,0.132,-0.132,61.276,0.0,0.0
849,513,car,0.684,68.5,427.0,1,378,136,476,0.132,-0.132,7.015,0.0,0.0
850,468,car,0.6473,405.5,52.0,394,42,417,62,-0.025,-0.156,40.456,26.805,96.499
850,472,car,0.583,497.0,54.5,484,43,510,66,-0.025,-0.156,39.708,26.136,94.09
850,494,car,0.4406,449.0,62.0,434,47,464,77,-0.025,-0.156,35.012,24.266,87.359
850,497,car,0.7624,95.5,85.5,69,69,122,102,-0.025,-0.156,29.069,13.929,50.144
850,498,car,0.7999,375.5,103.0,357,84,394,122,-0.025,-0.156,26.318,23.438,84.377
850,501,car,0.7159,148.5,45.0,130,33,167,57,-0.025,-0.156,43.184,8.709,31.352
850,503,car,0.6172,349.0,200.5,318,171,380,230,-0.025,-0.156,14.679,15.574,56.065
850,509,car,0.6782,183.5,23.0,168,12,199,34,-0.025,-0.156,57.433,7.807,28.104
850,511,car,0.7399,395.0,379.5,341,307,449,452,-0.025,-0.156,7.701,4.785,17.228
850,512,car,0.4138,209.5,13.0,197,5,222,21,-0.025,-0.156,60.666,8.397,30.228
850,513,car,0.6893,77.0,415.0,0,354,154,476,-0.025,-0.156,7.262,0.0,0.0
851,468,car,0.5235,406.5,50.5,395,41,418,60,0.066,-0.231,41.897,27.574,99.267
851,472,car,0.5813,496.5,52.0,483,40,510,64,0.066,-0.231,39.502,26.379,94.965
851,494,car,0.5102,449.0,60.0,434,46,464,74,0.066,-0.231,35.193,25.319,91.147
851,497,car,0.7883,86.5,89.0,59,72,114,106,0.066,-0.231,25.702,15.714,56.57
851,498,car,0.803,377.0,100.0,358,81,396,119,0.066,-0.231,24.482,22.249,80.097
851,501,car,0.7935,144.0,47.0,125,34,163,60,0.066,-0.231,37.518,11.322,40.758
851,503,car,0.8043,351.5,192.0,322,164,381,220,0.066,-0.231,13.874,15.111,54.401
851,509,car,0.5974,180.5,24.0,165,13,196,35,0.066,-0.231,52.465,13.076,47.074
851,511,car,0.6663,400.0,355.0,351,287,449,423,0.066,-0.231,7.174,5.469,19.69
851,512,car,0.303,207.5,13.5,196,5,219,22,0.066,-0.231,61.702,7.699,27.718
851,513,car,0.8201,86.5,402.5,0,329,173,476,0.066,-0.231,6.83,0.0,0.0
852,468,car,0.5331,406.5,48.5,395,39,418,58,0.114,-0.317,42.067,27.678,99.642
852,472,car,0.6516,495.5,50.5,482,38,509,63,0.114,-0.317,40.111,26.327,94.779
852,494,car,0.4856,448.5,57.5,434,43,463,72,0.114,-0.317,35.204,25.565,92.035
852,497,car,0.8635,77.5,93.0,49,76,106,110,0.114,-0.317,25.322,16.957,61.044
852,498,car,0.8312,378.0,97.5,359,79,397,116,0.114,-0.317,24.541,20.929,75.345
852,501,car,0.6906,139.0,48.5,119,35,159,62,0.114,-0.317,37.2,13.626,49.052
852,503,car,0.8526,354.5,184.0,326,158,383,210,0.114,-0.317,14.085,14.6,52.561
852,509,car,0.5762,177.0,25.0,161,14,193,36,0.114,-0.317,52.265,15.68,56.449
852,511,car,0.7035,404.5,331.5,358,270,451,393,0.114,-0.317,7.324,5.841,21.027
852,512,car,0.4123,204.0,14.5,192,6,216,23,0.114,-0.317,60.858,8.842,31.833
852,513,car,0.4902,100.0,382.0,10,306,190,458,0.114,-0.317,7.206,0.0,0.0
853,468,car,0.6665,406.5,47.0,395,37,418,57,0.093,-0.353,42.148,27.178,97.841
853,472,car,0.5759,494.0,49.5,481,37,507,62,0.093,-0.353,40.517,25.957,93.444
853,494,car,0.4922,448.5,56.0,434,41,463,71,0.093,-0.353,35.283,25.195,90.7
853,497,car,0.7867,70.0,96.5,43,79,97,114,0.093,-0.353,24.908,17.741,63.869
853,498,car,0.8114,379.5,94.5,361,77,398,112,0.093,-0.353,24.894,19.784,71.224
853,501,car,0.7509,133.5,50.5,113,37,154,64,0.093,-0.353,36.811,15.296,55.065
853,503,car,0.7772,356.5,176.5,329,151,384,202,0.093,-0.353,14.678,14.304,51.495
853,509,car,0.5492,173.0,25.5,157,14,189,37,0.093,-0.353,52.254,16.29,58.643
853,511,car,0.5499,407.5,309.0,364,254,451,364,0.093,-0.353,7.72,6.131,22.073
853,512,car,0.5204,201.5,16.0,189,8,214,24,0.093,-0.353,60.067,10.005,36.02
853,513,car,0.5307,120.5,355.5,35,283,206,428,0.093,-0.353,7.821,7.066,25.438
854,468,car,0.7951,406.5,46.0,395,36,418,56,0.013,-0.195,42.307,26.309,94.712
854,472,car,0.5877,493.0,48.5,481,37,505,60,0.013,-0.195,41.062,25.498,91.792
854,494,car,0.4922,448.5,53.5,435,39,462,68,0.013,-0.195,35.323,24.483,88.139
854,497,car,0.705,59.0,100.5,29,82,89,119,0.013,-0.195,24.593,18.187,65.472
854,498,car,0.782,381.0,91.5,363,74,399,109,0.013,-0.195,26.32,19.482,70.135
854,501,car,0.7841,128.0,52.5,107,38,149,67,0.013,-0.195,36.681,16.251,58.505
854,503,car,0.7969,358.5,170.0,333,146,384,194,0.013,-0.195,16.137,14.717,52.981
854,509,car,0.6754,169.5,27.0,153,15,186,39,0.013,-0.195,52.083,16.283,58.619
854,511,car,0.754,410.0,288.5,370,238,450,339,0.013,-0.195,9.791,8.381,30.173
854,512,car,0.5783,199.5,16.0,187,8,212,24,0.013,-0.195,59.884,9.832,35.396
854,513,car,0.6566,141.0,329.0,63,264,219,394,0.013,-0.195,9.368,8.587,30.914
855,468,car,0.8079,406.5,45.5,395,36,418,55,0.022,-0.203,42.575,25.238,90.856
855,472,car,0.6481,492.5,47.5,481,37,504,58,0.022,-0.203,41.869,25.142,90.512
855,494,car,0.4759,448.5,52.5,435,38,462,67,0.022,-0.203,35.552,23.492,84.573
855,497,car,0.7517,49.5,105.0,18,86,81,124,0.022,-0.203,24.388,18.291,65.849
855,498,car,0.7408,381.5,88.5,364,72,399,105,0.022,-0.203,28.501,20.288,73.036
855,501,car,0.8013,122.5,54.0,101,40,144,68,0.022,-0.203,36.697,16.568,59.643
855,503,car,0.7427,361.0,162.0,336,139,386,185,0.022,-0.203,18.741,16.43,59.147
855,509,car,0.6254,165.5,29.0,149,18,182,40,0.022,-0.203,51.683,16.346,58.847
855,511,car,0.6367,413.0,270.5,375,225,451,316,0.022,-0.203,11.307,11.406,41.062
855,512,car,0.5377,197.0,17.0,184,9,210,25,0.022,-0.203,59.268,10.622,38.238
855,513,car,0.6783,160.0,305.0,89,246,231,364,0.022,-0.203,10.278,10.216,36.776
856,468,car,0.7976,407.5,44.0,396,34,419,54,0.087,-0.168,45.08,25.667,92.402
856,472,car,0.6255,492.0,47.0,481,38,503,56,0.087,-0.168,42.371,24.638,88.698
856,494,car,0.4171,448.5,50.0,435,35,462,65,0.087,-0.168,36.28,22.855,82.277
856,497,car,0.7139,39.0,108.0,6,89,72,127,0.087,-0.168,24.06,18.135,65.287
856,498,car,0.7306,382.5,86.0,365,70,400,102,0.087,-0.168,30.606,21.816,78.539
856,501,car,0.6808,117.0,55.5,95,41,139,70,0.087,-0.168,36.71,16.452,59.226
856,503,car,0.7576,362.5,155.0,337,132,388,178,0.087,-0.168,19.722,17.961,64.659
856,509,car,0.7526,161.0,30.0,144,18,178,42,0.087,-0.168,51.429,16.16,58.177
856,511,car,0.6117,416.0,255.0,380,213,452,297,0.087,-0.168,12.022,13.59,48.925
856,512,car,0.4982,195.0,18.0,182,10,208,26,0.087,-0.168,58.466,11.706,42.142
856,513,car,0.64,176.5,284.5,112,231,241,338,0.087,-0.168,11.045,11.681,42.053
857,468,car,0.7724,407.5,42.5,396,33,419,52,0.005,-0.119,46.756,26.552,95.589
857,472,car,0.6878,491.5,46.0,481,37,502,55,0.005,-0.119,43.465,24.502,88.208
857,494,car,0.4949,448.5,48.5,435,34,462,63,0.005,-0.119,37.083,22.378,80.561
857,497,car,0.6432,31.5,112.5,0,94,63,131,0.005,-0.119,23.214,18.24,65.663
857,498,car,0.7417,383.0,84.5,365,69,401,100,0.005,-0.119,31.487,23.0,82.8
857,501,car,0.8193,110.5,58.0,88,43,133,73,0.005,-0.119,36.6,16.261,58.539
857,503,car,0.7905,363.0,149.5,336,126,390,173,0.005,-0.119,20.491,19.173,69.024
857,509,car,0.7384,157.5,31.0,140,19,175,43,0.005,-0.119,51.07,15.844,57.037
857,511,car,0.5731,418.0,241.0,384,202,452,280,0.005,-0.119,12.749,14.293,51.454
857,512,car,0.5884,192.5,18.5,180,10,205,27,0.005,-0.119,57.773,12.121,43.635
857,513,car,0.7026,191.5,266.5,132,218,251,315,0.005,-0.119,11.878,13.137,47.294
857,518,car,0.6249,21.0,113.5,0,95,42,132,0.005,-0.119,23.27,0.0,0.0
858,468,car,0.739,408.0,41.5,396,32,420,51,-0.024,-0.078,47.596,27.143,97.715
858,472,car,0.7149,491.0,45.0,481,36,501,54,-0.024,-0.078,44.686,24.69,88.882
858,494,car,0.4217,448.5,47.5,435,34,462,61,-0.024,-0.078,37.823,22.012,79.243
858,498,car,0.6819,384.0,81.5,366,66,402,97,-0.024,-0.078,32.583,24.146,86.925
858,501,car,0.8058,104.0,59.5,81,44,127,75,-0.024,-0.078,36.151,15.999,57.596
858,503,car,0.7783,366.5,144.5,343,123,390,166,-0.024,-0.078,21.173,20.074,72.266
858,509,car,0.6668,153.5,32.0,136,20,171,44,-0.024,-0.078,50.65,15.6,56.159
858,511,truck,0.5721,420.0,228.0,387,192,453,264,-0.024,-0.078,13.575,15.039,54.139
858,512,car,0.5696,190.0,19.0,177,10,203,28,-0.024,-0.078,56.872,12.763,45.948
858,513,car,0.7005,205.0,250.0,150,205,260,295,-0.024,-0.078,12.712,14.561,52.421
858,518,car,0.7327,21.0,117.0,0,97,42,137,-0.024,-0.078,22.743,0.0,0.0
859,468,car,0.7601,408.0,40.5,396,31,420,50,0.054,-0.093,48.282,27.435,98.764
859,472,car,0.7036,491.0,44.0,481,35,501,53,0.054,-0.093,45.938,25.131,90.471
859,494,car,0.2731,448.5,47.0,436,34,461,60,0.054,-0.093,37.582,21.067,75.839
859,498,car,0.6122,384.5,79.0,367,64,402,94,0.054,-0.093,33.325,24.93,89.748
859,501,car,0.8299,99.0,62.0,75,47,123,77,0.054,-0.093,34.995,16.244,58.48
859,503,car,0.6432,369.5,138.5,347,118,392,159,0.054,-0.093,22.188,20.991,75.568
859,509,car,0.7103,149.0,33.5,131,21,167,46,0.054,-0.093,49.912,15.683,56.461
859,511,car,0.6223,422.0,215.5,391,182,453,249,0.054,-0.093,14.386,15.798,56.874
859,512,car,0.6808,187.5,19.5,175,10,200,29,0.054,-0.093,55.614,13.806,49.702
859,513,car,0.5286,216.0,235.5,165,194,267,277,0.054,-0.093,13.462,15.757,56.724
859,518,car,0.6711,20.5,121.5,0,101,41,142,0.054,-0.093,22.164,0.0,0.0
860,468,car,0.7606,408.5,40.0,397,31,420,49,0.033,-0.098,48.74,27.312,98.323
860,472,car,0.7444,490.0,42.5,480,33,500,52,0.033,-0.098,47.38,25.902,93.246
860,494,car,0.3547,448.0,46.0,436,34,460,58,0.033,-0.098,38.44,20.525,73.89
860,498,car,0.8011,386.5,76.0,370,61,403,91,0.033,-0.098,34.271,25.616,92.219
860,501,car,0.8062,91.5,64.0,67,49,116,79,0.033,-0.098,34.008,16.727,60.216
860,503,car,0.7238,371.5,133.5,350,114,393,153,0.033,-0.098,23.061,21.763,78.348
860,509,car,0.8045,144.5,34.5,126,22,163,47,0.033,-0.098,49.119,15.86,57.096
860,511,car,0.8076,423.0,205.0,393,174,453,236,0.033,-0.098,15.078,16.45,59.221
860,512,car,0.6108,185.5,20.5,172,11,199,30,0.033,-0.098,54.391,15.165,54.593
860,513,truck,0.536,226.5,222.0,179,183,274,261,0.033,-0.098,14.329,16.275,58.589
860,518,car,0.5454,15.5,125.0,0,106,31,144,0.033,-0.098,21.686,0.0,0.0
861,468,car,0.7276,409.0,38.0,398,29,420,47,0.035,-0.063,40.611,25.28,91.008
861,472,car,0.6159,489.5,41.0,479,31,500,51,0.035,-0.063,40.188,23.095,83.144
861,494,car,0.4164,448.0,44.5,436,33,460,56,0.035,-0.063,36.508,18.449,66.417
861,498,car,0.845,387.5,73.0,372,57,403,89,0.035,-0.063,26.674,23.204,83.535
861,501,car,0.7978,84.0,66.0,59,50,109,82,0.035,-0.063,28.58,20.389,73.399
861,503,car,0.7715,373.5,129.5,353,111,394,148,0.035,-0.063,17.34,19.178,69.042
861,509,car,0.787,140.5,35.5,122,23,159,48,0.035,-0.063,39.948,20.618,74.225
861,511,car,0.8006,424.5,195.0,396,166,453,224,0.035,-0.063,11.853,14.774,53.185
861,512,car,0.6671,182.5,21.5,169,12,196,31,0.035,-0.063,50.783,18.287,65.834
861,513,car,0.5514,236.0,210.0,192,173,280,247,0.035,-0.063,11.517,14.876,53.552
861,522,car,0.3231,447.5,41.0,434,26,461,56,0.035,-0.063,36.655,0.0,0.0
862,468,car,0.6714,409.5,37.5,399,29,420,46,0.029,-0.102,40.613,23.28,83.808
862,472,car,0.561,489.0,39.5,478,30,500,49,0.029,-0.102,40.446,20.398,73.432
862,494,car,0.3512,448.0,41.0,436,28,460,54,0.029,-0.102,36.555,16.871,60.735
862,498,car,0.7241,389.0,71.0,374,56,404,86,0.029,-0.102,26.783,20.883,75.179
862,501,car,0.8338,77.0,69.0,51,53,103,85,0.029,-0.102,28.272,22.869,82.328
862,503,car,0.7548,375.0,124.5,354,106,396,143,0.029,-0.102,17.568,16.894,60.819
862,509,car,0.8039,136.0,37.0,117,24,155,50,0.029,-0.102,39.713,24.936,89.769
862,511,car,0.8046,426.5,185.5,399,158,454,213,0.029,-0.102,12.257,13.46,48.454
862,512,car,0.6956,179.0,22.0,165,12,193,32,0.029,-0.102,50.669,20.152,72.546
862,513,car,0.4686,244.5,199.0,203,165,286,233,0.029,-0.102,12.095,13.793,49.655
862,522,truck,0.3842,447.5,37.5,434,20,461,55,0.029,-0.102,37.285,0.0,0.0
863,468,car,0.6447,410.0,36.0,399,28,421,44,-0.011,-0.061,40.722,21.212,76.362
863,472,car,0.518,488.5,38.5,478,29,499,48,-0.011,-0.061,40.609,17.885,64.387
863,494,car,0.3652,448.0,38.0,436,23,460,53,-0.011,-0.061,36.761,15.486,55.751
863,498,car,0.7573,390.5,69.0,376,55,405,83,-0.011,-0.061,27.034,18.603,66.97
863,501,car,0.8306,69.0,71.0,42,54,96,88,-0.011,-0.061,27.996,24.244,87.28
863,503,car,0.8157,376.5,119.5,356,101,397,138,-0.011,-0.061,18.179,14.957,53.844
863,509,car,0.6646,131.5,38.5,112,25,151,52,-0.011,-0.061,39.539,27.605,99.377
863,511,car,0.7627,426.5,176.5,400,150,453,203,-0.011,-0.061,12.844,12.555,45.199
863,512,car,0.6806,176.0,23.0,162,13,190,33,-0.011,-0.061,50.463,21.244,76.477
863,513,car,0.5327,253.0,189.0,214,156,292,222,-0.011,-0.061,13.071,13.258,47.728
863,522,truck,0.3656,447.5,35.5,434,17,461,54,-0.011,-0.061,38.01,0.0,0.0
864,468,car,0.6403,410.0,35.5,399,28,421,43,-0.013,-0.056,40.745,19.234,69.243
864,472,car,0.6107,488.0,37.5,477,28,499,47,-0.013,-0.056,41.537,15.557,56.004
864,498,car,0.7621,391.0,67.0,377,53,405,81,-0.013,-0.056,27.725,16.179,58.243
864,501,car,0.631,64.5,73.5,39,57,90,90,-0.013,-0.056,27.685,25.053,90.191
864,503,car,0.7638,377.5,116.5,358,99,397,134,-0.013,-0.056,19.259,13.662,49.184
864,509,car,0.6424,126.0,40.5,106,27,146,54,-0.013,-0.056,39.497,28.949,104.216
864,511,car,0.8613,427.5,169.0,402,143,453,195,-0.013,-0.056,15.063,12.984,46.742
864,512,car,0.7385,173.0,24.0,159,14,187,34,-0.013,-0.056,50.318,21.665,77.993
864,513,car,0.5069,260.0,179.5,223,148,297,211,-0.013,-0.056,14.984,13.779,49.603
864,522,car,0.5007,447.5,34.0,434,16,461,52,-0.013,-0.056,38.934,0.0,0.0
865,468,car,0.585,410.5,34.0,399,26,422,42,-0.033,-0.021,41.883,16.779,60.403
865,472,car,0.6176,487.5,36.0,477,26,498,46,-0.033,-0.021,43.372,14.758,53.131
865,498,car,0.7861,392.0,65.5,378,52,406,79,-0.033,-0.021,29.427,14.8,53.28
865,501,car,0.6254,54.0,77.0,26,60,82,94,-0.033,-0.021,27.434,25.212,90.763
865,503,car,0.806,379.5,112.5,360,95,399,130,-0.033,-0.021,21.818,14.134,50.883
865,509,car,0.7237,121.5,41.5,101,28,142,55,-0.033,-0.021,39.692,29.073,104.661
865,511,car,0.8326,428.5,161.0,404,136,453,186,-0.033,-0.021,16.333,13.866,49.919
865,512,car,0.797,169.5,24.5,155,14,184,35,-0.033,-0.021,50.164,21.54,77.544
865,513,truck,0.5372,266.5,171.5,231,142,302,201,-0.033,-0.021,15.822,14.395,51.823
865,522,car,0.4508,448.5,33.5,435,16,462,51,-0.033,-0.021,39.338,6.755,24.319
865,494,truck,0.2585,448.0,34.0,435,18,461,50,-0.033,-0.021,38.574,15.453,55.631
866,468,car,0.5464,410.5,32.0,399,23,422,41,0.018,-0.075,45.126,16.408,59.069
866,472,car,0.5871,487.0,35.0,476,25,498,45,0.018,-0.075,44.937,14.862,53.504
866,498,car,0.7925,392.5,63.5,378,50,407,77,0.018,-0.075,31.756,15.049,54.175
866,501,car,0.6805,45.5,79.5,17,62,74,97,0.018,-0.075,27.515,24.666,88.796
866,503,car,0.7322,381.0,108.0,362,91,400,125,0.018,-0.075,23.095,15.036,54.131
866,509,car,0.7279,115.5,43.0,95,29,136,57,0.018,-0.075,39.918,28.396,102.224
866,511,car,0.8308,430.0,154.0,406,130,454,178,0.018,-0.075,17.108,14.71,52.958
866,512,car,0.7536,166.5,25.5,152,15,181,36,0.018,-0.075,49.897,21.218,76.384
866,513,car,0.5178,273.0,163.5,239,135,307,192,0.018,-0.075,16.534,15.013,54.048
866,494,truck,0.3049,448.0,32.5,435,16,461,49,0.018,-0.075,39.826,15.708,56.547
867,468,car,0.6746,411.0,31.0,400,21,422,41,-0.028,-0.057,46.304,16.498,59.394
867,472,car,0.4878,487.0,34.5,476,25,498,44,-0.028,-0.057,45.737,15.129,54.463
867,498,car,0.8015,393.0,62.0,379,49,407,75,-0.028,-0.057,33.061,15.756,56.722
867,501,car,0.717,35.0,81.0,5,63,65,99,-0.028,-0.057,27.646,23.654,85.154
867,503,car,0.7464,382.0,105.0,363,89,401,121,-0.028,-0.057,23.682,15.717,56.581
867,509,car,0.6667,110.5,44.5,89,30,132,59,-0.028,-0.057,39.899,27.288,98.237
867,511,car,0.8403,431.0,147.5,408,125,454,170,-0.028,-0.057,17.806,15.468,55.684
867,512,car,0.6904,163.5,27.0,149,16,178,38,-0.028,-0.057,49.259,21.008,75.627
867,513,car,0.4858,278.5,156.0,247,129,310,183,-0.028,-0.057,17.239,15.61,56.195
868,468,car,0.7022,411.5,30.0,400,20,423,40,-0.025,-0.024,47.323,16.898,60.832
868,472,car,0.5238,487.0,33.5,476,24,498,43,-0.025,-0.024,46.979,15.873,57.144
868,498,car,0.7815,394.0,60.5,380,48,408,73,-0.025,-0.024,34.022,16.573,59.661
868,501,car,0.3043,29.5,84.0,0,66,59,102,-0.025,-0.024,27.011,22.876,82.354
868,503,car,0.7151,382.5,100.5,364,84,401,117,-0.025,-0.024,24.535,16.5,59.4
868,509,car,0.6898,105.0,46.5,83,32,127,61,-0.025,-0.024,39.695,26.09,93.925
868,511,car,0.7977,432.0,141.5,410,120,454,163,-0.025,-0.024,18.514,16.151,58.145
868,512,car,0.7551,159.5,28.0,144,17,175,39,-0.025,-0.024,48.853,20.636,74.29
868,513,truck,0.5405,283.5,149.5,253,124,314,175,-0.025,-0.024,18.014,16.208,58.35
868,526,car,0.4381,18.5,85.5,0,68,37,103,-0.025,-0.024,27.316,0.0,0.0
868,494,car,0.4061,447.5,31.5,435,17,460,46,-0.025,-0.024,40.341,15.873,57.144
869,468,car,0.6825,411.5,29.0,400,20,423,38,-0.021,-0.064,48.09,17.334,62.403
869,472,car,0.5333,486.0,33.0,476,24,496,42,-0.021,-0.064,47.425,16.315,58.734
869,498,car,0.7275,395.0,58.5,381,46,409,71,-0.021,-0.064,35.142,17.581,63.291
869,503,car,0.7987,384.0,97.5,366,82,402,113,-0.021,-0.064,25.2,17.104,61.573
869,509,car,0.7442,99.0,47.5,76,33,122,62,-0.021,-0.064,39.636,24.656,88.762
869,511,car,0.8414,433.0,135.5,411,115,455,156,-0.021,-0.064,19.283,16.816,60.537
869,512,car,0.7406,156.0,29.0,140,18,172,40,-0.021,-0.064,48.096,20.423,73.522
869,513,truck,0.5919,289.0,143.0,260,118,318,168,-0.021,-0.064,18.784,16.809,60.511
869,526,car,0.4594,18.5,88.0,0,70,37,106,-0.021,-0.064,26.821,0.0,0.0
869,494,car,0.4056,448.0,31.0,436,17,460,45,-0.021,-0.064,40.53,15.74,56.664
870,468,car,0.6322,412.0,28.5,401,20,423,37,0.036,-0.055,48.622,17.595,63.341
870,472,car,0.5549,485.0,32.0,475,24,495,40,0.036,-0.055,48.374,16.963,61.068
870,498,car,0.7162,395.5,56.5,382,44,409,69,0.036,-0.055,35.898,18.446,66.405
870,503,car,0.7408,384.5,94.5,367,79,402,110,0.036,-0.055,25.535,17.403,62.651
870,509,car,0.8346,92.5,49.5,69,34,116,65,0.036,-0.055,38.477,23.927,86.136
870,511,car,0.7945,433.5,130.5,412,111,455,150,0.036,-0.055,19.938,17.353,62.469
870,512,car,0.6847,152.5,30.0,137,19,168,41,0.036,-0.055,46.237,21.079,75.885
870,513,car,0.6466,293.5,137.5,266,114,321,161,0.036,-0.055,19.561,17.384,62.583
870,526,car,0.4729,19.5,92.0,0,73,39,111,0.036,-0.055,25.893,0.0,0.0
870,494,car,0.3455,447.5,30.0,436,17,459,43,0.036,-0.055,41.274,15.836,57.008
871,468,car,0.645,413.0,27.5,402,19,424,36,-0.021,-0.042,50.516,18.73,67.429
871,472,car,0.5895,484.5,30.5,475,22,494,39,-0.021,-0.042,49.623,17.962,64.664
871,498,car,0.7204,395.5,55.0,382,43,409,67,-0.021,-0.042,34.026,17.398,62.634
871,503,car,0.7975,384.5,92.0,367,77,402,107,-0.021,-0.042,24.674,16.666,59.996
871,509,car,0.7921,86.0,50.5,62,34,110,67,-0.021,-0.042,36.677,23.974,86.308
871,511,car,0.8251,433.5,125.5,412,106,455,145,-0.021,-0.042,18.235,16.289,58.641
871,512,car,0.6444,149.0,31.5,133,20,165,43,-0.021,-0.042,46.923,20.683,74.46
871,513,truck,0.4628,298.0,132.5,271,110,325,155,-0.021,-0.042,17.987,16.422,59.12
872,468,car,0.6149,413.0,27.0,402,19,424,35,0.049,-0.04,50.662,19.193,69.095
872,472,car,0.5704,483.5,28.5,474,20,493,37,0.049,-0.04,50.46,18.921,68.117
872,498,car,0.661,396.0,53.5,382,42,410,65,0.049,-0.04,34.153,16.353,58.87
872,503,car,0.7376,385.0,89.0,367,74,403,104,0.049,-0.04,24.94,15.979,57.523
872,509,car,0.7584,80.5,52.5,56,36,105,69,0.049,-0.04,36.365,23.773,85.584
872,511,car,0.7822,434.5,121.0,414,102,455,140,0.049,-0.04,18.474,15.326,55.175
872,512,car,0.7566,144.5,32.5,128,21,161,44,0.049,-0.04,46.584,20.165,72.593
872,513,car,0.5371,302.0,126.5,276,104,328,149,0.049,-0.04,18.44,15.72,56.592
873,468,car,0.462,413.5,26.0,403,18,424,34,-0.015,-0.044,51.02,19.394,69.818
873,472,car,0.542,483.0,27.5,474,19,492,36,-0.015,-0.044,51.167,19.6,70.562
873,498,car,0.6842,397.0,51.5,383,39,411,64,-0.015,-0.044,34.691,15.652,56.346
873,503,car,0.7178,386.5,86.5,368,72,405,101,-0.015,-0.044,25.587,15.55,55.98
873,509,car,0.7429,73.5,54.5,48,38,99,71,-0.015,-0.044,36.045,23.339,84.02
873,511,car,0.8182,435.5,116.0,416,98,455,134,-0.015,-0.044,19.268,14.848,53.452
873,512,car,0.7255,140.5,34.0,123,22,158,46,-0.015,-0.044,46.298,19.588,70.518
873,513,car,0.592,306.0,121.0,281,99,331,143,-0.015,-0.044,19.684,15.674,56.426
874,468,car,0.3919,413.5,26.0,403,18,424,34,0.007,-0.056,51.02,19.027,68.496
874,472,car,0.5782,482.5,26.0,474,17,491,35,0.007,-0.056,53.22,21.108,75.988
874,498,car,0.593,398.0,50.0,385,38,411,62,0.007,-0.056,35.253,15.151,54.542
874,503,car,0.6733,388.5,83.5,371,69,406,98,0.007,-0.056,27.733,16.352,58.867
874,509,car,0.7448,67.5,56.5,41,40,94,73,0.007,-0.056,35.812,22.671,81.616
874,511,car,0.7893,436.0,112.0,417,94,455,130,0.007,-0.056,21.241,15.444,55.6
874,512,car,0.7483,136.5,35.0,119,23,154,47,0.007,-0.056,46.298,18.726,67.414
874,513,car,0.747,310.0,116.0,286,95,334,137,0.007,-0.056,22.424,17.097,61.549
874,494,car,0.4298,447.0,27.0,436,15,458,39,0.007,-0.056,45.904,18.861,67.901
875,472,car,0.5535,482.0,25.0,473,16,491,34,0.023,-0.034,54.766,22.752,81.906
875,498,car,0.6037,399.0,48.0,386,36,412,60,0.023,-0.034,37.561,16.046,57.767
875,503,car,0.7379,390.0,81.0,374,67,406,95,0.023,-0.034,29.724,17.888,64.397
875,509,car,0.7456,61.0,59.0,35,42,87,76,0.023,-0.034,35.021,22.269,80.169
875,511,car,0.7786,437.5,108.0,419,91,456,125,0.023,-0.034,23.562,17.086,61.511
875,512,car,0.768,133.0,36.5,116,25,150,48,0.023,-0.034,46.196,17.819,64.147
875,513,car,0.7591,313.5,112.0,290,92,337,132,0.023,-0.034,23.935,18.744,67.478
875,494,car,0.3895,447.0,26.0,436,14,458,38,0.023,-0.034,46.065,20.614,74.212
876,472,car,0.5384,481.5,24.5,473,16,490,33,0.001,-0.091,55.394,23.817,85.741
876,498,car,0.6364,399.5,47.0,387,35,412,59,0.001,-0.091,38.891,17.177,61.839
876,503,car,0.7288,390.5,79.0,375,65,406,93,0.001,-0.091,30.628,19.196,69.106
876,509,car,0.6542,52.0,61.0,24,44,80,78,0.001,-0.091,34.68,21.791,78.446
876,511,car,0.8019,438.0,104.0,420,87,456,121,0.001,-0.091,24.544,18.56,66.815
876,512,car,0.7065,129.0,37.0,111,25,147,49,0.001,-0.091,46.708,16.502,59.406
876,513,car,0.7578,316.5,108.0,294,89,339,127,0.001,-0.091,24.905,20.18,72.647
876,494,car,0.2572,446.5,26.0,436,15,457,37,0.001,-0.091,45.968,21.285,76.625
877,472,car,0.505,481.0,24.5,473,16,489,33,0.027,-0.077,55.177,23.871,85.937
877,498,car,0.5812,400.0,45.0,388,33,412,57,0.027,-0.077,41.378,19.365,69.715
877,503,car,0.687,391.5,76.5,377,63,406,90,0.027,-0.077,31.493,20.328,73.182
877,509,car,0.8153,44.5,63.5,16,46,73,81,0.027,-0.077,34.681,20.998,75.593
877,511,car,0.7733,438.0,100.5,420,84,456,117,0.027,-0.077,25.381,19.773,71.182
877,512,car,0.7416,124.0,38.0,106,26,142,50,0.027,-0.077,47.196,15.42,55.514
877,513,car,0.6107,320.0,104.5,298,85,342,124,0.027,-0.077,25.653,21.268,76.563
877,533,car,0.4714,697.5,421.5,612,374,783,469,0.027,-0.077,6.202,0.0,0.0
878,472,car,0.5282,480.5,23.5,472,15,489,32,-0.0,-0.035,56.569,24.42,87.911
878,498,car,0.5579,400.5,44.0,388,33,413,55,-0.0,-0.035,42.65,21.328,76.782
878,503,car,0.577,392.5,74.0,378,60,407,88,-0.0,-0.035,32.241,21.213,76.369
878,509,car,0.6586,35.5,64.5,5,47,66,82,-0.0,-0.035,34.786,19.997,71.988
878,511,car,0.808,438.5,96.5,421,80,456,113,-0.0,-0.035,26.373,20.909,75.272
878,512,car,0.6982,119.5,40.0,101,28,138,52,-0.0,-0.035,46.769,14.549,52.375
878,513,car,0.576,323.0,101.0,302,82,344,120,-0.0,-0.035,26.394,22.093,79.535
878,533,truck,0.2939,689.5,412.0,614,355,765,469,-0.0,-0.035,6.368,0.0,0.0
879,472,car,0.5566,480.5,23.5,472,15,489,32,-0.03,-0.099,56.569,24.185,87.065
879,498,car,0.4474,401.0,43.0,389,32,413,54,-0.03,-0.099,43.475,22.83,82.188
879,503,car,0.5649,393.5,71.0,379,57,408,85,-0.03,-0.099,33.03,21.95,79.019
879,509,car,0.6219,29.5,66.5,0,48,59,85,-0.03,-0.099,33.839,19.324,69.567
879,511,car,0.7963,438.5,93.5,421,78,456,109,-0.03,-0.099,27.127,21.748,78.292
879,512,car,0.6965,115.0,42.0,96,30,134,54,-0.03,-0.099,46.091,13.985,50.346
879,513,car,0.6084,326.0,97.0,306,79,346,115,-0.03,-0.099,27.265,22.812,82.124
879,533,car,0.4042,670.5,400.0,598,333,743,467,-0.03,-0.099,6.584,0.0,0.0
880,472,car,0.6006,480.5,23.0,472,15,489,31,0.0,-0.099,57.275,24.002,86.408
880,498,car,0.569,402.0,42.0,390,31,414,53,0.0,-0.099,44.306,23.979,86.324
880,503,car,0.5917,393.5,69.0,379,55,408,83,0.0,-0.099,33.282,22.139,79.699
880,509,car,0.3361,24.0,70.0,0,52,48,88,0.0,-0.099,31.95,19.82,71.353
880,511,car,0.7247,438.5,90.0,421,75,456,105,0.0,-0.099,28.03,22.51,81.037
880,512,car,0.7174,110.0,43.0,91,30,129,56,0.0,-0.099,45.025,13.808,49.708
880,513,car,0.4992,329.0,93.0,309,76,349,110,0.0,-0.099,28.14,23.434,84.362
880,533,car,0.5795,660.5,378.5,597,311,724,446,0.0,-0.099,6.994,0.0,0.0
881,472,car,0.6176,480.5,23.0,472,16,489,30,-0.035,-0.088,51.17,21.673,78.024
881,498,car,0.5466,401.5,41.5,390,31,413,52,-0.035,-0.088,35.04,22.781,82.012
881,503,car,0.4699,394.0,67.5,380,54,408,81,-0.035,-0.088,26.173,20.667,74.4
881,509,car,0.6515,18.5,72.5,0,55,37,90,-0.035,-0.088,27.44,22.948,82.614
881,511,car,0.7615,438.5,87.0,421,72,456,102,-0.035,-0.088,20.995,20.476,73.713
881,512,car,0.7332,105.0,44.0,85,31,125,57,-0.035,-0.088,34.496,17.95,64.621
881,513,car,0.7547,331.0,90.0,312,73,350,107,-0.035,-0.088,20.644,21.627,77.858
881,533,truck,0.4929,646.5,356.0,586,292,707,420,-0.035,-0.088,5.649,6.601,23.762
882,472,car,0.5088,480.5,23.0,472,16,489,30,-0.023,-0.058,51.17,19.502,70.208
882,498,car,0.555,402.0,40.5,391,30,413,51,-0.023,-0.058,35.176,21.296,76.664
882,503,car,0.4794,395.0,65.0,381,52,409,78,-0.023,-0.058,26.453,18.964,68.269
882,509,car,0.6561,15.5,74.0,0,56,31,92,-0.023,-0.058,27.374,24.833,89.399
882,511,car,0.8132,438.5,84.5,422,70,455,99,-0.023,-0.058,21.081,18.489,66.56
882,512,car,0.7726,100.0,46.0,80,33,120,59,-0.023,-0.058,33.43,23.335,84.007
882,513,car,0.6379,333.5,86.0,315,69,352,103,-0.023,-0.058,20.948,19.701,70.925
882,533,car,0.6821,638.5,334.0,584,275,693,393,-0.023,-0.058,5.764,6.728,24.221
883,472,car,0.342,479.5,22.5,471,16,488,29,-0.039,-0.081,51.262,17.479,62.924
883,498,car,0.4401,403.0,40.0,392,30,414,50,-0.039,-0.081,35.318,19.681,70.85
883,503,car,0.4528,396.0,63.5,382,51,410,76,-0.039,-0.081,26.878,17.035,61.326
883,509,car,0.5846,12.5,76.0,0,58,25,94,-0.039,-0.081,26.949,25.973,93.502
883,511,car,0.7288,438.5,81.0,422,67,455,95,-0.039,-0.081,21.931,16.243,58.474
883,512,car,0.7614,94.5,47.0,74,34,115,60,-0.039,-0.081,33.075,27.113,97.606
883,513,car,0.6561,335.5,83.5,318,68,353,99,-0.039,-0.081,21.414,17.558,63.209
883,533,car,0.4918,627.5,312.5,575,257,680,368,-0.039,-0.081,6.366,6.43,23.149
883,540,car,0.3721,246.0,6.0,236,0,256,12,-0.039,-0.081,74.573,0.0,0.0
884,472,car,0.2913,479.0,21.5,471,15,487,28,-0.055,-0.072,51.399,15.508,55.828
884,498,car,0.4256,403.5,39.0,392,29,415,49,-0.055,-0.072,35.562,17.878,64.361
884,503,car,0.4757,396.0,62.0,381,51,411,73,-0.055,-0.072,28.113,14.745,53.082
884,509,car,0.4945,8.5,77.5,0,61,17,94,-0.055,-0.072,26.418,26.509,95.434
884,511,car,0.7505,439.5,79.0,423,65,456,93,-0.055,-0.072,23.22,14.478,52.12
884,512,car,0.8323,88.5,49.5,67,36,110,63,-0.055,-0.072,32.55,29.674,106.826
884,513,car,0.5632,338.0,80.5,320,65,356,96,-0.055,-0.072,23.786,16.065,57.835
884,533,car,0.741,617.0,294.5,566,242,668,347,-0.055,-0.072,7.566,6.619,23.83
885,472,car,0.2787,479.0,20.5,471,14,487,27,0.073,-0.064,51.753,13.55,48.781
885,498,car,0.4687,404.0,37.5,392,27,416,48,0.073,-0.064,36.24,15.76,56.737
885,503,car,0.497,396.0,61.0,381,50,411,72,0.073,-0.064,28.766,13.079,47.085
885,511,car,0.7978,440.0,76.5,424,63,456,90,0.073,-0.064,25.099,14.129,50.865
885,512,car,0.8338,83.0,51.0,61,37,105,65,0.073,-0.064,32.507,30.822,110.96
885,513,car,0.5536,340.5,78.5,323,63,358,94,0.073,-0.064,25.438,15.658,56.369
885,533,car,0.5822,611.0,278.0,565,230,657,326,0.073,-0.064,8.365,7.469,26.889
886,472,car,0.3708,478.5,19.5,471,13,486,26,-0.051,-0.041,52.497,11.985,43.146
886,498,car,0.4255,404.0,36.0,392,26,416,46,-0.051,-0.041,37.626,14.045,50.562
886,503,car,0.4483,396.5,59.5,382,49,411,70,-0.051,-0.041,29.734,12.264,44.151
886,511,car,0.8051,440.0,74.0,424,60,456,88,-0.051,-0.041,26.466,14.485,52.146
886,512,car,0.8108,77.0,53.0,54,39,100,67,-0.051,-0.041,32.545,30.945,111.4
886,513,car,0.4309,342.0,76.0,326,61,358,91,-0.051,-0.041,26.548,15.787,56.833
886,533,car,0.5356,604.5,263.0,561,218,648,308,-0.051,-0.041,8.874,8.327,29.975
886,547,car,0.4032,299.5,16.0,289,9,310,23,-0.051,-0.041,56.996,0.0,0.0
887,472,car,0.2552,478.5,19.0,471,12,486,26,-0.029,-0.081,53.504,11.14,40.105
887,498,car,0.4177,404.5,35.5,393,26,416,45,-0.029,-0.081,38.428,12.921,46.515
887,503,car,0.4918,397.5,58.0,383,47,412,69,-0.029,-0.081,30.563,11.963,43.065
887,511,car,0.7853,440.5,71.0,425,57,456,85,-0.029,-0.081,27.661,15.256,54.92
887,512,car,0.8494,71.0,54.5,48,40,94,69,-0.029,-0.081,32.824,30.103,108.37
887,513,car,0.6233,344.0,73.0,328,58,360,88,-0.029,-0.081,27.623,16.282,58.616
887,533,car,0.6307,597.5,250.5,556,208,639,293,-0.029,-0.081,9.311,9.007,32.425
887,547,car,0.408,298.0,16.5,288,9,308,24,-0.029,-0.081,57.101,0.0,0.0
888,498,car,0.3227,404.5,34.0,393,24,416,44,-0.049,-0.035,40.882,13.564,48.831
888,503,car,0.4292,398.5,56.5,384,47,413,66,-0.049,-0.035,31.252,11.956,43.041
888,511,car,0.7772,441.0,68.5,426,55,456,82,-0.049,-0.035,28.607,16.106,57.983
888,512,car,0.7863,64.5,56.0,41,42,88,70,-0.049,-0.035,32.843,28.797,103.669
888,513,car,0.6227,346.5,70.5,331,56,362,85,-0.049,-0.035,28.414,16.807,60.504
888,533,car,0.6677,591.0,238.0,550,198,632,278,-0.049,-0.035,9.819,9.321,33.556
888,547,car,0.2537,297.0,17.0,287,9,307,25,-0.049,-0.035,57.012,0.0,0.0
889,498,car,0.3666,405.0,33.0,394,24,416,42,-0.026,-0.008,42.785,14.987,53.953
889,503,car,0.3849,400.0,55.0,385,46,415,64,-0.026,-0.008,31.912,12.143,43.716
889,511,car,0.7926,441.5,67.0,427,54,456,80,-0.026,-0.008,29.175,16.713,60.166
889,512,car,0.8173,59.5,58.0,37,43,82,73,-0.026,-0.008,31.906,27.917,100.503
889,513,car,0.6858,348.5,68.0,333,53,364,83,-0.026,-0.008,29.147,17.318,62.345
889,533,car,0.6177,586.0,227.0,547,188,625,266,-0.026,-0.008,10.338,9.684,34.862
889,547,car,0.3847,294.0,18.0,284,10,304,26,-0.026,-0.008,57.101,0.0,0.0
890,503,car,0.3614,400.0,53.5,386,44,414,63,-0.038,-0.039,32.432,12.36,44.495
890,511,car,0.7695,441.5,65.0,428,52,455,78,-0.038,-0.039,29.854,17.262,62.143
890,512,car,0.6109,52.0,60.0,28,45,76,75,-0.038,-0.039,29.993,27.942,100.59
890,513,car,0.6614,350.5,65.0,335,51,366,79,-0.038,-0.039,29.979,17.901,64.443
890,533,car,0.6941,581.0,217.5,545,180,617,255,-0.038,-0.039,10.806,10.036,36.13
890,547,car,0.5297,292.0,19.0,281,11,303,27,-0.038,-0.039,56.752,4.485,16.147
891,503,car,0.3669,400.5,51.0,387,41,414,61,-0.004,-0.02,30.247,11.039,39.74
891,511,car,0.6965,442.5,62.5,429,50,456,75,-0.004,-0.02,25.817,15.086,54.308
891,512,car,0.7434,44.0,62.5,18,47,70,78,-0.004,-0.02,24.407,31.35,112.859
891,513,car,0.8259,352.0,62.5,337,49,367,76,-0.004,-0.02,25.692,15.709,56.554
891,533,car,0.5811,576.5,207.5,541,172,612,243,-0.004,-0.02,9.113,9.185,33.065
891,547,car,0.5889,290.0,20.0,279,12,301,28,-0.004,-0.02,44.494,23.171,83.415
891,555,car,0.4146,262.5,14.5,250,5,275,24,-0.004,-0.02,50.801,0.0,0.0
892,503,car,0.3568,402.0,49.0,389,38,415,60,-0.045,-0.019,30.383,9.937,35.774
892,511,car,0.687,442.5,61.0,429,49,456,73,-0.045,-0.019,25.946,13.047,46.97
892,512,car,0.7002,36.5,63.5,10,48,63,79,-0.045,-0.019,24.52,32.956,118.642
892,513,car,0.5619,353.5,61.0,339,48,368,74,-0.045,-0.019,25.842,13.7,49.319
892,533,car,0.6295,572.0,199.0,538,165,606,233,-0.045,-0.019,9.3,8.451,30.422
892,547,car,0.5729,289.0,21.0,278,13,300,29,-0.045,-0.019,43.879,33.368,120.126
892,555,car,0.482,261.0,16.0,249,7,273,25,-0.045,-0.019,49.713,0.0,0.0
892,556,car,0.4393,228.0,11.5,217,4,239,19,-0.045,-0.019,54.567,0.0,0.0
893,503,car,0.3731,403.0,47.0,390,36,416,58,-0.043,-0.012,30.962,9.242,33.27
893,511,car,0.745,442.0,59.0,428,47,456,71,-0.043,-0.012,26.479,11.575,41.671
893,512,car,0.6248,29.5,66.0,2,50,57,82,-0.043,-0.012,25.299,32.879,118.363
893,513,car,0.489,355.0,59.0,341,46,369,72,-0.043,-0.012,26.245,12.076,43.474
893,533,car,0.5603,568.5,190.0,535,157,602,223,-0.043,-0.012,9.925,8.114,29.21
893,547,car,0.5137,286.5,22.0,276,14,297,30,-0.043,-0.012,43.496,37.772,135.978
893,555,car,0.4194,259.0,16.5,247,7,271,26,-0.043,-0.012,49.623,0.0,0.0
893,556,car,0.3986,226.0,12.0,215,5,237,19,-0.043,-0.012,54.296,0.0,0.0
894,503,car,0.3755,404.0,45.5,391,35,417,56,-0.0,0.004,32.123,9.257,33.324
894,511,car,0.7925,442.5,56.5,429,45,456,68,-0.0,0.004,27.423,10.897,39.23
894,512,car,0.4226,20.0,68.5,0,52,40,85,-0.0,0.004,25.898,31.596,113.747
894,513,car,0.515,356.0,57.0,342,44,370,70,-0.0,0.004,27.225,11.18,40.249
894,533,car,0.5918,566.5,184.0,536,153,597,215,-0.0,0.004,10.32,7.893,28.414
894,547,car,0.5155,285.0,23.0,274,15,296,31,-0.0,0.004,43.344,38.527,138.698
894,555,car,0.4493,258.0,17.0,246,8,270,26,-0.0,0.004,49.544,0.0,0.0
894,556,car,0.4026,224.0,12.5,213,5,235,20,-0.0,0.004,54.136,0.0,0.0
895,503,car,0.2847,404.0,44.5,391,35,417,54,-0.053,-0.034,32.735,9.441,33.989
895,511,car,0.7603,442.0,55.5,428,44,456,67,-0.053,-0.034,28.548,10.821,38.955
895,512,car,0.4161,17.0,70.5,0,53,34,88,-0.053,-0.034,25.995,30.06,108.215
895,513,car,0.628,357.0,55.5,344,43,370,68,-0.053,-0.034,28.269,10.947,39.409
895,533,car,0.652,562.5,176.0,533,146,592,206,-0.053,-0.034,12.369,8.918,32.106
895,547,car,0.4335,283.0,24.0,272,16,294,32,-0.053,-0.034,43.267,37.048,133.371
895,555,car,0.5362,255.5,18.0,243,9,268,27,-0.053,-0.034,49.422,4.039,14.541
895,556,car,0.4192,221.5,13.5,210,6,233,21,-0.053,-0.034,53.796,0.0,0.0
896,511,car,0.6637,442.0,53.5,428,42,456,65,0.004,-0.052,31.179,12.348,44.452
896,512,car,0.6123,15.5,73.0,0,56,31,90,0.004,-0.052,25.928,28.428,102.341
896,513,car,0.3432,359.0,53.5,346,41,372,66,0.004,-0.052,30.302,11.934,42.962
896,533,car,0.495,558.5,168.5,530,139,587,198,0.004,-0.052,13.2,10.017,36.061
896,547,car,0.5785,280.5,25.5,269,18,292,33,0.004,-0.052,43.183,34.537,124.333
896,555,car,0.5269,254.5,18.0,242,9,267,27,0.004,-0.052,49.616,3.34,12.026
896,556,car,0.3986,219.0,14.0,207,6,231,22,0.004,-0.052,53.936,5.096,18.344
897,511,car,0.568,442.0,51.5,429,41,455,62,-0.033,-0.046,32.894,14.346,51.645
897,512,car,0.3619,12.5,74.5,0,58,25,91,-0.033,-0.046,25.991,26.433,95.158
897,513,car,0.4008,360.5,52.0,348,40,373,64,-0.033,-0.046,31.539,13.201,47.524
897,533,car,0.7556,556.0,162.0,528,133,584,191,-0.033,-0.046,13.685,10.919,39.31
897,547,car,0.6122,278.5,27.0,267,19,290,35,-0.033,-0.046,43.117,33.229,119.624
897,555,car,0.4019,251.5,19.5,239,10,264,29,-0.033,-0.046,49.539,4.431,15.953
897,556,car,0.3452,216.0,14.5,204,7,228,22,-0.033,-0.046,54.28,5.6,20.161
897,498,car,0.2781,409.0,25.5,398,17,420,34,-0.033,-0.046,46.056,18.61,66.994
897,503,car,0.2801,405.5,42.5,393,33,418,52,-0.033,-0.046,34.494,10.631,38.271
898,511,car,0.683,442.5,50.0,430,39,455,61,-0.016,-0.01,33.823,16.09,57.922
898,513,car,0.2842,362.0,50.0,349,38,375,62,-0.016,-0.01,32.622,14.591,52.529
898,533,car,0.5522,554.5,156.5,529,129,580,184,-0.016,-0.01,14.117,11.621,41.836
898,547,car,0.5578,277.0,28.0,266,20,288,36,-0.016,-0.01,43.031,31.563,113.626
898,555,car,0.4312,250.0,20.5,237,11,263,30,-0.016,-0.01,49.28,4.207,15.144
898,556,car,0.4416,214.0,15.0,202,7,226,23,-0.016,-0.01,54.296,5.232,18.834
898,503,car,0.258,405.5,41.5,394,32,417,51,-0.016,-0.01,34.919,11.491,41.367
899,511,car,0.7232,443.0,48.5,431,38,455,59,-0.028,-0.016,34.589,17.518,63.063
899,513,car,0.5003,363.5,49.0,351,37,376,61,-0.028,-0.016,33.11,15.559,56.014
899,533,car,0.565,551.0,150.5,525,124,577,177,-0.028,-0.016,14.604,12.203,43.932
899,547,car,0.4917,273.5,28.5,262,20,285,37,-0.028,-0.016,43.094,29.603,106.572
899,555,car,0.5957,246.5,21.0,234,11,259,31,-0.028,-0.016,49.824,5.247,18.891
899,556,car,0.5025,211.5,15.5,199,7,224,24,-0.028,-0.016,54.299,5.335,19.206
899,503,car,0.2834,405.5,40.5,394,32,417,49,-0.028,-0.016,35.578,12.307,44.304
899,472,car,0.2592,474.0,11.0,467,5,481,17,-0.028,-0.016,62.036,14.482,52.136
900,511,car,0.7397,443.5,46.5,431,36,456,57,0.026,-0.077,35.723,18.961,68.261
900,513,car,0.5527,364.5,47.5,352,36,377,59,0.026,-0.077,33.679,16.327,58.779
900,533,car,0.4496,548.5,145.0,523,119,574,171,0.026,-0.077,15.058,12.663,45.587
900,547,car,0.5343,271.0,30.0,259,21,283,39,0.026,-0.077,42.501,28.01,100.835
900,555,car,0.651,243.5,22.0,230,12,257,32,0.026,-0.077,49.651,5.627,20.258
900,556,car,0.5008,208.5,16.5,196,8,221,25,0.026,-0.077,53.975,5.846,21.045
900,503,car,0.2626,405.5,40.0,394,32,417,48,0.026,-0.077,35.889,12.806,46.102
900,559,truck,0.3952,550.0,147.5,524,121,576,174,0.026,-0.077,14.84,0.0,0.0
900,472,car,0.2702,474.0,10.5,467,5,481,16,0.026,-0.077,62.597,18.355,66.078
901,511,car,0.7511,444.0,45.0,432,34,456,56,-0.118,0.041,30.99,16.517,59.462
901,513,car,0.588,366.0,45.0,354,34,378,56,-0.118,0.041,31.461,15.172,54.621
901,533,car,0.6184,546.0,140.5,521,115,571,166,-0.118,0.041,12.811,11.323,40.764
901,547,car,0.6355,269.5,31.0,257,21,282,41,-0.118,0.041,33.516,32.366,116.518
901,555,car,0.7219,241.5,22.5,228,12,255,33,-0.118,0.041,39.66,19.732,71.036
901,556,car,0.5607,206.0,17.5,193,9,219,26,-0.118,0.041,47.574,14.578,52.482
901,560,car,0.6241,266.5,428.5,204,382,329,475,-0.118,0.041,4.456,0.0,0.0
902,511,car,0.757,444.0,43.0,432,32,456,54,-0.009,-0.069,31.466,14.693,52.895
902,513,car,0.4833,366.5,43.0,355,32,378,54,-0.009,-0.069,31.595,14.039,50.541
902,533,car,0.7273,544.0,135.5,519,111,569,160,-0.009,-0.069,12.83,10.165,36.593
902,547,car,0.6052,267.5,32.0,255,22,280,42,-0.009,-0.069,33.445,34.827,125.376
902,555,car,0.5915,240.0,23.5,227,13,253,34,-0.009,-0.069,39.329,22.927,82.539
902,556,car,0.5017,203.5,17.5,191,9,216,26,-0.009,-0.069,47.52,18.536,66.728
902,560,car,0.8594,275.0,416.5,214,359,336,474,-0.009,-0.069,4.602,0.0,0.0
902,561,car,0.3953,407.5,32.5,395,18,420,47,-0.009,-0.069,36.836,0.0,0.0
903,511,car,0.6705,444.5,42.0,433,31,456,53,0.017,-0.136,31.91,13.261,47.739
903,513,car,0.3374,367.5,42.5,356,32,379,53,0.017,-0.136,31.67,12.871,46.335
903,533,car,0.6665,541.5,131.0,517,107,566,155,0.017,-0.136,13.031,9.226,33.215
903,547,car,0.5621,265.5,33.5,252,24,279,43,0.017,-0.136,33.377,35.906,129.263
903,555,car,0.6608,237.0,24.5,224,13,250,36,0.017,-0.136,39.373,24.644,88.719
903,556,car,0.6026,200.5,18.5,187,10,214,27,0.017,-0.136,47.334,19.272,69.38
903,560,car,0.8532,287.5,395.0,231,332,344,458,0.017,-0.136,4.925,0.0,0.0
903,561,car,0.3593,408.0,31.5,395,17,421,46,0.017,-0.136,37.265,0.0,0.0
903,563,car,0.4182,307.0,10.5,297,3,317,18,0.017,-0.136,49.023,0.0,0.0
904,511,car,0.633,444.5,41.0,433,31,456,51,0.036,-0.115,32.734,12.489,44.961
904,513,car,0.3926,368.5,41.5,357,31,380,52,0.036,-0.115,32.026,12.02,43.273
904,533,car,0.6314,541.0,127.0,517,104,565,150,0.036,-0.115,13.365,8.539,30.741
904,547,car,0.5952,262.5,35.5,249,26,276,45,0.036,-0.115,33.276,35.965,129.475
904,555,car,0.6711,234.0,24.5,221,13,247,36,0.036,-0.115,39.943,24.854,89.476
904,556,car,0.6492,198.0,19.0,185,10,211,28,0.036,-0.115,47.431,19.257,69.326
904,560,car,0.8332,298.5,368.0,247,308,350,428,0.036,-0.115,6.023,0.0,0.0
904,561,car,0.3885,408.0,31.0,395,16,421,46,0.036,-0.115,37.451,0.0,0.0
904,563,car,0.3731,306.0,11.5,296,4,316,19,0.036,-0.115,48.915,0.0,0.0
905,511,car,0.6017,445.0,40.0,434,30,456,50,-0.013,-0.18,33.94,12.472,44.898
905,513,car,0.4795,369.5,40.0,358,29,381,51,-0.013,-0.18,33.386,12.084,43.502
905,533,car,0.6489,539.0,122.0,516,100,562,144,-0.013,-0.18,15.199,9.067,32.64
905,547,car,0.669,259.5,37.0,246,28,273,46,-0.013,-0.18,33.281,35.175,126.629
905,555,car,0.6641,231.5,25.5,218,14,245,37,-0.013,-0.18,40.099,24.432,87.956
905,556,car,0.4907,195.5,19.5,182,10,209,29,-0.013,-0.18,47.626,18.695,67.303
905,560,car,0.8121,308.5,340.5,261,286,356,395,-0.013,-0.18,6.55,6.454,23.234
905,561,car,0.346,408.5,29.0,397,15,420,43,-0.013,-0.18,37.95,0.0,0.0
905,563,car,0.45,304.5,12.0,294,4,315,20,-0.013,-0.18,48.916,0.0,0.0
906,511,car,0.5735,445.0,38.5,434,29,456,48,0.051,-0.075,36.061,13.657,49.166
906,513,car,0.4787,371.0,38.0,360,27,382,49,0.051,-0.075,35.546,13.372,48.14
906,533,car,0.5556,536.5,118.0,514,96,559,140,0.051,-0.075,16.597,10.162,36.583
906,547,car,0.5949,256.5,38.5,243,29,270,48,0.051,-0.075,33.303,33.793,121.654
906,555,car,0.6153,229.5,27.0,215,15,244,39,0.051,-0.075,39.943,23.729,85.425
906,556,car,0.5642,193.0,20.5,179,11,207,30,0.051,-0.075,47.55,17.972,64.698
906,560,car,0.619,316.0,316.0,272,268,360,364,0.051,-0.075,7.079,7.513,27.046
906,561,car,0.3827,408.5,29.0,397,16,420,42,0.051,-0.075,37.95,2.513,9.048
906,563,car,0.4554,303.0,13.0,292,5,314,21,0.051,-0.075,48.802,0.0,0.0
907,511,car,0.6283,445.0,37.0,434,28,456,46,0.006,-0.069,37.955,15.498,55.791
907,513,car,0.5105,372.5,37.0,361,27,384,47,0.006,-0.069,36.822,14.816,53.337
907,533,car,0.7246,535.0,114.5,513,93,557,136,0.006,-0.069,17.325,11.217,40.382
907,547,car,0.5185,254.0,40.0,240,30,268,50,0.006,-0.069,33.277,32.074,115.465
907,555,car,0.6564,226.5,28.0,212,15,241,41,0.006,-0.069,40.285,22.438,80.777
907,556,car,0.6915,189.5,21.0,176,11,203,31,0.006,-0.069,47.993,16.826,60.574
907,560,car,0.6941,323.5,294.0,283,251,364,337,0.006,-0.069,7.607,8.513,30.647
907,561,car,0.373,409.0,27.5,398,15,420,40,0.006,-0.069,38.467,3.585,12.905
907,563,car,0.4381,301.5,13.0,291,5,312,21,0.006,-0.069,48.989,3.075,11.071
908,511,car,0.6364,445.5,35.5,434,26,457,45,0.047,-0.059,39.54,17.572,63.26
908,513,car,0.4981,373.5,36.0,362,26,385,46,0.047,-0.059,37.608,16.069,57.847
908,533,car,0.5328,533.0,110.0,512,89,554,131,0.047,-0.059,18.105,12.282,44.214
908,547,car,0.7134,250.5,41.5,237,31,264,52,0.047,-0.059,33.379,30.056,108.202
908,555,car,0.6459,224.0,29.0,210,16,238,42,0.047,-0.059,40.687,20.751,74.704
908,556,car,0.6482,186.5,22.5,173,13,200,32,0.047,-0.059,47.511,16.034,57.722
908,560,car,0.7214,330.5,274.0,292,235,369,313,0.047,-0.059,8.176,9.506,34.223
908,561,car,0.4348,410.5,25.5,399,12,422,39,0.047,-0.059,39.997,6.559,23.613
908,563,car,0.3886,299.5,14.0,289,6,310,22,0.047,-0.059,48.967,3.529,12.705
908,565,car,0.3892,256.5,8.5,245,1,268,16,0.047,-0.059,57.144,0.0,0.0
909,511,car,0.6598,445.5,34.5,434,25,457,44,0.023,-0.078,40.156,19.074,68.666
909,513,car,0.5046,374.0,34.5,363,25,385,44,0.023,-0.078,38.852,17.499,62.997
909,533,car,0.6913,531.5,106.5,511,86,552,127,0.023,-0.078,18.764,13.211,47.56
909,547,car,0.7279,247.5,42.5,233,32,262,53,0.023,-0.078,33.429,27.866,100.316
909,555,car,0.6318,220.5,30.0,206,17,235,43,0.023,-0.078,41.124,18.924,68.128
909,556,car,0.6617,183.0,23.5,169,14,197,33,0.023,-0.078,47.063,15.394,55.419
909,560,car,0.6445,336.5,258.0,300,222,373,294,0.023,-0.078,8.688,10.309,37.113
909,561,car,0.4442,410.0,24.5,399,12,421,37,0.023,-0.078,40.38,8.258,29.727
909,563,car,0.5504,298.0,14.5,287,6,309,23,0.023,-0.078,48.967,3.354,12.074
909,565,car,0.5081,255.0,8.5,243,1,267,16,0.023,-0.078,57.472,0.0,0.0
910,511,car,0.6986,445.5,33.5,434,24,457,43,0.002,-0.029,40.838,20.208,72.75
910,513,car,0.5844,375.0,33.0,364,23,386,43,0.002,-0.029,39.837,18.826,67.775
910,533,car,0.5856,530.0,104.0,510,84,550,124,0.002,-0.029,19.23,13.888,49.998
910,547,car,0.7167,245.0,44.0,230,33,260,55,0.002,-0.029,32.845,26.088,93.918
910,555,car,0.632,217.5,30.5,203,17,232,44,0.002,-0.029,41.739,16.888,60.797
910,556,car,0.7399,179.5,24.5,165,15,194,34,0.002,-0.029,46.76,14.81,53.316
910,560,truck,0.5131,341.5,242.5,307,209,376,276,0.002,-0.029,9.228,11.09,39.924
910,561,car,0.4229,410.5,24.5,400,12,421,37,0.002,-0.029,40.195,8.325,29.969
910,563,car,0.645,296.0,16.0,285,8,307,24,0.002,-0.029,48.197,4.243,15.275
910,565,car,0.5184,253.0,9.0,240,2,266,16,0.002,-0.029,57.061,0.0,0.0
911,511,car,0.7204,445.0,32.5,434,23,456,42,0.023,-0.034,39.448,19.643,70.715
911,513,car,0.337,375.5,31.5,365,22,386,41,0.023,-0.034,39.519,19.166,68.996
911,533,car,0.6493,528.5,100.5,508,81,549,120,0.023,-0.034,17.933,13.251,47.705
911,547,car,0.8295,241.5,46.0,226,35,257,57,0.023,-0.034,27.907,27.613,99.407
911,555,car,0.6364,215.0,32.0,201,19,229,45,0.023,-0.034,32.37,21.325,76.772
911,556,car,0.7393,177.0,25.5,162,16,192,35,0.023,-0.034,43.406,16.302,58.687
911,560,truck,0.6099,346.5,228.5,314,197,379,260,0.023,-0.034,8.922,10.582,38.096
911,561,car,0.4392,410.5,23.5,400,11,421,36,0.023,-0.034,45.893,17.116,61.619
911,563,car,0.5498,294.5,16.5,283,8,306,25,0.023,-0.034,48.05,4.341,15.628
911,565,car,0.4218,251.5,9.0,239,1,264,17,0.023,-0.034,56.308,0.0,0.0
912,511,car,0.7525,445.5,31.5,435,22,456,41,0.08,-0.023,39.664,18.958,68.247
912,533,car,0.6055,527.5,98.0,508,79,547,117,0.08,-0.023,17.925,12.475,44.91
912,547,car,0.7385,238.0,47.5,222,36,254,59,0.08,-0.023,27.873,28.089,101.121
912,555,car,0.5929,211.5,34.0,197,21,226,47,0.08,-0.023,32.592,23.901,86.043
912,556,car,0.6646,173.5,26.0,159,16,188,36,0.08,-0.023,43.186,17.104,61.575
912,560,car,0.5961,349.5,216.5,318,187,381,246,0.08,-0.023,9.194,10.406,37.462
912,561,car,0.4125,411.0,22.5,401,10,421,35,0.08,-0.023,46.287,21.736,78.249
912,563,car,0.5192,292.0,17.5,281,9,303,26,0.08,-0.023,47.787,5.113,18.406
912,565,car,0.492,249.5,10.0,237,2,262,18,0.08,-0.023,54.854,7.424,26.727
913,511,car,0.7309,445.5,30.0,435,21,456,39,-0.011,-0.094,40.359,18.55,66.78
913,533,car,0.799,526.0,95.0,507,76,545,114,-0.011,-0.094,18.009,11.721,42.195
913,547,car,0.6436,235.0,49.5,219,38,251,61,-0.011,-0.094,27.811,27.895,100.422
913,555,car,0.6432,208.5,35.0,194,22,223,48,-0.011,-0.094,32.948,24.931,89.751
913,556,car,0.6115,170.0,27.0,155,17,185,37,-0.011,-0.094,43.036,17.461,62.858
913,560,car,0.7425,353.5,205.5,324,177,383,234,-0.011,-0.094,10.382,10.809,38.912
913,561,car,0.481,411.5,22.0,401,10,422,34,-0.011,-0.094,46.684,22.58,81.287
913,563,car,0.5692,291.0,18.5,280,10,302,27,-0.011,-0.094,47.672,5.123,18.444
913,565,car,0.5294,248.0,10.5,236,2,260,19,-0.011,-0.094,54.184,9.288,33.438
913,513,car,0.3362,377.5,30.5,367,21,388,40,-0.011,-0.094,39.817,19.169,69.01
914,511,car,0.66,445.5,29.0,435,20,456,38,-0.006,-0.092,41.298,18.457,66.447
914,533,car,0.6894,525.0,92.0,507,74,543,110,-0.006,-0.092,18.198,11.06,39.815
914,547,car,0.6353,231.5,52.0,215,41,248,63,-0.006,-0.092,27.779,27.18,97.848
914,555,car,0.5876,205.0,36.5,190,23,220,50,-0.006,-0.092,33.36,24.85,89.462
914,556,car,0.5951,166.0,27.5,150,17,182,38,-0.006,-0.092,43.237,17.172,61.819
914,560,car,0.744,357.0,194.5,329,168,385,221,-0.006,-0.092,11.932,11.883,42.78
914,561,car,0.3437,412.0,20.5,402,8,422,33,-0.006,-0.092,47.373,23.247,83.689
914,563,car,0.6114,288.5,19.0,277,10,300,28,-0.006,-0.092,47.595,5.231,18.832
914,565,car,0.5524,246.5,11.5,235,3,258,20,-0.006,-0.092,53.549,10.996,39.587
914,570,car,0.7257,667.0,424.0,596,379,738,469,-0.006,-0.092,5.381,0.0,0.0
914,513,car,0.2704,378.0,29.0,368,20,388,38,-0.006,-0.092,40.48,19.237,69.253
915,511,car,0.6691,445.5,28.0,435,20,456,36,0.038,-0.147,42.905,19.072,68.661
915,533,car,0.6288,523.5,89.5,506,72,541,107,0.038,-0.147,18.884,10.777,38.798
915,547,car,0.6293,227.0,53.5,210,42,244,65,0.038,-0.147,27.952,25.893,93.216
915,555,car,0.6077,201.5,38.0,186,24,217,52,0.038,-0.147,33.825,23.933,86.158
915,556,car,0.6219,162.0,29.5,146,19,178,40,0.038,-0.147,42.68,17.127,61.658
915,560,car,0.6125,360.0,184.5,333,159,387,210,0.038,-0.147,12.647,12.877,46.356
915,561,car,0.3165,412.0,20.0,402,8,422,32,0.038,-0.147,47.665,23.337,84.014
915,563,car,0.659,286.5,20.0,275,11,298,29,0.038,-0.147,47.42,5.33,19.189
915,565,car,0.574,244.0,12.0,232,4,256,20,0.038,-0.147,53.502,11.459,41.251
915,570,car,0.7868,662.0,414.0,589,359,735,469,0.038,-0.147,5.526,0.0,0.0
915,513,car,0.2768,379.0,28.0,369,19,389,37,0.038,-0.147,42.043,19.888,71.595
916,511,car,0.5358,445.5,27.0,435,19,456,35,-0.062,-0.155,45.02,20.54,73.944
916,533,car,0.7216,522.5,87.0,505,70,540,104,-0.062,-0.155,20.629,11.508,41.429
916,547,car,0.6994,224.0,56.0,206,44,242,68,-0.062,-0.155,27.896,24.495,88.18
916,555,car,0.5048,198.0,40.5,182,27,214,54,-0.062,-0.155,34.148,22.626,81.454
916,556,car,0.6413,159.0,31.0,143,20,175,42,-0.062,-0.155,42.372,16.866,60.718
916,560,car,0.5647,363.0,176.5,338,152,388,201,-0.062,-0.155,13.161,13.644,49.117
916,561,car,0.2939,412.5,19.5,403,8,422,31,-0.062,-0.155,47.776,22.964,82.671
916,563,car,0.6867,284.0,21.5,272,12,296,31,-0.062,-0.155,46.821,5.762,20.743
916,565,car,0.5777,242.0,12.5,230,4,254,21,-0.062,-0.155,53.433,11.18,40.249
916,570,car,0.6746,651.0,403.0,581,339,721,467,-0.062,-0.155,5.699,0.0,0.0
917,511,car,0.5295,445.5,25.5,434,17,457,34,-0.038,-0.152,47.923,23.162,83.384
917,533,car,0.683,521.0,84.0,504,67,538,101,-0.038,-0.152,22.464,13.028,46.902
917,547,car,0.7209,220.0,57.5,202,45,238,70,-0.038,-0.152,27.973,22.843,82.233
917,555,car,0.5203,194.0,43.0,178,30,210,56,-0.038,-0.152,34.471,21.039,75.741
917,556,car,0.6403,155.0,32.0,139,21,171,43,-0.038,-0.152,42.443,16.266,58.558
917,560,truck,0.466,365.5,168.5,341,145,390,192,-0.038,-0.152,13.744,14.298,51.472
917,561,car,0.3511,412.5,19.5,403,8,422,31,-0.038,-0.152,47.776,22.145,79.721
917,563,car,0.7027,283.0,22.0,271,12,295,32,-0.038,-0.152,46.473,5.969,21.489
917,565,car,0.6288,240.0,13.5,228,5,252,22,-0.038,-0.152,53.183,11.043,39.755
917,570,car,0.7069,639.5,385.0,574,320,705,450,-0.038,-0.152,5.993,0.0,0.0
917,575,car,0.5344,465.0,369.0,417,304,513,434,-0.038,-0.152,6.286,0.0,0.0
918,511,car,0.5635,446.0,24.5,435,16,457,33,-0.019,-0.174,49.579,25.646,92.326
918,533,car,0.4378,520.5,81.0,504,64,537,98,-0.019,-0.174,23.832,14.777,53.197
918,547,car,0.7613,215.0,59.5,197,47,233,72,-0.019,-0.174,28.021,21.203,76.331
918,555,car,0.5488,191.0,41.5,174,27,208,56,-0.019,-0.174,35.815,18.57,66.853
918,556,car,0.7243,151.0,33.0,134,22,168,44,-0.019,-0.174,42.524,15.475,55.711
918,560,car,0.6468,368.0,161.0,345,139,391,183,-0.019,-0.174,14.382,14.885,53.587
918,561,car,0.2898,412.5,19.0,403,8,422,30,-0.019,-0.174,48.101,21.315,76.735
918,563,car,0.6177,281.0,22.5,269,13,293,32,-0.019,-0.174,46.176,6.251,22.502
918,565,car,0.5635,238.0,13.5,226,5,250,22,-0.019,-0.174,53.4,9.894,35.617
918,570,car,0.8098,628.5,365.0,567,303,690,427,-0.019,-0.174,6.352,4.2,15.12
918,575,car,0.5648,464.0,347.5,418,287,510,408,-0.019,-0.174,6.727,0.0,0.0
919,511,car,0.4986,446.0,23.0,435,15,457,31,-0.064,-0.12,51.563,28.273,101.783
919,533,car,0.4733,519.5,79.5,503,63,536,96,-0.064,-0.12,24.389,16.05,57.779
919,547,car,0.5078,211.0,61.5,192,49,230,74,-0.064,-0.12,27.774,19.69,70.883
919,555,car,0.5297,187.0,43.0,170,28,204,58,-0.064,-0.12,36.194,16.673,60.023
919,556,car,0.6564,146.0,34.0,129,23,163,45,-0.064,-0.12,42.657,14.675,52.832
919,560,car,0.4934,370.5,154.0,348,133,393,175,-0.064,-0.12,14.95,15.367,55.323
919,563,car,0.6249,278.5,23.0,266,13,291,33,-0.064,-0.12,45.828,6.588,23.716
919,565,car,0.5944,236.0,14.5,224,6,248,23,-0.064,-0.12,52.911,9.831,35.391
919,570,car,0.7683,618.0,342.5,561,285,675,400,-0.064,-0.12,6.807,5.022,18.08
919,575,car,0.5387,462.5,323.5,420,270,505,377,-0.064,-0.12,7.249,0.0,0.0
920,511,car,0.5929,446.5,22.0,436,14,457,30,-0.076,-0.166,52.681,30.275,108.988
920,533,car,0.4905,518.5,77.0,502,60,535,94,-0.076,-0.166,25.192,17.186,61.87
920,547,car,0.6266,206.5,63.0,187,51,226,75,-0.076,-0.166,27.227,18.512,66.644
920,555,car,0.5996,183.0,43.5,165,28,201,59,-0.076,-0.166,36.587,15.108,54.388
920,556,car,0.79,142.0,35.5,125,24,159,47,-0.076,-0.166,41.968,14.154,50.954
920,560,car,0.4765,372.5,147.0,351,127,394,167,-0.076,-0.166,15.623,15.838,57.015
920,563,car,0.6901,276.5,24.0,264,14,289,34,-0.076,-0.166,45.075,7.212,25.963
920,565,car,0.5826,234.0,15.0,222,6,246,24,-0.076,-0.166,52.765,9.64,34.705
920,570,car,0.8053,609.0,322.5,556,270,662,375,-0.076,-0.166,7.217,5.727,20.618
920,575,car,0.4964,461.5,303.5,421,255,502,352,-0.076,-0.166,7.705,0.0,0.0
920,513,car,0.3334,383.0,23.5,374,15,392,32,-0.076,-0.166,48.658,24.715,88.974
921,511,car,0.5325,447.0,22.0,437,14,457,30,-0.027,-0.121,49.998,29.155,104.959
921,533,car,0.5932,517.5,75.5,501,59,534,92,-0.027,-0.121,25.094,17.538,63.136
921,547,car,0.7419,201.5,66.5,181,53,222,80,-0.027,-0.121,24.171,19.385,69.787
921,555,car,0.6151,179.5,45.5,161,29,198,62,-0.027,-0.121,30.381,17.028,61.302
921,556,car,0.7682,139.0,37.0,121,26,157,48,-0.027,-0.121,36.992,16.834,60.604
921,560,car,0.5841,375.0,140.5,354,120,396,161,-0.027,-0.121,15.149,15.542,55.951
921,563,car,0.7234,274.0,26.0,261,16,287,36,-0.027,-0.121,40.633,9.376,33.752
921,565,car,0.5751,231.0,16.0,219,7,243,25,-0.027,-0.121,49.427,11.572,41.661
921,570,car,0.8037,601.5,304.0,552,256,651,352,-0.027,-0.121,7.704,6.523,23.483
921,575,car,0.544,460.5,286.5,422,242,499,331,-0.027,-0.121,7.988,6.406,23.06
921,513,car,0.3291,384.0,22.0,375,13,393,31,-0.027,-0.121,49.303,27.899,100.437
922,511,car,0.5266,447.0,20.5,437,12,457,29,-0.026,-0.157,50.524,28.177,101.437
922,533,car,0.5884,517.0,72.5,501,56,533,89,-0.026,-0.157,25.106,17.48,62.927
922,547,car,0.6618,196.5,69.0,176,55,217,83,-0.026,-0.157,23.894,19.73,71.028
922,555,car,0.6475,175.0,47.0,156,29,194,65,-0.026,-0.157,30.515,17.902,64.447
922,556,car,0.7187,134.0,37.5,116,26,152,49,-0.026,-0.157,36.992,18.261,65.741
922,560,car,0.5558,377.0,135.0,357,116,397,154,-0.026,-0.157,15.334,15.104,54.376
922,563,car,0.67,271.5,27.0,259,17,284,37,-0.026,-0.157,40.427,11.832,42.596
922,565,car,0.6168,229.0,16.5,217,7,241,26,-0.026,-0.157,49.284,12.772,45.978
922,570,car,0.8308,594.0,288.5,547,243,641,334,-0.026,-0.157,8.043,7.099,25.557
922,575,car,0.5197,460.0,270.5,423,230,497,311,-0.026,-0.157,8.194,6.401,23.045
923,511,car,0.6033,447.0,19.5,437,11,457,28,0.001,-0.188,51.231,27.29,98.245
923,533,car,0.5236,516.0,70.5,500,55,532,86,0.001,-0.188,25.144,17.044,61.359
923,547,car,0.6985,191.5,71.5,171,57,212,86,0.001,-0.188,23.666,19.7,70.92
923,555,car,0.4305,170.0,51.0,150,35,190,67,0.001,-0.188,30.276,18.507,66.625
923,556,car,0.6024,129.5,39.0,111,27,148,51,0.001,-0.188,37.005,18.956,68.242
923,560,car,0.5532,378.5,129.5,358,111,399,148,0.001,-0.188,16.554,15.268,54.965
923,563,car,0.6767,269.5,27.5,256,17,283,38,0.001,-0.188,40.408,13.322,47.961
923,565,car,0.6046,227.0,17.0,215,8,239,26,0.001,-0.188,49.301,13.344,48.038
923,570,car,0.7886,587.0,274.0,542,233,632,315,0.001,-0.188,8.606,7.901,28.444
923,575,car,0.6944,459.0,257.0,424,219,494,295,0.001,-0.188,8.51,6.464,23.27
924,511,car,0.618,446.5,19.5,436,11,457,28,-0.059,-0.111,51.344,26.046,93.764
924,533,car,0.6387,514.5,68.5,499,53,530,84,-0.059,-0.111,25.232,16.424,59.126
924,547,car,0.709,186.0,74.5,165,60,207,89,-0.059,-0.111,24.095,19.004,68.413
924,555,car,0.4519,164.5,56.0,144,43,185,69,-0.059,-0.111,30.072,18.801,67.683
924,556,car,0.6169,125.0,41.5,106,30,144,53,-0.059,-0.111,36.845,19.239,69.26
924,560,car,0.6934,381.0,124.0,361,106,401,142,-0.059,-0.111,18.396,16.277,58.596
924,563,car,0.696,267.5,29.0,254,19,281,39,-0.059,-0.111,40.237,14.302,51.486
924,565,car,0.6683,224.0,18.0,212,9,236,27,-0.059,-0.111,49.373,13.496,48.585
924,570,car,0.7936,582.0,260.0,540,223,624,297,-0.059,-0.111,10.004,10.056,36.2
924,575,car,0.6125,458.5,243.5,425,208,492,279,-0.059,-0.111,10.568,9.146,32.924
925,511,car,0.49,446.5,18.5,436,10,457,27,0.016,-0.055,52.41,25.381,91.371
925,533,car,0.6671,514.0,66.5,499,52,529,81,0.016,-0.055,25.479,15.792,56.85
925,547,car,0.7607,181.0,77.5,159,63,203,92,0.016,-0.055,24.388,17.923,64.522
925,555,car,0.6487,158.5,59.0,139,46,178,72,0.016,-0.055,30.222,18.395,66.221
925,556,car,0.7341,120.0,42.0,100,30,140,54,0.016,-0.055,37.227,18.629,67.066
925,560,car,0.6117,382.0,119.5,363,102,401,137,0.016,-0.055,19.503,17.374,62.548
925,563,car,0.6394,265.0,30.5,251,20,279,41,0.016,-0.055,40.073,14.82,53.353
925,565,car,0.678,221.5,19.0,209,9,234,29,0.016,-0.055,49.309,13.362,48.104
925,570,car,0.8148,576.0,249.5,536,214,616,285,0.016,-0.055,10.691,10.771,38.777
925,575,car,0.527,457.5,231.5,426,198,489,265,0.016,-0.055,11.422,11.456,41.241
926,511,car,0.4785,446.5,17.5,436,9,457,26,-0.024,-0.045,53.64,25.18,90.648
926,533,car,0.6869,513.0,65.0,498,51,528,79,-0.024,-0.045,27.169,16.1,57.959
926,547,car,0.737,176.5,79.5,153,64,200,95,-0.024,-0.045,24.504,16.632,59.873
926,556,car,0.6968,115.5,43.5,95,31,136,56,-0.024,-0.045,37.329,17.8,64.081
926,560,car,0.7072,383.5,114.5,365,98,402,131,-0.024,-0.045,20.54,18.495,66.583
926,563,car,0.584,262.5,31.0,249,20,276,42,-0.024,-0.045,40.04,14.817,53.342
926,565,car,0.6216,219.5,19.5,207,9,232,30,-0.024,-0.045,49.555,12.757,45.925
926,570,car,0.83,571.0,237.5,533,204,609,271,-0.024,-0.045,11.229,11.436,41.168
926,575,car,0.6009,457.0,221.0,426,189,488,253,-0.024,-0.045,12.1,13.182,47.454
927,511,car,0.4109,446.5,17.0,436,9,457,25,0.016,-0.072,54.025,24.693,88.896
927,533,car,0.6863,512.5,63.0,498,49,527,77,0.016,-0.072,28.918,17.172,61.82
927,547,car,0.7054,171.5,83.0,145,67,198,99,0.016,-0.072,24.247,15.643,56.313
927,556,car,0.701,110.5,45.0,90,32,131,58,0.016,-0.072,37.628,16.732,60.237
927,560,car,0.6791,385.0,110.0,367,93,403,127,0.016,-0.072,21.468,19.517,70.26
927,563,car,0.5933,259.0,32.5,245,21,273,44,0.016,-0.072,39.851,14.758,53.13
927,565,car,0.5151,217.0,20.0,204,9,230,31,0.016,-0.072,49.68,12.045,43.362
927,570,car,0.8222,568.0,227.0,532,195,604,259,0.016,-0.072,11.794,12.044,43.357
927,575,car,0.6409,457.5,209.5,428,179,487,240,0.016,-0.072,12.641,14.372,51.738
927,588,car,0.4197,156.0,43.5,136,33,176,54,0.016,-0.072,36.609,0.0,0.0
927,555,car,0.5512,148.5,64.5,128,52,169,77,0.016,-0.072,30.058,18.362,66.102
928,511,car,0.2883,446.5,16.0,436,8,457,24,0.018,-0.073,55.534,24.877,89.556
928,533,car,0.5803,512.0,61.5,498,48,526,75,0.018,-0.073,30.098,18.352,66.066
928,547,car,0.6574,163.5,86.0,138,70,189,102,0.018,-0.073,24.308,14.775,53.191
928,556,car,0.7441,105.0,46.5,84,33,126,60,0.018,-0.073,37.698,15.698,56.512
928,560,car,0.6059,386.5,106.0,369,90,404,122,0.018,-0.073,22.284,20.369,73.329
928,563,car,0.5806,256.5,34.0,242,23,271,45,0.018,-0.073,39.61,14.533,52.319
928,565,car,0.6736,214.5,21.0,202,10,227,32,0.018,-0.073,49.632,11.397,41.029
928,570,car,0.8137,562.5,217.5,528,187,597,248,0.018,-0.073,12.26,12.518,45.064
928,575,car,0.6644,457.5,201.0,429,172,486,230,0.018,-0.073,13.079,14.604,52.576
928,588,car,0.3372,152.0,45.5,131,34,173,57,0.018,-0.073,36.428,0.0,0.0
928,555,car,0.4159,142.5,68.0,122,55,163,81,0.018,-0.073,29.274,18.054,64.994
929,533,car,0.4729,511.0,59.5,497,46,525,73,-0.077,-0.061,31.441,19.727,71.018
929,547,car,0.7879,156.0,89.5,130,73,182,106,-0.077,-0.061,23.767,14.141,50.906
929,556,car,0.7631,98.5,48.0,77,34,120,62,-0.077,-0.061,37.362,14.96,53.856
929,560,car,0.6368,387.5,102.5,370,87,405,118,-0.077,-0.061,22.886,20.937,75.372
929,563,car,0.6391,254.5,36.5,239,25,270,48,-0.077,-0.061,39.097,14.512,52.244
929,565,car,0.617,212.0,22.0,199,11,225,33,-0.077,-0.061,49.383,10.853,39.07
929,570,car,0.7836,558.5,208.0,525,179,592,237,-0.077,-0.061,12.754,12.931,46.553
929,575,car,0.8201,457.0,191.5,430,164,484,219,-0.077,-0.061,13.705,14.894,53.619
929,588,car,0.447,147.5,46.5,127,35,168,58,-0.077,-0.061,36.417,0.0,0.0
929,555,car,0.6087,136.5,70.0,115,57,158,83,-0.077,-0.061,28.716,17.7,63.721
929,590,car,0.8181,259.0,423.0,193,370,325,476,-0.077,-0.061,6.201,0.0,0.0
930,533,car,0.4798,510.5,58.0,497,44,524,72,-0.005,-0.097,32.197,20.782,74.816
930,547,car,0.7938,148.0,93.5,122,76,174,111,-0.005,-0.097,22.897,13.953,50.232
930,556,car,0.7655,93.5,50.0,72,36,115,64,-0.005,-0.097,36.505,14.517,52.262
930,560,car,0.6611,387.5,98.0,369,82,406,114,-0.005,-0.097,23.776,21.525,77.489
930,563,car,0.7249,251.0,37.5,236,26,266,49,-0.005,-0.097,38.747,14.331,51.59
930,565,car,0.5453,209.0,22.5,196,12,222,33,-0.005,-0.097,49.422,10.316,37.139
930,570,car,0.7952,555.0,199.5,523,172,587,227,-0.005,-0.097,13.218,13.254,47.714
930,575,car,0.7417,456.5,182.5,431,156,482,209,-0.005,-0.097,14.277,15.164,54.592
930,588,car,0.4881,144.0,47.5,124,36,164,59,-0.005,-0.097,36.376,0.0,0.0
930,555,car,0.5527,131.5,71.5,109,58,154,85,-0.005,-0.097,28.28,17.311,62.321
930,590,car,0.8199,268.0,411.5,205,348,331,475,-0.005,-0.097,6.381,0.0,0.0
931,533,car,0.4641,509.5,56.5,496,43,523,70,-0.1,-0.095,28.71,18.754,67.513
931,547,car,0.8084,141.0,97.5,114,80,168,115,-0.1,-0.095,18.478,16.365,58.915
931,556,car,0.7325,87.0,52.0,64,38,110,66,-0.1,-0.095,28.499,18.872,67.941
931,560,car,0.6823,389.5,95.0,372,80,407,110,-0.1,-0.095,19.675,18.863,67.907
931,563,car,0.7456,248.5,39.0,233,28,264,50,-0.1,-0.095,31.467,18.63,67.067
931,565,car,0.5987,205.5,23.5,192,12,219,35,-0.1,-0.095,40.765,13.411,48.28
931,570,car,0.7501,552.0,192.5,521,166,583,219,-0.1,-0.095,10.985,11.874,42.745
931,575,car,0.8291,456.0,174.5,431,149,481,200,-0.1,-0.095,11.827,13.601,48.965
931,588,car,0.516,138.5,50.0,118,39,159,61,-0.1,-0.095,28.183,17.414,62.691
931,555,car,0.7679,125.5,74.5,102,60,149,89,-0.1,-0.095,21.929,21.102,75.967
931,590,car,0.8066,281.5,386.5,224,322,339,451,-0.1,-0.095,5.352,0.0,0.0
932,533,car,0.443,508.5,54.5,495,41,522,68,-0.083,-0.07,28.873,17.034,61.322
932,547,car,0.7955,132.5,101.5,104,83,161,120,-0.083,-0.07,18.139,17.952,64.626
932,556,car,0.7432,81.0,54.0,58,40,104,68,-0.083,-0.07,28.36,22.105,79.577
932,560,car,0.5675,391.0,92.0,374,77,408,107,-0.083,-0.07,19.875,16.644,59.918
932,563,car,0.7124,245.0,41.0,229,30,261,52,-0.083,-0.07,31.277,21.649,77.937
932,565,car,0.6409,202.5,24.5,189,13,216,36,-0.083,-0.07,40.382,17.368,62.526
932,570,car,0.7201,548.5,185.0,519,159,578,211,-0.083,-0.07,11.287,10.833,39.001
932,575,car,0.7976,455.5,167.5,431,143,480,192,-0.083,-0.07,12.024,12.276,44.195
932,588,car,0.5433,133.0,52.5,111,41,155,64,-0.083,-0.07,27.657,23.637,85.095
932,555,car,0.588,118.5,76.5,94,62,143,91,-0.083,-0.07,21.968,23.251,83.702
932,590,car,0.8102,293.5,358.5,241,299,346,418,-0.083,-0.07,5.666,0.0,0.0
933,533,car,0.4377,508.0,53.0,495,40,521,66,-0.053,-0.136,28.958,15.441,55.586
933,547,car,0.7888,124.0,105.0,94,86,154,124,-0.053,-0.136,17.956,18.808,67.708
933,556,car,0.7626,75.0,55.0,51,41,99,69,-0.053,-0.136,28.359,23.876,85.954
933,560,car,0.6806,393.0,88.5,377,74,409,103,-0.053,-0.136,20.802,15.283,55.02
933,563,car,0.6316,242.0,42.0,226,31,258,53,-0.053,-0.136,31.212,23.341,84.029
933,565,car,0.6469,199.5,25.0,186,13,213,37,-0.053,-0.136,40.429,19.765,71.155
933,570,car,0.8165,545.5,177.5,517,152,574,203,-0.053,-0.136,11.813,10.164,36.59
933,575,car,0.8157,455.5,160.5,432,136,479,185,-0.053,-0.136,12.544,11.373,40.941
933,588,car,0.6231,128.5,54.0,107,42,150,66,-0.053,-0.136,27.499,26.031,93.71
933,555,car,0.5545,111.5,80.0,86,65,137,95,-0.053,-0.136,21.818,24.456,88.042
933,590,car,0.7941,303.5,330.5,255,277,352,384,-0.053,-0.136,6.295,8.378,30.162
934,533,car,0.4719,507.5,51.5,495,38,520,65,-0.051,-0.139,29.153,14.092,50.732
934,547,car,0.8614,114.5,109.0,83,89,146,129,-0.051,-0.139,17.79,19.139,68.9
934,556,car,0.7651,69.0,56.5,44,42,94,71,-0.051,-0.139,28.369,24.622,88.64
934,560,car,0.6479,394.0,85.5,379,72,409,99,-0.051,-0.139,22.43,15.005,54.017
934,563,car,0.6645,239.0,42.5,223,30,255,55,-0.051,-0.139,31.205,24.01,86.435
934,565,car,0.5661,197.0,26.5,183,14,211,39,-0.051,-0.139,40.181,21.322,76.758
934,570,car,0.8113,543.0,170.5,515,146,571,195,-0.051,-0.139,13.164,10.304,37.096
934,575,car,0.8332,455.0,154.0,432,131,478,177,-0.051,-0.139,13.97,11.364,40.909
934,588,car,0.6605,123.5,55.5,101,43,146,68,-0.051,-0.139,27.706,25.597,92.151
934,555,car,0.693,105.0,82.5,79,67,131,98,-0.051,-0.139,21.826,24.732,89.037
934,590,car,0.7841,312.0,306.5,267,258,357,355,-0.051,-0.139,7.678,8.408,30.27
934,594,car,0.5596,707.0,435.5,634,400,780,471,-0.051,-0.139,5.356,0.0,0.0
935,533,car,0.3852,506.5,50.0,494,37,519,63,-0.065,-0.137,29.862,13.287,47.832
935,547,car,0.7946,105.0,114.0,72,93,138,135,-0.065,-0.137,17.588,19.141,68.907
935,556,car,0.7089,62.5,59.0,38,44,87,74,-0.065,-0.137,28.102,24.838,89.418
935,560,car,0.3961,395.0,82.5,380,69,410,96,-0.065,-0.137,23.751,15.361,55.298
935,563,car,0.6817,235.5,44.0,219,31,252,57,-0.065,-0.137,31.1,24.082,86.695
935,565,car,0.5189,193.5,28.0,179,16,208,40,-0.065,-0.137,40.05,22.042,79.351
935,570,car,0.7682,540.0,165.0,514,142,566,188,-0.065,-0.137,14.045,10.736,38.649
935,575,car,0.8515,454.5,148.5,432,126,477,171,-0.065,-0.137,15.11,11.841,42.629
935,588,car,0.7196,117.5,57.5,95,45,140,70,-0.065,-0.137,27.93,23.706,85.343
935,555,car,0.7778,97.0,84.5,70,68,124,101,-0.065,-0.137,21.988,24.223,87.203
935,590,car,0.765,319.0,285.5,277,243,361,328,-0.065,-0.137,8.312,8.835,31.808
935,594,car,0.663,701.5,425.0,625,380,778,470,-0.065,-0.137,5.515,0.0,0.0
935,595,car,0.4106,303.0,12.5,293,4,313,21,-0.065,-0.137,50.148,0.0,0.0
936,533,car,0.4283,506.5,49.5,494,37,519,62,-0.083,-0.084,30.112,12.536,45.13
936,547,car,0.8131,95.0,118.5,61,97,129,140,-0.083,-0.084,17.403,18.834,67.803
936,556,car,0.5202,57.0,60.5,32,45,82,76,-0.083,-0.084,27.745,24.648,88.733
936,560,car,0.5895,395.5,80.0,381,67,410,93,-0.083,-0.084,24.417,15.719,56.588
936,563,car,0.7631,232.0,46.0,215,33,249,59,-0.083,-0.084,30.993,23.707,85.347
936,565,car,0.6205,190.5,28.5,176,15,205,42,-0.083,-0.084,40.327,21.8,78.48
936,570,car,0.7335,538.0,159.5,513,137,563,182,-0.083,-0.084,14.628,11.212,40.362
936,575,car,0.7945,454.0,143.5,432,122,476,165,-0.083,-0.084,15.819,12.396,44.626
936,588,car,0.7539,112.0,59.5,89,46,135,73,-0.083,-0.084,27.813,21.627,77.856
936,555,car,0.7146,89.5,88.0,62,71,117,105,-0.083,-0.084,21.926,23.435,84.364
936,590,car,0.7811,325.5,267.0,287,228,364,306,-0.083,-0.084,8.922,9.506,34.223
936,594,car,0.5954,693.5,414.5,614,358,773,471,-0.083,-0.084,5.669,0.0,0.0
936,595,car,0.2819,301.5,13.5,291,6,312,21,-0.083,-0.084,49.967,0.0,0.0
937,533,car,0.5048,506.0,48.5,494,36,518,61,-0.11,-0.142,31.028,12.35,44.46
937,547,car,0.69,86.5,123.5,52,101,121,146,-0.11,-0.142,16.978,18.506,66.622
937,556,car,0.6195,48.0,62.5,22,46,74,79,-0.11,-0.142,27.73,23.981,86.331
937,560,car,0.4629,396.5,76.5,382,63,411,90,-0.11,-0.142,25.231,16.223,58.404
937,563,car,0.7092,228.5,47.5,211,34,246,61,-0.11,-0.142,30.95,22.92,82.511
937,565,car,0.5076,186.5,30.0,172,18,201,42,-0.11,-0.142,40.401,21.202,76.327
937,570,car,0.8708,536.5,153.5,513,132,560,175,-0.11,-0.142,15.183,11.699,42.116
937,575,car,0.8481,453.5,137.5,432,117,475,158,-0.11,-0.142,16.553,13.041,46.946
937,588,car,0.753,106.5,61.5,84,48,129,75,-0.11,-0.142,27.688,19.59,70.524
937,555,car,0.718,82.0,90.5,53,74,111,107,-0.11,-0.142,21.847,22.362,80.505
937,590,car,0.7591,331.5,250.5,295,215,368,286,-0.11,-0.142,9.53,10.302,37.089
937,594,car,0.8357,680.5,403.0,606,337,755,469,-0.11,-0.142,5.84,0.0,0.0
937,595,car,0.3069,300.0,14.5,290,7,310,22,-0.11,-0.142,49.726,0.0,0.0
938,533,car,0.4033,505.0,47.5,493,35,517,60,-0.084,-0.085,32.301,12.808,46.109
938,547,car,0.7262,74.0,130.0,37,107,111,153,-0.084,-0.085,15.88,18.648,67.133
938,556,car,0.5664,40.5,65.0,14,49,67,81,-0.084,-0.085,27.351,23.244,83.677
938,560,car,0.5388,397.0,74.5,383,62,411,87,-0.084,-0.085,25.733,16.525,59.49
938,563,car,0.7099,225.0,50.0,207,37,243,63,-0.084,-0.085,30.724,22.071,79.456
938,565,car,0.5185,183.0,32.5,168,21,198,44,-0.084,-0.085,39.744,20.845,75.04
938,570,car,0.7631,534.0,148.5,512,128,556,169,-0.084,-0.085,15.605,12.063,43.428
938,575,car,0.7976,454.0,132.0,433,112,475,152,-0.084,-0.085,17.188,13.651,49.142
938,588,car,0.7713,100.5,64.0,77,50,124,78,-0.084,-0.085,27.484,18.857,67.884
938,555,car,0.4168,75.0,93.5,46,76,104,111,-0.084,-0.085,21.313,21.47,77.293
938,590,car,0.6976,337.0,235.0,303,202,371,268,-0.084,-0.085,10.198,11.26,40.538
938,594,car,0.836,668.0,386.5,600,317,736,456,-0.084,-0.085,6.094,3.461,12.46
938,595,car,0.333,298.0,15.5,288,8,308,23,-0.084,-0.085,49.525,0.0,0.0
939,533,car,0.4502,504.0,46.5,492,34,516,59,-0.058,-0.078,33.38,13.585,48.906
939,547,car,0.6884,62.0,136.5,23,113,101,160,-0.058,-0.078,15.35,18.693,67.295
939,556,car,0.41,32.5,67.5,4,52,61,83,-0.058,-0.078,26.898,22.513,81.047
939,560,car,0.4712,398.0,71.5,384,59,412,84,-0.058,-0.078,26.548,16.973,61.102
939,563,car,0.7181,221.0,52.5,203,39,239,66,-0.058,-0.078,30.443,21.184,76.263
939,565,car,0.6458,180.5,33.0,165,21,196,45,-0.058,-0.078,39.766,19.939,71.78
939,570,car,0.6977,531.0,143.5,509,124,553,163,-0.058,-0.078,16.166,12.44,44.785
939,575,car,0.755,453.5,127.5,433,108,474,147,-0.058,-0.078,17.816,14.195,51.101
939,588,car,0.7665,94.0,66.0,69,52,119,80,-0.058,-0.078,27.431,17.956,64.643
939,555,car,0.3629,65.0,97.5,34,80,96,115,-0.058,-0.078,20.027,21.255,76.516
939,590,car,0.7206,341.5,222.5,309,192,374,253,-0.058,-0.078,10.823,12.125,43.649
939,594,car,0.8591,656.5,366.5,593,300,720,433,-0.058,-0.078,6.453,4.134,14.884
939,595,car,0.4028,297.0,16.5,287,9,307,24,-0.058,-0.078,48.901,4.577,16.479
940,533,car,0.5463,504.0,44.5,492,32,516,57,-0.04,-0.152,34.959,14.984,53.944
940,547,car,0.5818,48.0,143.5,7,120,89,167,-0.04,-0.152,14.804,18.711,67.359
940,560,car,0.6732,398.0,69.5,384,57,412,82,-0.04,-0.152,27.055,17.231,62.031
940,563,car,0.7006,216.5,54.0,198,40,235,68,-0.04,-0.152,29.997,20.325,73.17
940,565,car,0.6141,176.0,35.0,160,24,192,46,-0.04,-0.152,39.161,19.434,69.962
940,570,car,0.5944,528.5,138.5,506,119,551,158,-0.04,-0.152,16.843,12.897,46.43
940,575,car,0.8443,453.5,123.0,433,104,474,142,-0.04,-0.152,18.409,14.68,52.849
940,588,car,0.7453,87.0,68.5,62,54,112,83,-0.04,-0.152,27.232,17.129,61.664
940,555,car,0.5582,54.5,101.0,22,82,87,120,-0.04,-0.152,19.725,20.823,74.961
940,590,car,0.3986,346.0,210.5,315,182,377,239,-0.04,-0.152,11.443,12.483,44.938
940,594,car,0.8167,646.5,345.5,587,284,706,407,-0.04,-0.152,6.896,4.921,17.717
940,595,car,0.4951,295.0,17.0,285,9,305,25,-0.04,-0.152,48.822,4.933,17.759
941,533,car,0.3776,503.0,43.5,491,32,515,55,-0.061,-0.112,34.702,15.44,55.584
941,547,car,0.4971,37.5,150.5,0,127,75,174,-0.061,-0.112,14.242,18.682,67.255
941,560,car,0.6876,399.0,67.0,385,55,413,79,-0.061,-0.112,26.102,16.447,59.21
941,563,car,0.6238,212.5,55.5,193,42,232,69,-0.061,-0.112,26.83,21.374,76.947
941,565,car,0.5816,172.5,37.0,156,26,189,48,-0.061,-0.112,35.46,21.138,76.098
941,570,car,0.7327,526.5,134.0,505,115,548,153,-0.061,-0.112,15.356,12.006,43.22
941,575,car,0.8268,453.0,118.5,433,100,473,137,-0.061,-0.112,16.876,13.745,49.482
941,588,car,0.7386,81.0,71.5,56,57,106,86,-0.061,-0.112,24.806,17.751,63.902
941,555,car,0.4414,43.5,106.0,12,88,75,124,-0.061,-0.112,18.798,20.728,74.62
941,590,car,0.7228,350.0,199.0,320,172,380,226,-0.061,-0.112,10.998,12.231,44.033
941,594,car,0.8434,637.0,326.5,582,270,692,383,-0.061,-0.112,6.757,5.122,18.438
941,595,car,0.6058,293.0,18.0,283,10,303,26,-0.061,-0.112,45.538,9.869,35.529
941,599,car,0.5191,24.5,152.5,0,131,49,174,-0.061,-0.112,14.345,0.0,0.0
942,533,car,0.3403,502.5,41.5,491,30,514,53,-0.115,-0.051,34.789,15.566,56.038
942,547,car,0.3183,32.5,155.5,0,128,65,183,-0.115,-0.051,13.885,18.529,66.703
942,560,car,0.5531,399.0,64.5,385,52,413,77,-0.115,-0.051,26.466,15.777,56.796
942,563,car,0.7178,207.5,57.5,188,43,227,72,-0.115,-0.051,26.563,21.856,78.681
942,565,car,0.5422,168.0,38.5,152,28,184,49,-0.115,-0.051,35.157,22.048,79.372
942,570,car,0.7329,524.5,129.5,504,111,545,148,-0.115,-0.051,15.617,11.285,40.626
942,575,car,0.8551,452.5,115.0,433,97,472,133,-0.115,-0.051,17.081,12.882,46.377
942,588,car,0.728,73.5,73.5,47,58,100,89,-0.115,-0.051,24.229,18.13,65.269
942,555,car,0.3913,35.5,107.5,2,87,69,128,-0.115,-0.051,18.787,20.084,72.302
942,590,car,0.5845,353.5,189.5,325,164,382,215,-0.115,-0.051,11.33,11.988,43.156
942,594,car,0.7757,628.5,307.0,577,254,680,360,-0.115,-0.051,7.048,5.463,19.668
942,595,car,0.5836,291.5,19.0,281,11,302,27,-0.115,-0.051,44.987,12.974,46.705
943,533,car,0.3958,502.0,40.5,490,29,514,52,-0.06,-0.1,34.925,15.344,55.237
943,547,car,0.4218,26.0,163.5,0,135,52,192,-0.06,-0.1,13.748,18.173,65.423
943,560,car,0.6089,399.5,63.0,385,51,414,75,-0.06,-0.1,26.939,15.214,54.769
943,563,car,0.708,203.0,59.0,183,44,223,74,-0.06,-0.1,26.509,21.737,78.255
943,565,car,0.5921,164.0,39.0,147,27,181,51,-0.06,-0.1,35.165,22.148,79.734
943,570,car,0.659,522.5,125.5,502,107,543,144,-0.06,-0.1,16.046,10.787,38.834
943,575,car,0.8326,452.0,110.5,433,93,471,128,-0.06,-0.1,17.591,12.356,44.482
943,588,car,0.612,66.0,75.5,39,60,93,91,-0.06,-0.1,23.5,18.501,66.604
943,590,car,0.7779,356.5,180.0,329,156,384,204,-0.06,-0.1,12.698,12.442,44.79
943,594,car,0.7706,620.5,292.0,572,243,669,341,-0.06,-0.1,7.47,5.785,20.827
943,595,car,0.594,289.5,19.5,279,11,300,28,-0.06,-0.1,44.723,14.372,51.739
944,533,car,0.4551,501.0,39.0,489,28,513,50,-0.085,-0.07,35.359,15.18,54.648
944,547,car,0.3901,18.5,169.5,0,143,37,196,-0.085,-0.07,13.62,17.519,63.07
944,560,car,0.5643,401.5,62.0,389,51,414,73,-0.085,-0.07,26.967,14.495,52.182
944,563,car,0.6238,198.5,62.0,178,47,219,77,-0.085,-0.07,26.315,21.393,77.015
944,565,car,0.5052,160.0,41.0,143,30,177,52,-0.085,-0.07,35.02,21.935,78.967
944,570,car,0.6972,521.0,122.5,501,105,541,140,-0.085,-0.07,16.551,10.502,37.808
944,575,car,0.8119,451.5,107.0,433,90,470,124,-0.085,-0.07,18.574,12.327,44.379
944,588,car,0.4731,57.0,77.5,28,61,86,94,-0.085,-0.07,22.944,18.725,67.41
944,590,car,0.7261,359.0,171.0,333,148,385,194,-0.085,-0.07,14.121,13.434,48.364
944,594,car,0.8006,614.0,278.5,568,234,660,323,-0.085,-0.07,8.276,6.8,24.481
944,595,car,0.5715,287.0,20.5,277,12,297,29,-0.085,-0.07,44.396,15.053,54.19
945,533,car,0.4208,500.5,38.0,489,27,512,49,-0.082,-0.067,35.833,15.022,54.08
945,560,car,0.5491,402.0,59.5,390,49,414,70,-0.082,-0.067,29.137,15.166,54.599
945,563,car,0.6405,193.5,65.0,173,50,214,80,-0.082,-0.067,26.156,20.797,74.87
945,565,car,0.5562,154.5,43.0,137,32,172,54,-0.082,-0.067,35.0,21.348,76.853
945,570,car,0.7157,519.0,118.0,499,101,539,135,-0.082,-0.067,18.061,11.104,39.975
945,575,car,0.7996,451.5,103.5,434,87,469,120,-0.082,-0.067,20.074,13.035,46.927
945,588,car,0.5609,48.0,81.0,18,64,78,98,-0.082,-0.067,22.515,18.844,67.838
945,590,car,0.5687,361.5,163.0,336,141,387,185,-0.082,-0.067,14.806,14.313,51.525
945,594,car,0.704,608.0,264.5,565,223,651,306,-0.082,-0.067,9.274,7.551,27.183
945,595,car,0.5781,284.5,21.5,274,13,295,30,-0.082,-0.067,44.299,14.856,53.483
946,533,car,0.3833,500.5,37.0,489,26,512,48,-0.068,-0.029,36.96,15.354,55.273
946,560,car,0.5044,403.5,58.0,392,48,415,68,-0.068,-0.029,30.395,16.129,58.065
946,563,car,0.7664,188.5,68.0,167,52,210,84,-0.068,-0.029,25.996,20.032,72.115
946,565,car,0.6206,150.0,45.0,133,34,167,56,-0.068,-0.029,34.921,20.506,73.823
946,570,car,0.7195,516.5,114.5,497,98,536,131,-0.068,-0.029,18.884,11.824,42.568
946,575,car,0.7868,452.0,100.5,434,84,470,117,-0.068,-0.029,20.935,13.831,49.792
946,588,car,0.6496,40.5,83.5,10,67,71,100,-0.068,-0.029,22.132,18.728,67.422
946,590,car,0.7665,364.0,155.5,339,134,389,177,-0.068,-0.029,15.42,15.049,54.178
946,594,car,0.8128,601.5,253.0,560,215,643,291,-0.068,-0.029,9.775,8.244,29.678
946,595,car,0.6504,283.0,23.0,272,15,294,31,-0.068,-0.029,44.043,14.699,52.915
947,533,car,0.4793,500.5,36.0,489,25,512,47,-0.04,-0.043,38.122,16.045,57.76
947,563,car,0.7025,183.5,70.0,162,54,205,86,-0.04,-0.043,26.142,18.909,68.072
947,565,car,0.6112,146.0,46.0,128,35,164,57,-0.04,-0.043,35.003,19.327,69.576
947,570,car,0.7245,515.0,110.5,496,94,534,127,-0.04,-0.043,19.548,12.553,45.19
947,575,car,0.8035,451.5,97.0,434,81,469,113,-0.04,-0.043,21.719,14.644,52.718
947,588,car,0.4021,32.5,87.0,2,70,63,104,-0.04,-0.043,21.638,18.617,67.02
947,590,car,0.4952,367.0,148.0,343,127,391,169,-0.04,-0.043,16.092,15.714,56.569
947,594,car,0.8166,596.0,242.5,557,207,635,278,-0.04,-0.043,10.206,8.852,31.869
947,595,car,0.5942,281.5,23.5,270,15,293,32,-0.04,-0.043,43.984,14.213,51.168
948,533,car,0.34,500.0,35.5,489,25,511,46,-0.064,-0.016,38.917,16.698,60.111
948,563,car,0.7618,178.0,72.5,155,56,201,89,-0.064,-0.016,26.056,17.807,64.107
948,565,car,0.6008,141.5,47.5,123,36,160,59,-0.064,-0.016,34.956,18.157,65.364
948,570,car,0.7551,514.0,107.5,496,91,532,124,-0.064,-0.016,20.084,13.147,47.329
948,575,car,0.8077,451.0,94.0,434,79,468,109,-0.064,-0.016,22.366,15.337,55.214
948,588,car,0.3546,28.0,90.0,0,72,56,108,-0.064,-0.016,21.095,18.548,66.773
948,590,car,0.6833,369.5,142.0,347,122,392,162,-0.064,-0.016,16.709,16.246,58.487
948,594,car,0.7705,591.0,232.5,554,199,628,266,-0.064,-0.016,10.671,9.413,33.886
948,595,car,0.6429,279.0,24.5,267,16,291,33,-0.064,-0.016,43.716,13.816,49.736
948,560,car,0.3556,405.0,53.0,394,42,416,64,-0.064,-0.016,32.756,18.255,65.72
949,533,car,0.3862,500.0,34.0,489,23,511,45,0.031,-0.031,41.147,18.385,66.185
949,563,car,0.6838,172.0,75.0,148,58,196,92,0.031,-0.031,25.933,16.768,60.363
949,565,car,0.6558,136.5,49.0,118,37,155,61,0.031,-0.031,34.8,17.088,61.515
949,570,car,0.6947,513.0,103.5,495,87,531,120,0.031,-0.031,20.813,13.811,49.718
949,575,car,0.7213,451.5,91.0,435,76,468,106,0.031,-0.031,23.057,15.973,57.504
949,588,car,0.3622,22.0,92.5,0,73,44,112,0.031,-0.031,21.268,17.9,64.44
949,590,car,0.742,371.5,135.0,350,116,393,154,0.031,-0.031,17.499,16.836,60.609
949,594,car,0.8188,586.5,223.0,551,191,622,255,0.031,-0.031,11.133,9.923,35.723
949,595,car,0.6616,276.5,26.0,265,17,288,35,0.031,-0.031,43.078,13.723,49.403
949,560,car,0.3692,406.0,51.5,395,41,417,62,0.031,-0.031,33.345,19.627,70.659
950,533,car,0.379,499.5,33.0,489,22,510,44,-0.002,-0.028,42.526,20.106,72.382
950,563,car,0.8078,166.0,78.5,142,61,190,96,-0.002,-0.028,25.366,16.081,57.891
950,565,car,0.6476,132.0,50.5,112,37,152,64,-0.002,-0.028,34.449,16.147,58.129
950,570,car,0.7218,512.0,100.0,494,84,530,116,-0.002,-0.028,21.49,14.437,51.974
950,575,car,0.7223,451.5,88.0,435,73,468,103,-0.002,-0.028,23.731,16.541,59.549
950,588,car,0.325,18.5,96.0,0,76,37,116,-0.002,-0.028,21.367,17.072,61.459
950,590,car,0.7735,374.0,129.5,353,111,395,148,-0.002,-0.028,18.124,17.291,62.248
950,594,car,0.8166,582.0,213.5,548,183,616,244,-0.002,-0.028,11.573,10.378,37.362
950,595,car,0.6438,274.0,27.0,262,18,286,36,-0.002,-0.028,42.674,13.579,48.884
950,560,car,0.3198,406.5,50.0,395,40,418,60,-0.002,-0.028,33.808,20.505,73.817
951,533,car,0.3224,499.0,31.5,488,21,510,42,0.051,-0.045,45.619,23.046,82.965
951,563,car,0.7873,159.0,81.0,134,63,184,99,0.051,-0.045,23.957,16.079,57.885
951,565,car,0.6032,127.0,52.5,106,39,148,66,0.051,-0.045,33.063,16.054,57.793
951,570,car,0.6358,511.0,98.0,493,83,529,113,0.051,-0.045,21.933,14.831,53.392
951,575,car,0.6993,451.0,85.0,435,70,467,100,0.051,-0.045,24.111,16.852,60.666
951,590,car,0.8366,376.0,124.0,356,106,396,142,0.051,-0.045,17.53,16.879,60.764
951,594,car,0.774,579.0,205.5,546,177,612,234,0.051,-0.045,11.525,10.455,37.639
951,595,car,0.6004,272.0,28.0,260,19,284,37,0.051,-0.045,42.215,13.482,48.537
951,560,car,0.4564,406.5,48.0,395,38,418,58,0.051,-0.045,37.037,22.894,82.418
951,621,car,0.771,262.5,413.5,197,355,328,472,0.051,-0.045,5.43,0.0,0.0
952,563,car,0.8241,153.0,83.5,127,64,179,103,0.0,-0.086,23.785,15.838,57.017
952,565,car,0.6485,121.0,54.5,101,41,141,68,0.0,-0.086,32.638,15.957,57.444
952,570,car,0.5203,510.0,95.5,491,81,529,110,0.0,-0.086,22.092,14.915,53.695
952,575,car,0.657,451.0,83.0,435,69,467,97,0.0,-0.086,24.229,16.759,60.334
952,590,car,0.8152,378.0,119.0,358,102,398,136,0.0,-0.086,17.898,16.458,59.25
952,594,car,0.7573,575.0,197.5,544,170,606,225,0.0,-0.086,11.733,10.432,37.555
952,595,car,0.5111,270.0,29.0,258,20,282,38,0.0,-0.086,42.109,13.2,47.52
952,560,car,0.6679,407.0,47.0,396,37,418,57,0.0,-0.086,37.061,24.086,86.71
952,621,car,0.8347,273.0,398.5,211,333,335,464,0.0,-0.086,5.591,0.0,0.0
953,563,car,0.7337,146.0,87.0,120,68,172,106,0.07,-0.07,23.455,15.626,56.252
953,565,car,0.6694,115.5,56.5,95,44,136,69,0.07,-0.07,32.49,15.648,56.331
953,570,car,0.4925,509.5,93.0,491,79,528,107,0.07,-0.07,22.475,14.915,53.693
953,575,car,0.5917,451.0,80.0,435,66,467,94,0.07,-0.07,25.017,16.897,60.828
953,590,car,0.8713,379.5,114.5,360,98,399,131,0.07,-0.07,19.54,16.872,60.739
953,594,car,0.7511,572.5,189.5,542,163,603,216,0.07,-0.07,12.175,10.498,37.794
953,595,car,0.6565,268.0,30.5,256,21,280,40,0.07,-0.07,41.979,12.863,46.307
953,560,car,0.7453,407.5,45.5,396,36,419,55,0.07,-0.07,37.481,24.732,89.033
953,621,car,0.7568,285.5,371.5,229,309,342,434,0.07,-0.07,6.071,0.0,0.0
954,563,car,0.7805,139.5,91.0,112,72,167,110,0.029,-0.078,23.216,15.334,55.201
954,565,car,0.7788,109.0,59.0,88,46,130,72,0.029,-0.078,32.302,15.329,55.183
954,570,car,0.5954,508.5,90.0,491,76,526,104,0.029,-0.078,23.603,15.36,55.295
954,575,car,0.6417,450.5,78.0,435,64,466,92,0.029,-0.078,25.933,17.204,61.936
954,590,car,0.6949,381.0,110.0,362,94,400,126,0.029,-0.078,21.979,18.423,66.322
954,594,car,0.8415,569.0,183.0,539,157,599,209,0.029,-0.078,13.475,11.145,40.122
954,595,car,0.6676,265.5,31.0,253,21,278,41,0.029,-0.078,41.967,12.291,44.248
954,560,car,0.5591,408.0,44.5,397,36,419,53,0.029,-0.078,38.008,24.983,89.939
954,621,car,0.8093,296.0,343.0,244,286,348,400,0.029,-0.078,7.661,0.0,0.0
955,563,car,0.8376,131.5,94.5,103,74,160,115,-0.017,-0.015,23.123,14.902,53.647
955,565,car,0.7698,103.0,62.0,81,49,125,75,-0.017,-0.015,32.012,15.004,54.014
955,570,car,0.5974,506.0,88.0,490,75,522,101,-0.017,-0.015,24.834,16.135,58.085
955,575,car,0.6667,450.5,75.5,435,62,466,89,-0.017,-0.015,27.931,18.411,66.281
955,590,car,0.5581,382.0,105.0,364,89,400,121,-0.017,-0.015,23.099,19.916,71.697
955,594,car,0.7912,566.0,177.0,537,152,595,202,-0.017,-0.015,14.675,12.163,43.787
955,595,car,0.5891,262.5,33.5,250,24,275,43,-0.017,-0.015,41.745,12.044,43.358
955,560,car,0.5884,408.0,42.5,397,33,419,52,-0.017,-0.015,40.219,26.174,94.227
955,621,car,0.8143,305.5,317.5,258,267,353,368,-0.017,-0.015,8.316,8.98,32.328
956,563,car,0.7726,122.0,98.0,93,77,151,119,0.039,-0.159,22.974,14.514,52.251
956,565,car,0.7676,96.5,63.5,75,50,118,77,0.039,-0.159,32.038,14.431,51.951
956,570,car,0.524,504.5,85.5,489,72,520,99,0.039,-0.159,25.966,17.112,61.605
956,575,car,0.7324,450.5,73.0,436,60,465,86,0.039,-0.159,29.524,19.945,71.801
956,590,car,0.6546,383.5,101.0,366,85,401,117,0.039,-0.159,23.923,21.088,75.917
956,594,car,0.6865,563.0,170.5,535,147,591,194,0.039,-0.159,15.367,13.101,47.165
956,595,car,0.6762,259.5,35.0,247,25,272,45,0.039,-0.159,41.572,11.67,42.013
956,560,car,0.5614,409.0,42.0,398,33,420,51,0.039,-0.159,41.155,26.996,97.185
956,621,car,0.71,313.5,296.0,269,250,358,342,0.039,-0.159,8.919,10.095,36.342
957,563,car,0.8011,114.0,102.5,83,81,145,124,0.001,-0.043,22.584,14.157,50.965
957,565,car,0.7646,90.5,65.5,68,52,113,79,0.001,-0.043,31.861,13.837,49.815
957,570,car,0.4985,503.5,83.5,489,70,518,97,0.001,-0.043,26.868,18.047,64.968
957,575,car,0.6538,450.5,71.0,436,59,465,83,0.001,-0.043,30.446,21.231,76.432
957,590,car,0.655,384.5,97.0,367,81,402,113,0.001,-0.043,24.731,22.032,79.316
957,594,car,0.7708,559.5,164.5,533,141,586,188,0.001,-0.043,15.886,13.84,49.824
957,595,car,0.6854,257.0,37.0,244,27,270,47,0.001,-0.043,41.212,11.392,41.013
957,560,car,0.5041,409.5,40.5,399,32,420,49,0.001,-0.043,42.913,28.253,101.712
957,621,car,0.671,320.5,277.5,280,236,361,319,0.001,-0.043,9.547,11.139,40.1
958,563,car,0.7765,105.0,106.5,73,84,137,129,0.003,-0.112,21.873,14.049,50.578
958,565,car,0.7436,84.0,67.5,60,53,108,82,0.003,-0.112,31.228,13.545,48.763
958,570,car,0.5358,502.5,81.0,488,68,517,94,0.003,-0.112,27.734,18.922,68.119
958,575,car,0.7161,451.0,68.5,437,56,465,81,0.003,-0.112,31.294,22.287,80.232
958,590,car,0.6019,385.0,93.5,367,78,403,109,0.003,-0.112,25.503,22.74,81.863
958,594,car,0.7343,557.0,158.5,531,136,583,181,0.003,-0.112,16.404,14.427,51.939
958,595,car,0.7219,253.5,38.0,240,28,267,48,0.003,-0.112,40.678,11.284,40.623
958,560,car,0.5315,410.0,39.5,400,32,420,47,0.003,-0.112,43.922,29.183,105.059
958,621,car,0.5511,326.5,260.5,288,223,365,298,0.003,-0.112,10.221,12.185,43.866
959,563,car,0.8134,94.5,111.0,61,88,128,134,-0.03,0.019,21.161,14.18,51.05
959,565,car,0.7664,76.5,70.0,52,56,101,84,-0.03,0.019,30.422,13.609,48.991
959,570,car,0.6454,500.5,78.0,486,65,515,91,-0.03,0.019,28.74,19.844,71.44
959,575,car,0.6426,451.0,66.5,437,54,465,79,-0.03,0.019,31.96,23.0,82.801
959,590,car,0.6551,385.5,91.0,367,77,404,105,-0.03,0.019,26.152,23.167,83.403
959,594,car,0.7674,555.5,153.0,530,131,581,175,-0.03,0.019,16.96,14.919,53.708
959,595,car,0.6614,250.5,40.0,237,30,264,50,-0.03,0.019,39.658,11.669,42.008
959,560,car,0.4952,410.0,38.5,400,31,420,46,-0.03,0.019,44.711,29.758,107.13
959,621,car,0.5667,332.0,245.0,295,210,369,280,-0.03,0.019,10.885,13.178,47.442
960,563,car,0.7102,85.5,116.5,50,93,121,140,-0.029,-0.047,20.211,14.596,52.547
960,565,car,0.7153,68.5,72.5,43,58,94,87,-0.029,-0.047,29.312,14.08,50.687
960,570,car,0.5542,500.0,75.5,486,62,514,89,-0.029,-0.047,29.569,20.623,74.241
960,575,car,0.6819,450.5,64.5,436,52,465,77,-0.029,-0.047,32.675,23.486,84.551
960,590,car,0.7088,386.5,87.5,368,73,405,102,-0.029,-0.047,27.127,23.652,85.147
960,594,car,0.8087,552.5,148.0,528,127,577,169,-0.029,-0.047,17.568,15.334,55.204
960,595,car,0.6661,248.0,41.0,234,31,262,51,-0.029,-0.047,39.092,11.991,43.166
960,560,car,0.3697,411.0,37.5,401,31,421,44,-0.029,-0.047,45.395,29.969,107.89
960,621,car,0.5777,337.5,231.5,303,199,372,264,-0.029,-0.047,11.528,14.028,50.5
961,563,car,0.738,74.0,121.0,37,96,111,146,0.068,-0.006,19.341,15.118,54.426
961,565,car,0.5909,62.5,75.0,38,61,87,89,0.068,-0.006,28.014,14.945,53.803
961,570,car,0.5906,499.0,72.5,485,59,513,86,0.068,-0.006,27.167,19.187,69.075
961,575,car,0.5958,451.0,63.0,437,51,465,75,0.068,-0.006,29.478,21.184,76.261
961,590,car,0.5607,389.0,84.0,372,70,406,98,0.068,-0.006,23.886,21.422,77.118
961,594,car,0.8068,550.5,143.0,527,123,574,163,0.068,-0.006,15.65,14.098,50.753
961,595,car,0.755,245.0,42.5,230,32,260,53,0.068,-0.006,35.808,14.204,51.134
961,621,car,0.5326,342.0,219.0,309,189,375,249,0.068,-0.006,10.668,12.635,45.485
961,627,car,0.4879,86.0,52.5,64,41,108,64,0.068,-0.006,35.723,0.0,0.0
962,563,car,0.6629,63.0,126.5,24,101,102,152,-0.019,-0.028,19.019,15.436,55.568
962,570,car,0.7933,498.5,70.0,485,57,512,83,-0.019,-0.028,27.141,17.701,63.722
962,575,car,0.6202,451.5,61.0,438,49,465,73,-0.019,-0.028,29.557,19.151,68.945
962,590,car,0.58,390.5,82.0,375,69,406,95,-0.019,-0.028,23.859,19.238,69.258
962,594,car,0.7982,548.5,138.5,525,119,572,158,-0.019,-0.028,15.817,13.003,46.811
962,595,car,0.7406,242.0,44.5,227,34,257,55,-0.019,-0.028,35.443,15.791,56.847
962,621,car,0.7264,346.5,207.0,315,178,378,236,-0.019,-0.028,10.942,12.234,44.044
963,563,car,0.7314,50.5,132.0,10,105,91,159,-0.09,-0.067,18.78,15.546,55.965
963,570,car,0.729,498.0,68.5,484,56,512,81,-0.09,-0.067,27.276,16.276,58.595
963,575,car,0.7271,451.5,59.5,438,48,465,71,-0.09,-0.067,29.692,17.319,62.348
963,590,car,0.7522,392.5,79.0,378,66,407,92,-0.09,-0.067,24.178,17.53,63.108
963,594,car,0.8353,547.5,134.0,525,115,570,153,-0.09,-0.067,16.164,12.168,43.803
963,595,car,0.7646,238.0,45.5,223,35,253,56,-0.09,-0.067,35.36,16.579,59.685
963,621,car,0.7661,350.5,196.0,321,168,380,224,-0.09,-0.067,12.261,12.509,45.032
963,565,car,0.4641,45.0,80.5,18,65,72,96,-0.09,-0.067,27.709,16.266,58.557
964,563,car,0.7045,39.5,137.5,0,109,79,166,-0.057,0.014,18.575,15.415,55.496
964,570,car,0.8099,497.0,67.5,483,55,511,80,-0.057,0.014,27.708,15.16,54.576
964,575,car,0.6875,451.5,58.0,438,47,465,69,-0.057,0.014,30.024,15.85,57.058
964,590,car,0.7222,393.5,76.0,379,63,408,89,-0.057,0.014,27.092,17.82,64.152
964,594,car,0.8082,545.0,130.0,523,111,567,149,-0.057,0.014,17.266,12.002,43.209
964,595,car,0.7946,235.0,47.5,220,37,250,58,-0.057,0.014,35.294,16.9,60.839
964,621,car,0.7472,353.0,187.0,325,160,381,214,-0.057,0.014,14.035,13.572,48.858
964,565,car,0.2685,35.0,84.0,6,69,64,99,-0.057,0.014,27.606,16.399,59.036
964,560,car,0.2791,412.5,32.0,403,24,422,40,-0.057,0.014,43.08,28.476,102.513
965,563,car,0.3161,34.0,144.0,0,115,68,173,0.003,-0.0,17.861,15.523,55.882
965,570,car,0.7857,496.0,66.0,482,54,510,78,0.003,-0.0,28.894,14.832,53.395
965,575,car,0.654,451.5,55.5,438,44,465,67,0.003,-0.0,31.742,15.649,56.337
965,590,car,0.6786,394.5,73.5,380,61,409,86,0.003,-0.0,28.866,18.808,67.708
965,594,car,0.7944,543.5,126.0,522,108,565,144,0.003,-0.0,18.871,12.687,45.675
965,595,car,0.7219,231.5,50.0,216,39,247,61,0.003,-0.0,35.226,16.886,60.79
965,621,car,0.6892,355.5,178.5,329,153,382,204,0.003,-0.0,14.755,14.524,52.287
965,560,car,0.387,412.5,31.0,403,23,422,39,0.003,-0.0,44.342,27.139,97.701
966,563,car,0.5706,26.5,151.5,0,121,53,182,-0.016,0.007,17.142,15.774,56.786
966,570,car,0.6382,496.0,64.5,482,53,510,76,-0.016,0.007,30.057,15.062,54.224
966,575,car,0.56,451.0,54.0,438,43,464,65,-0.016,0.007,33.678,16.41,59.074
966,590,car,0.6504,395.0,70.5,381,58,409,83,-0.016,0.007,30.262,20.077,72.277
966,594,car,0.8107,542.0,122.5,521,105,563,140,-0.016,0.007,19.845,13.549,48.777
966,595,car,0.6533,227.5,52.0,211,41,244,63,-0.016,0.007,35.194,16.522,59.481
966,621,car,0.6939,358.5,169.5,333,145,384,194,-0.016,0.007,15.501,15.413,55.485
966,560,car,0.3772,413.0,30.0,403,22,423,38,-0.016,0.007,46.189,26.829,96.583
966,565,car,0.4075,21.0,90.5,0,74,42,107,-0.016,0.007,27.061,17.004,61.213
967,563,car,0.3954,19.5,156.0,0,127,39,185,-0.054,0.011,17.486,15.265,54.953
967,570,car,0.679,495.5,63.0,481,51,510,75,-0.054,0.011,31.287,15.723,56.603
967,575,car,0.465,451.0,52.5,438,42,464,63,-0.054,0.011,35.345,17.726,63.815
967,590,car,0.547,396.0,68.0,382,56,410,80,-0.054,0.011,31.111,21.113,76.007
967,594,car,0.7448,540.5,119.5,519,102,562,137,-0.054,0.011,20.47,14.284,51.424
967,595,car,0.7277,224.0,54.0,207,42,241,66,-0.054,0.011,35.146,15.944,57.397
967,621,car,0.7241,361.0,162.0,336,140,386,184,-0.054,0.011,16.218,16.184,58.262
967,560,car,0.3721,413.0,28.5,403,20,423,37,-0.054,0.011,48.485,27.613,99.407
967,565,car,0.2849,19.0,93.5,0,76,38,111,-0.054,0.011,26.816,16.869,60.727
968,563,car,0.5261,12.5,160.5,0,135,25,186,-0.011,-0.021,17.236,14.735,53.046
968,570,car,0.6771,495.5,62.0,481,51,510,73,-0.011,-0.021,31.887,16.242,58.47
968,575,car,0.5687,451.0,51.0,439,40,463,62,-0.011,-0.021,36.287,18.927,68.136
968,590,car,0.6448,396.0,65.0,382,53,410,77,-0.011,-0.021,31.971,22.013,79.248
968,594,car,0.8487,539.0,115.5,518,99,560,132,-0.011,-0.021,21.177,15.005,54.02
968,595,car,0.7962,220.0,56.0,203,44,237,68,-0.011,-0.021,35.085,15.284,55.024
968,621,car,0.5917,363.5,154.5,340,132,387,177,-0.011,-0.021,16.884,16.845,60.641
968,560,car,0.3,414.0,27.5,404,20,424,35,-0.011,-0.021,49.892,28.492,102.572
968,565,car,0.3048,15.0,95.0,0,77,30,113,-0.011,-0.021,26.936,16.143,58.115
969,570,car,0.6737,495.0,60.5,480,49,510,72,-0.02,-0.016,32.781,16.884,60.781
969,575,car,0.6131,451.0,49.5,439,38,463,61,-0.02,-0.016,37.032,19.889,71.599
969,590,car,0.7182,397.0,63.5,383,52,411,75,-0.02,-0.016,32.491,22.469,80.89
969,594,car,0.7761,537.0,111.5,517,95,557,128,-0.02,-0.016,21.883,15.677,56.438
969,595,car,0.6546,215.5,57.5,198,45,233,70,-0.02,-0.016,34.41,14.891,53.608
969,621,car,0.7087,365.0,148.0,341,127,389,169,-0.02,-0.016,17.567,17.405,62.659
970,570,car,0.6417,494.5,58.5,480,48,509,69,-0.007,-0.004,33.674,17.61,63.398
970,575,car,0.5754,451.0,49.0,439,38,463,60,-0.007,-0.004,37.225,20.225,72.809
970,590,car,0.647,398.0,62.0,384,51,412,73,-0.007,-0.004,33.029,22.669,81.607
970,594,car,0.7117,535.5,108.5,516,92,555,125,-0.007,-0.004,22.46,16.187,58.275
970,595,car,0.5318,210.5,60.0,192,48,229,72,-0.007,-0.004,33.399,15.036,54.13
970,621,car,0.8245,368.5,142.0,346,122,391,162,-0.007,-0.004,18.336,17.94,64.584
971,570,car,0.6114,494.5,56.5,480,46,509,67,-0.008,-0.048,29.991,15.41,55.475
971,575,car,0.5525,450.5,47.0,439,37,462,57,-0.008,-0.048,32.829,17.58,63.288
971,590,car,0.6108,398.0,60.0,384,49,412,71,-0.008,-0.048,28.662,19.612,70.603
971,594,car,0.8038,534.5,105.0,516,89,553,121,-0.008,-0.048,18.909,14.161,50.98
971,595,car,0.6388,206.0,62.0,187,50,225,74,-0.008,-0.048,24.514,19.547,70.369
971,621,car,0.6015,371.5,136.0,350,117,393,155,-0.008,-0.048,15.316,16.112,58.003
972,570,car,0.6055,493.0,54.5,480,43,506,66,0.014,-0.016,30.068,13.626,49.055
972,575,car,0.5862,450.5,45.5,439,36,462,55,0.014,-0.016,32.909,15.232,54.834
972,590,car,0.6792,399.0,58.0,386,48,412,68,0.014,-0.016,28.493,17.043,61.354
972,594,car,0.747,533.0,101.5,515,86,551,117,0.014,-0.016,19.021,12.482,44.934
972,595,car,0.5968,201.0,64.5,181,52,221,77,0.014,-0.016,24.344,23.544,84.759
972,621,car,0.7718,373.5,130.5,353,112,394,149,0.014,-0.016,15.581,14.593,52.533
973,570,car,0.5556,491.5,52.5,479,41,504,64,0.001,-0.011,30.27,12.169,43.807
973,575,car,0.5843,451.0,43.5,440,34,462,53,0.001,-0.011,33.137,13.378,48.16
973,590,car,0.6786,400.0,56.0,387,46,413,66,0.001,-0.011,28.794,14.915,53.695
973,594,car,0.8041,531.5,99.5,513,84,550,115,0.001,-0.011,19.265,10.984,39.541
973,595,car,0.6766,196.5,67.0,176,54,217,80,0.001,-0.011,24.17,26.039,93.739
973,621,car,0.6778,375.5,125.0,356,107,395,143,0.001,-0.011,16.277,13.62,49.032
974,570,car,0.6257,490.0,51.0,478,39,502,63,0.005,-0.018,30.875,11.164,40.192
974,575,car,0.571,451.0,42.5,440,33,462,52,0.005,-0.018,33.46,11.756,42.323
974,590,car,0.6132,400.0,53.5,387,43,413,64,0.005,-0.018,30.656,14.209,51.151
974,594,car,0.8156,530.0,96.0,512,81,548,111,0.005,-0.018,20.039,10.213,36.766
974,595,car,0.7295,191.5,69.5,171,56,212,83,0.005,-0.018,24.05,27.328,98.382
974,621,car,0.7605,377.0,120.5,358,103,396,138,0.005,-0.018,18.348,13.929,50.146
975,570,car,0.6383,489.0,49.5,477,38,501,61,-0.032,-0.01,32.696,11.386,40.989
975,575,car,0.5053,451.0,41.5,440,32,462,51,-0.032,-0.01,34.128,10.763,38.748
975,590,car,0.6781,400.5,52.5,388,42,413,63,-0.032,-0.01,31.726,14.014,50.449
975,594,car,0.7798,529.0,93.0,511,78,547,108,-0.032,-0.01,21.551,10.394,37.417
975,595,car,0.8021,186.5,72.5,165,58,208,87,-0.032,-0.01,24.085,27.653,99.55
975,621,car,0.7108,379.0,115.5,360,99,398,132,-0.032,-0.01,19.902,14.897,53.63
976,570,car,0.6223,488.5,48.0,477,37,500,59,-0.038,0.007,34.349,12.418,44.703
976,575,car,0.5395,451.0,40.5,440,31,462,50,-0.038,0.007,35.209,10.537,37.932
976,590,car,0.6993,402.0,50.5,390,40,414,61,-0.038,0.007,33.637,14.915,53.692
976,594,car,0.7601,528.0,91.0,511,77,545,105,-0.038,0.007,22.47,10.88,39.17
976,595,car,0.7942,181.0,75.5,158,61,204,90,-0.038,0.007,24.267,27.145,97.724
976,621,car,0.6855,381.0,111.5,362,95,400,128,-0.038,0.007,20.768,15.832,56.997
977,570,car,0.7244,487.5,47.0,476,36,499,58,0.013,-0.034,35.361,13.545,48.762
977,575,car,0.4013,451.0,39.0,440,30,462,48,0.013,-0.034,37.297,11.584,41.703
977,590,car,0.7233,403.0,49.0,391,39,415,59,0.013,-0.034,34.845,16.026,57.694
977,594,car,0.7371,527.5,88.5,511,74,544,103,0.013,-0.034,23.498,11.706,42.142
977,595,car,0.7538,175.5,78.0,151,63,200,93,0.013,-0.034,24.336,26.111,94.001
977,621,car,0.5688,382.0,106.0,364,89,400,123,0.013,-0.034,21.792,16.899,60.836
978,570,car,0.6672,487.0,46.5,476,36,498,57,-0.005,-0.046,35.905,14.408,51.867
978,575,car,0.4263,451.0,38.0,440,29,462,47,-0.005,-0.046,38.392,12.804,46.095
978,590,car,0.7486,403.5,47.0,392,37,415,57,-0.005,-0.046,35.818,17.171,61.815
978,594,car,0.7363,525.5,86.0,509,72,542,100,-0.005,-0.046,24.316,12.591,45.326
978,595,car,0.597,170.0,80.5,145,65,195,96,-0.005,-0.046,24.308,24.811,89.319
978,621,car,0.6152,383.5,102.0,365,85,402,119,-0.005,-0.046,22.536,17.768,63.964
979,570,car,0.6506,486.5,46.0,475,37,498,55,-0.023,0.013,36.259,14.954,53.836
979,575,car,0.4066,451.0,36.5,440,27,462,46,-0.023,0.013,39.789,14.394,51.817
979,590,car,0.7607,404.5,45.5,393,36,416,55,-0.023,0.013,36.454,18.037,64.933
979,594,car,0.7201,525.0,84.5,509,71,541,98,-0.023,0.013,24.762,13.238,47.657
979,595,car,0.7574,162.5,84.0,137,69,188,99,-0.023,0.013,24.133,23.542,84.75
979,621,car,0.7468,384.0,97.5,366,81,402,114,-0.023,0.013,23.296,18.549,66.775
980,570,car,0.6621,486.5,44.5,475,35,498,54,-0.014,0.006,37.359,15.825,56.97
980,575,car,0.6568,451.0,35.0,440,26,462,44,-0.014,0.006,40.832,15.938,57.376
980,590,car,0.6617,404.5,43.5,393,34,416,53,-0.014,0.006,37.223,18.822,67.761
980,594,car,0.7254,523.5,82.0,507,69,540,95,-0.014,0.006,25.521,13.953,50.23
980,595,car,0.7772,155.5,87.5,130,72,181,103,-0.014,0.006,23.442,22.557,81.204
980,621,car,0.7889,385.0,94.5,367,79,403,110,-0.014,0.006,23.791,18.999,68.395
981,570,car,0.6733,486.0,43.5,474,34,498,53,-0.05,0.03,31.746,14.654,52.753
981,575,car,0.4884,451.0,34.0,440,25,462,43,-0.05,0.03,35.448,14.111,50.798
981,590,car,0.7019,405.0,42.5,393,33,417,52,-0.05,0.03,31.396,17.042,61.351
981,594,car,0.8132,523.0,80.5,507,67,539,94,-0.05,0.03,20.04,13.291,47.846
981,595,car,0.8125,148.0,91.0,122,75,174,107,-0.05,0.03,17.704,25.208,90.75
981,621,car,0.7402,385.5,91.5,367,77,404,106,-0.05,0.03,18.259,17.15,61.741
982,570,car,0.707,486.0,42.0,474,33,498,51,-0.019,-0.043,32.038,13.276,47.793
982,575,car,0.6428,451.0,33.5,440,25,462,42,-0.019,-0.043,35.534,12.415,44.693
982,590,car,0.7829,406.0,41.0,394,32,418,50,-0.019,-0.043,31.603,15.26,54.935
982,594,car,0.8337,522.0,77.5,506,64,538,91,-0.019,-0.043,20.213,12.422,44.719
982,595,car,0.7606,141.0,94.5,114,78,168,111,-0.019,-0.043,17.517,26.699,96.116
982,621,car,0.7108,387.0,88.5,369,74,405,103,-0.019,-0.043,18.377,15.385,55.385
983,570,car,0.68,486.0,41.0,474,32,498,50,-0.004,0.066,32.244,11.849,42.655
983,575,car,0.4846,451.0,32.5,440,24,462,41,-0.004,0.066,35.746,10.833,38.997
983,590,car,0.682,406.5,40.0,395,31,418,49,-0.004,0.066,31.697,13.553,48.79
983,594,car,0.758,521.5,75.0,506,62,537,88,-0.004,0.066,20.378,11.402,41.047
983,595,car,0.79,133.0,98.5,106,81,160,116,-0.004,0.066,17.324,27.302,98.286
983,621,car,0.6272,388.5,85.5,371,72,406,99,-0.004,0.066,18.726,13.608,48.989
984,570,car,0.7445,485.0,39.5,473,31,497,48,0.02,-0.006,33.074,10.431,37.553
984,575,car,0.6087,451.0,32.0,440,23,462,41,0.02,-0.006,35.871,9.329,33.584
984,590,car,0.727,407.0,38.0,396,29,418,47,0.02,-0.006,32.55,11.925,42.931
984,594,car,0.6789,520.5,73.0,505,60,536,86,0.02,-0.006,21.147,10.007,36.026
984,595,car,0.7997,124.0,102.5,95,85,153,120,0.02,-0.006,17.264,27.162,97.782
984,621,car,0.639,390.5,82.5,374,69,407,96,0.02,-0.006,20.431,12.491,44.969
